Person1_Age,Person2_Age,Person1_Gender,Person2_Gender,Same_Last_Name,Marital_Status,Living_Together_Duration,Household_Role_P1,Household_Role_P2,Relationship_Label
61,3,Male,Female,Yes,Single,8.7,Grandfather,Granddaughter,Grandfather-Granddaughter
64,8,Female,Female,Yes,Married,7.0,Grandmother,Granddaughter,Grandmother-Granddaughter
61,23,Male,Male,Yes,Single,27.2,Father,Son,Father-Son
67,33,Male,Male,No,Single,2.2,Roommate,Roommate,Unrelated
63,11,Female,Male,Yes,Single,26.8,Mother,Son,Mother-Son
29,11,Female,Female,Yes,Divorced,2.8,Mother,Daughter,Mother-Daughter
61,18,Male,Female,Yes,Widowed,12.7,Grandfather,Granddaughter,Grandfather-Granddaughter
62,44,Male,Female,Yes,Married,18.8,Father,Daughter,Father-Daughter
45,23,Female,Male,Yes,Divorced,3.0,Mother,Son,Mother-Son
52,6,Female,Male,Yes,Single,9.2,Grandmother,Grandson,Grandmother-Grandson
51,18,Male,Male,Yes,Married,22.8,Father,Son,Father-Son
39,32,Male,Female,Yes,Single,15.9,Brother,Sister,Brother-Sister
61,13,Male,Male,Yes,Married,2.4,Father,Son,Father-Son
66,48,Female,Male,No,Single,6.0,Roommate,Roommate,Unrelated
31,10,Female,Female,Yes,Widowed,7.3,Mother,Daughter,Mother-Daughter
54,1,Female,Male,Yes,Widowed,1.6,Mother,Son,Mother-Son
63,26,Male,Male,Yes,Single,2.8,Father,Son,Father-Son
58,4,Female,Female,Yes,Single,7.2,Grandmother,Granddaughter,Grandmother-Granddaughter
56,10,Female,Female,Yes,Single,25.9,Grandmother,Granddaughter,Grandmother-Granddaughter
56,44,Male,Female,No,Single,23.3,Roommate,Roommate,Unrelated
25,0,Female,Female,Yes,Widowed,8.8,Mother,Daughter,Mother-Daughter
52,4,Female,Female,Yes,Married,19.9,Grandmother,Granddaughter,Grandmother-Granddaughter
18,20,Male,Male,Yes,Single,21.9,Roommate,Roommate,Unrelated
69,28,Female,Female,Yes,Divorced,18.2,Grandmother,Granddaughter,Grandmother-Granddaughter
30,4,Female,Female,Yes,Married,18.1,Mother,Daughter,Mother-Daughter
12,4,Female,Female,Yes,Single,13.4,Sister,Sister,Sister-Sister
81,27,Female,Female,Yes,Divorced,3.6,Grandmother,Granddaughter,Grandmother-Granddaughter
44,68,Female,Male,No,Single,26.9,Roommate,Roommate,Unrelated
78,15,Male,Male,Yes,Divorced,29.3,Grandfather,Grandson,Grandfather-Grandson
51,41,Female,Female,Yes,Single,8.8,Sister,Sister,Sister-Sister
10,3,Male,Female,Yes,Single,11.1,Brother,Sister,Brother-Sister
58,4,Male,Female,Yes,Married,23.1,Father,Daughter,Father-Daughter
74,14,Female,Male,Yes,Married,8.0,Grandmother,Grandson,Grandmother-Grandson
50,14,Female,Female,Yes,Married,14.7,Grandmother,Granddaughter,Grandmother-Granddaughter
22,69,Female,Female,No,Single,7.0,Roommate,Roommate,Unrelated
69,6,Female,Male,Yes,Single,4.0,Grandmother,Grandson,Grandmother-Grandson
34,24,Male,Female,Yes,Single,3.0,Brother,Sister,Brother-Sister
33,28,Male,Male,Yes,Single,19.9,Brother,Brother,Brother-Brother
87,48,Female,Male,Yes,Married,28.3,Grandmother,Grandson,Grandmother-Grandson
60,69,Male,Female,Yes,Married,3.6,Husband,Wife,Husband-Wife
53,17,Female,Female,Yes,Single,6.8,Grandmother,Granddaughter,Grandmother-Granddaughter
53,62,Female,Female,Yes,Single,28.7,Sister,Sister,Sister-Sister
65,26,Male,Female,Yes,Divorced,3.6,Grandfather,Granddaughter,Grandfather-Granddaughter
36,1,Male,Male,Yes,Single,22.6,Father,Son,Father-Son
49,41,Male,Female,No,Single,7.7,Roommate,Roommate,Unrelated
84,49,Female,Male,Yes,Married,16.4,Grandmother,Grandson,Grandmother-Grandson
37,1,Male,Female,Yes,Widowed,19.9,Father,Daughter,Father-Daughter
45,15,Female,Male,Yes,Single,6.0,Mother,Son,Mother-Son
80,8,Female,Male,Yes,Single,20.7,Grandmother,Grandson,Grandmother-Grandson
57,55,Male,Female,Yes,Single,10.5,Brother,Sister,Brother-Sister
51,14,Male,Male,Yes,Widowed,24.3,Father,Son,Father-Son
42,16,Female,Female,Yes,Single,21.4,Mother,Daughter,Mother-Daughter
55,7,Female,Female,Yes,Married,8.8,Grandmother,Granddaughter,Grandmother-Granddaughter
38,13,Female,Male,Yes,Widowed,24.8,Mother,Son,Mother-Son
66,4,Male,Male,Yes,Widowed,13.5,Father,Son,Father-Son
67,26,Male,Male,Yes,Divorced,28.5,Grandfather,Grandson,Grandfather-Grandson
49,56,Male,Female,Yes,Single,13.2,Brother,Sister,Brother-Sister
34,22,Male,Female,Yes,Married,5.5,Husband,Wife,Husband-Wife
67,5,Female,Male,Yes,Divorced,10.6,Grandmother,Grandson,Grandmother-Grandson
59,23,Male,Male,Yes,Widowed,4.6,Father,Son,Father-Son
78,39,Female,Female,Yes,Single,25.5,Grandmother,Granddaughter,Grandmother-Granddaughter
71,11,Female,Female,Yes,Single,23.2,Grandmother,Granddaughter,Grandmother-Granddaughter
26,18,Male,Female,Yes,Married,21.2,Husband,Wife,Husband-Wife
61,5,Female,Female,Yes,Widowed,11.9,Grandmother,Granddaughter,Grandmother-Granddaughter
74,39,Female,Female,Yes,Divorced,23.0,Grandmother,Granddaughter,Grandmother-Granddaughter
45,51,Male,Female,Yes,Married,27.8,Husband,Wife,Husband-Wife
67,14,Male,Female,Yes,Divorced,2.5,Father,Daughter,Father-Daughter
36,0,Female,Female,Yes,Divorced,27.6,Mother,Daughter,Mother-Daughter
80,20,Female,Male,Yes,Divorced,2.7,Grandmother,Grandson,Grandmother-Grandson
26,61,Female,Female,No,Single,16.7,Roommate,Roommate,Unrelated
65,25,Male,Male,Yes,Widowed,19.0,Father,Son,Father-Son
50,7,Female,Male,Yes,Widowed,16.8,Grandmother,Grandson,Grandmother-Grandson
25,20,Male,Male,Yes,Single,20.3,Brother,Brother,Brother-Brother
62,62,Male,Female,Yes,Married,11.6,Husband,Wife,Husband-Wife
25,32,Female,Female,Yes,Single,12.9,Sister,Sister,Sister-Sister
62,0,Female,Female,Yes,Married,26.7,Grandmother,Granddaughter,Grandmother-Granddaughter
67,38,Male,Female,Yes,Divorced,27.4,Father,Daughter,Father-Daughter
71,1,Male,Male,Yes,Widowed,23.3,Grandfather,Grandson,Grandfather-Grandson
55,3,Female,Male,Yes,Married,26.8,Grandmother,Grandson,Grandmother-Grandson
82,28,Female,Male,Yes,Single,5.8,Grandmother,Grandson,Grandmother-Grandson
59,24,Female,Male,Yes,Single,9.2,Mother,Son,Mother-Son
82,5,Female,Female,Yes,Married,5.8,Grandmother,Granddaughter,Grandmother-Granddaughter
35,11,Male,Female,Yes,Single,16.6,Father,Daughter,Father-Daughter
79,18,Male,Male,Yes,Widowed,28.3,Grandfather,Grandson,Grandfather-Grandson
30,26,Female,Female,Yes,Single,24.7,Sister,Sister,Sister-Sister
86,44,Male,Female,Yes,Married,28.1,Grandfather,Granddaughter,Grandfather-Granddaughter
58,15,Female,Female,Yes,Married,13.4,Grandmother,Granddaughter,Grandmother-Granddaughter
9,14,Male,Male,Yes,Single,2.9,Brother,Brother,Brother-Brother
47,40,Male,Female,Yes,Married,10.6,Husband,Wife,Husband-Wife
68,59,Male,Female,No,Single,6.3,Roommate,Roommate,Unrelated
15,11,Male,Male,Yes,Single,24.3,Brother,Brother,Brother-Brother
70,31,Male,Female,Yes,Widowed,2.5,Father,Daughter,Father-Daughter
45,45,Female,Female,Yes,Single,6.3,Sister,Sister,Sister-Sister
56,54,Female,Female,Yes,Single,19.2,Sister,Sister,Sister-Sister
38,16,Female,Female,Yes,Married,8.6,Mother,Daughter,Mother-Daughter
58,30,Male,Male,Yes,Divorced,3.4,Father,Son,Father-Son
68,0,Female,Female,Yes,Married,2.3,Grandmother,Granddaughter,Grandmother-Granddaughter
39,0,Female,Female,Yes,Widowed,3.5,Mother,Daughter,Mother-Daughter
56,22,Female,Female,Yes,Single,2.5,Mother,Daughter,Mother-Daughter
64,14,Female,Female,Yes,Widowed,18.0,Mother,Daughter,Mother-Daughter
26,34,Male,Female,Yes,Single,10.9,Brother,Sister,Brother-Sister
44,48,Male,Male,Yes,Single,16.9,Brother,Brother,Brother-Brother
59,34,Female,Female,No,Single,20.0,Roommate,Roommate,Unrelated
48,53,Male,Female,Yes,Single,24.3,Brother,Sister,Brother-Sister
77,2,Female,Male,Yes,Married,6.3,Grandmother,Grandson,Grandmother-Grandson
67,40,Female,Female,No,Single,15.7,Roommate,Roommate,Unrelated
50,42,Female,Female,Yes,Single,17.2,Sister,Sister,Sister-Sister
53,0,Male,Female,Yes,Single,1.4,Grandfather,Granddaughter,Grandfather-Granddaughter
83,18,Male,Male,Yes,Single,28.2,Grandfather,Grandson,Grandfather-Grandson
48,47,Male,Male,No,Single,5.1,Roommate,Roommate,Unrelated
86,47,Female,Male,Yes,Widowed,5.8,Grandmother,Grandson,Grandmother-Grandson
34,15,Female,Female,Yes,Widowed,0.8,Mother,Daughter,Mother-Daughter
16,6,Male,Male,Yes,Single,1.1,Brother,Brother,Brother-Brother
84,2,Male,Male,Yes,Divorced,23.9,Grandfather,Grandson,Grandfather-Grandson
35,26,Male,Male,Yes,Single,13.5,Brother,Brother,Brother-Brother
57,53,Male,Male,Yes,Single,17.4,Brother,Brother,Brother-Brother
33,12,Male,Male,Yes,Single,6.0,Father,Son,Father-Son
20,30,Male,Male,Yes,Single,18.0,Brother,Brother,Brother-Brother
51,35,Male,Male,No,Single,6.9,Roommate,Roommate,Unrelated
52,12,Male,Female,Yes,Divorced,18.9,Grandfather,Granddaughter,Grandfather-Granddaughter
53,52,Male,Male,Yes,Single,5.9,Brother,Brother,Brother-Brother
80,32,Female,Male,Yes,Married,29.9,Grandmother,Grandson,Grandmother-Grandson
45,23,Male,Male,Yes,Widowed,11.9,Father,Son,Father-Son
38,37,Female,Male,No,Single,6.4,Roommate,Roommate,Unrelated
16,20,Male,Male,Yes,Single,20.3,Brother,Brother,Brother-Brother
90,12,Female,Female,Yes,Married,15.2,Grandmother,Granddaughter,Grandmother-Granddaughter
71,25,Female,Male,Yes,Widowed,2.6,Grandmother,Grandson,Grandmother-Grandson
28,27,Male,Male,Yes,Single,24.8,Brother,Brother,Brother-Brother
53,4,Male,Female,Yes,Divorced,1.2,Grandfather,Granddaughter,Grandfather-Granddaughter
53,32,Female,Female,Yes,Divorced,16.6,Mother,Daughter,Mother-Daughter
55,67,Male,Female,Yes,Married,12.6,Husband,Wife,Husband-Wife
37,25,Female,Male,No,Single,16.3,Roommate,Roommate,Unrelated
40,4,Male,Male,Yes,Single,18.7,Father,Son,Father-Son
13,7,Female,Female,Yes,Single,8.7,Sister,Sister,Sister-Sister
83,41,Female,Female,Yes,Widowed,1.1,Grandmother,Granddaughter,Grandmother-Granddaughter
10,0,Female,Female,Yes,Single,26.5,Sister,Sister,Sister-Sister
63,45,Male,Female,Yes,Single,5.4,Father,Daughter,Father-Daughter
76,16,Male,Male,Yes,Married,15.7,Grandfather,Grandson,Grandfather-Grandson
21,18,Female,Female,No,Single,18.4,Roommate,Roommate,Unrelated
70,38,Male,Female,Yes,Widowed,14.9,Father,Daughter,Father-Daughter
89,4,Female,Male,Yes,Married,25.0,Grandmother,Grandson,Grandmother-Grandson
79,34,Female,Female,Yes,Single,27.9,Grandmother,Granddaughter,Grandmother-Granddaughter
65,20,Male,Male,Yes,Married,0.8,Grandfather,Grandson,Grandfather-Grandson
64,15,Male,Male,Yes,Single,15.9,Father,Son,Father-Son
51,10,Male,Male,Yes,Divorced,17.7,Grandfather,Grandson,Grandfather-Grandson
9,0,Female,Female,Yes,Single,14.3,Sister,Sister,Sister-Sister
53,56,Male,Female,Yes,Married,1.3,Husband,Wife,Husband-Wife
49,8,Male,Male,Yes,Single,16.4,Father,Son,Father-Son
8,18,Male,Male,Yes,Single,2.0,Brother,Brother,Brother-Brother
87,3,Female,Male,Yes,Single,3.3,Grandmother,Grandson,Grandmother-Grandson
63,34,Male,Male,Yes,Married,28.5,Father,Son,Father-Son
53,0,Female,Female,Yes,Married,15.2,Mother,Daughter,Mother-Daughter
46,57,Male,Female,Yes,Married,4.7,Husband,Wife,Husband-Wife
15,19,Male,Male,Yes,Single,20.2,Brother,Brother,Brother-Brother
46,51,Female,Male,No,Single,17.4,Roommate,Roommate,Unrelated
57,54,Male,Male,Yes,Single,25.2,Brother,Brother,Brother-Brother
47,49,Male,Female,Yes,Single,19.5,Brother,Sister,Brother-Sister
60,60,Male,Male,Yes,Single,13.5,Brother,Brother,Brother-Brother
65,11,Male,Male,Yes,Single,12.7,Grandfather,Grandson,Grandfather-Grandson
47,54,Female,Female,Yes,Single,25.8,Sister,Sister,Sister-Sister
61,4,Female,Male,Yes,Widowed,24.7,Grandmother,Grandson,Grandmother-Grandson
23,24,Male,Female,Yes,Single,5.6,Brother,Sister,Brother-Sister
77,34,Female,Male,Yes,Divorced,18.3,Grandmother,Grandson,Grandmother-Grandson
52,14,Male,Male,Yes,Widowed,16.6,Grandfather,Grandson,Grandfather-Grandson
53,29,Male,Male,Yes,Widowed,5.5,Father,Son,Father-Son
84,43,Male,Male,Yes,Divorced,5.0,Grandfather,Grandson,Grandfather-Grandson
70,1,Male,Female,Yes,Widowed,28.7,Father,Daughter,Father-Daughter
41,18,Male,Male,Yes,Single,1.9,Father,Son,Father-Son
68,7,Male,Female,Yes,Widowed,29.6,Father,Daughter,Father-Daughter
50,15,Male,Female,Yes,Divorced,2.7,Grandfather,Granddaughter,Grandfather-Granddaughter
88,47,Female,Male,Yes,Divorced,25.7,Grandmother,Grandson,Grandmother-Grandson
28,5,Male,Female,Yes,Married,13.8,Father,Daughter,Father-Daughter
50,4,Male,Male,Yes,Married,12.6,Father,Son,Father-Son
19,15,Male,Female,Yes,Single,12.6,Brother,Sister,Brother-Sister
17,19,Female,Female,Yes,Single,28.6,Sister,Sister,Sister-Sister
21,15,Female,Female,Yes,Single,18.4,Sister,Sister,Sister-Sister
46,27,Female,Female,Yes,Married,25.9,Mother,Daughter,Mother-Daughter
87,20,Male,Male,Yes,Widowed,1.7,Grandfather,Grandson,Grandfather-Grandson
9,7,Male,Male,Yes,Single,5.3,Brother,Brother,Brother-Brother
60,13,Male,Female,Yes,Widowed,18.8,Grandfather,Granddaughter,Grandfather-Granddaughter
28,18,Male,Female,Yes,Married,9.6,Husband,Wife,Husband-Wife
49,20,Female,Male,Yes,Widowed,21.5,Mother,Son,Mother-Son
65,35,Male,Male,Yes,Single,2.9,Father,Son,Father-Son
35,15,Female,Female,Yes,Divorced,16.2,Mother,Daughter,Mother-Daughter
36,2,Female,Male,Yes,Single,8.1,Mother,Son,Mother-Son
50,13,Male,Female,Yes,Married,26.4,Father,Daughter,Father-Daughter
57,16,Male,Female,Yes,Widowed,13.0,Grandfather,Granddaughter,Grandfather-Granddaughter
89,13,Male,Male,Yes,Married,16.0,Grandfather,Grandson,Grandfather-Grandson
70,80,Male,Female,Yes,Married,23.1,Husband,Wife,Husband-Wife
32,35,Female,Female,No,Single,8.3,Roommate,Roommate,Unrelated
56,66,Male,Male,Yes,Single,16.9,Brother,Brother,Brother-Brother
55,65,Male,Female,Yes,Single,17.1,Brother,Sister,Brother-Sister
41,44,Female,Female,Yes,Single,21.7,Sister,Sister,Sister-Sister
60,5,Female,Male,Yes,Single,24.0,Grandmother,Grandson,Grandmother-Grandson
50,26,Female,Male,Yes,Widowed,6.5,Mother,Son,Mother-Son
29,36,Male,Female,Yes,Single,26.5,Brother,Sister,Brother-Sister
47,15,Female,Male,Yes,Divorced,16.0,Mother,Son,Mother-Son
20,18,Male,Female,Yes,Married,17.6,Husband,Wife,Husband-Wife
58,28,Male,Male,Yes,Single,9.1,Father,Son,Father-Son
57,22,Female,Male,Yes,Divorced,7.1,Grandmother,Grandson,Grandmother-Grandson
57,28,Male,Male,Yes,Divorced,21.1,Father,Son,Father-Son
6,10,Male,Male,Yes,Single,21.6,Brother,Brother,Brother-Brother
54,64,Female,Female,Yes,Single,21.9,Sister,Sister,Sister-Sister
60,34,Male,Female,Yes,Married,3.3,Father,Daughter,Father-Daughter
28,4,Male,Male,Yes,Single,26.4,Father,Son,Father-Son
46,18,Female,Female,Yes,Single,19.4,Mother,Daughter,Mother-Daughter
68,29,Male,Female,Yes,Divorced,26.7,Grandfather,Granddaughter,Grandfather-Granddaughter
69,20,Male,Female,Yes,Widowed,28.0,Father,Daughter,Father-Daughter
38,33,Male,Female,Yes,Single,27.4,Brother,Sister,Brother-Sister
24,19,Female,Female,Yes,Single,25.8,Sister,Sister,Sister-Sister
75,39,Male,Male,Yes,Single,19.2,Grandfather,Grandson,Grandfather-Grandson
59,5,Female,Female,Yes,Single,26.0,Grandmother,Granddaughter,Grandmother-Granddaughter
70,22,Male,Female,Yes,Widowed,2.9,Father,Daughter,Father-Daughter
67,33,Male,Female,No,Single,24.3,Roommate,Roommate,Unrelated
32,24,Male,Female,Yes,Single,5.3,Brother,Sister,Brother-Sister
53,11,Male,Female,Yes,Married,14.7,Grandfather,Granddaughter,Grandfather-Granddaughter
16,25,Male,Female,Yes,Single,24.5,Brother,Sister,Brother-Sister
51,49,Male,Female,Yes,Single,25.3,Brother,Sister,Brother-Sister
46,0,Male,Male,Yes,Divorced,12.0,Father,Son,Father-Son
24,26,Male,Female,No,Single,12.2,Roommate,Roommate,Unrelated
68,12,Female,Male,Yes,Divorced,24.6,Grandmother,Grandson,Grandmother-Grandson
49,1,Female,Female,Yes,Divorced,26.0,Mother,Daughter,Mother-Daughter
29,20,Male,Female,Yes,Married,5.7,Husband,Wife,Husband-Wife
47,20,Female,Male,Yes,Single,26.9,Mother,Son,Mother-Son
52,9,Female,Female,Yes,Widowed,17.0,Grandmother,Granddaughter,Grandmother-Granddaughter
66,30,Female,Male,Yes,Widowed,13.6,Grandmother,Grandson,Grandmother-Grandson
50,49,Female,Female,Yes,Single,20.6,Sister,Sister,Sister-Sister
43,35,Male,Female,Yes,Married,20.6,Husband,Wife,Husband-Wife
47,29,Male,Male,Yes,Divorced,23.4,Father,Son,Father-Son
63,6,Male,Female,Yes,Widowed,25.0,Grandfather,Granddaughter,Grandfather-Granddaughter
52,62,Male,Female,Yes,Single,17.4,Brother,Sister,Brother-Sister
62,23,Male,Male,Yes,Married,20.6,Father,Son,Father-Son
27,1,Female,Male,Yes,Widowed,3.9,Mother,Son,Mother-Son
61,32,Male,Male,Yes,Single,8.8,Father,Son,Father-Son
64,13,Male,Female,Yes,Married,9.4,Grandfather,Granddaughter,Grandfather-Granddaughter
81,24,Male,Female,Yes,Widowed,3.8,Grandfather,Granddaughter,Grandfather-Granddaughter
56,48,Male,Female,Yes,Married,8.6,Husband,Wife,Husband-Wife
54,50,Male,Female,Yes,Married,26.7,Husband,Wife,Husband-Wife
62,31,Male,Female,Yes,Widowed,22.7,Father,Daughter,Father-Daughter
65,12,Female,Female,Yes,Divorced,20.6,Grandmother,Granddaughter,Grandmother-Granddaughter
39,11,Male,Female,Yes,Single,11.0,Father,Daughter,Father-Daughter
54,32,Female,Female,Yes,Single,24.1,Mother,Daughter,Mother-Daughter
13,19,Female,Female,Yes,Single,2.3,Sister,Sister,Sister-Sister
44,60,Female,Female,No,Single,13.0,Roommate,Roommate,Unrelated
74,8,Male,Male,Yes,Widowed,5.5,Grandfather,Grandson,Grandfather-Grandson
76,7,Female,Male,Yes,Married,13.4,Grandmother,Grandson,Grandmother-Grandson
65,37,Male,Male,Yes,Divorced,21.6,Father,Son,Father-Son
90,22,Female,Female,Yes,Widowed,28.6,Grandmother,Granddaughter,Grandmother-Granddaughter
50,7,Male,Female,Yes,Single,21.6,Grandfather,Granddaughter,Grandfather-Granddaughter
51,8,Male,Male,Yes,Married,15.0,Grandfather,Grandson,Grandfather-Grandson
44,25,Female,Male,Yes,Widowed,13.9,Mother,Son,Mother-Son
67,21,Female,Male,Yes,Single,9.4,Grandmother,Grandson,Grandmother-Grandson
66,3,Male,Female,Yes,Divorced,4.3,Grandfather,Granddaughter,Grandfather-Granddaughter
45,14,Male,Male,Yes,Married,26.0,Father,Son,Father-Son
50,7,Male,Male,Yes,Widowed,5.8,Grandfather,Grandson,Grandfather-Grandson
77,25,Male,Female,Yes,Widowed,24.2,Grandfather,Granddaughter,Grandfather-Granddaughter
60,10,Female,Male,Yes,Married,23.3,Grandmother,Grandson,Grandmother-Grandson
61,12,Male,Female,Yes,Widowed,13.6,Grandfather,Granddaughter,Grandfather-Granddaughter
66,43,Male,Female,Yes,Widowed,26.2,Father,Daughter,Father-Daughter
65,30,Male,Male,Yes,Single,22.9,Father,Son,Father-Son
44,26,Female,Male,Yes,Single,9.5,Mother,Son,Mother-Son
36,1,Male,Male,Yes,Divorced,4.8,Father,Son,Father-Son
44,39,Female,Female,Yes,Single,26.5,Sister,Sister,Sister-Sister
30,20,Male,Female,Yes,Married,20.0,Husband,Wife,Husband-Wife
80,44,Male,Male,Yes,Widowed,3.0,Grandfather,Grandson,Grandfather-Grandson
35,13,Male,Female,Yes,Single,26.3,Father,Daughter,Father-Daughter
42,4,Female,Male,Yes,Single,14.3,Mother,Son,Mother-Son
54,3,Male,Male,Yes,Widowed,21.9,Father,Son,Father-Son
40,15,Female,Male,Yes,Single,26.5,Mother,Son,Mother-Son
7,16,Female,Female,Yes,Single,4.1,Sister,Sister,Sister-Sister
65,32,Female,Female,Yes,Married,29.6,Mother,Daughter,Mother-Daughter
57,57,Male,Female,Yes,Married,16.3,Husband,Wife,Husband-Wife
45,67,Female,Male,No,Single,10.4,Roommate,Roommate,Unrelated
42,54,Male,Female,Yes,Married,28.0,Husband,Wife,Husband-Wife
58,9,Male,Female,Yes,Single,24.5,Grandfather,Granddaughter,Grandfather-Granddaughter
22,13,Male,Female,Yes,Single,17.1,Brother,Sister,Brother-Sister
74,34,Male,Male,Yes,Single,6.9,Grandfather,Grandson,Grandfather-Grandson
34,36,Male,Female,Yes,Married,3.1,Husband,Wife,Husband-Wife
41,46,Male,Female,Yes,Single,7.8,Brother,Sister,Brother-Sister
63,10,Male,Female,Yes,Married,20.1,Father,Daughter,Father-Daughter
55,9,Female,Female,Yes,Married,12.4,Mother,Daughter,Mother-Daughter
37,39,Male,Female,Yes,Married,2.9,Husband,Wife,Husband-Wife
32,4,Female,Female,Yes,Married,6.7,Mother,Daughter,Mother-Daughter
54,8,Male,Male,Yes,Single,12.5,Grandfather,Grandson,Grandfather-Grandson
20,21,Male,Female,Yes,Married,18.6,Husband,Wife,Husband-Wife
27,38,Male,Female,Yes,Married,2.0,Husband,Wife,Husband-Wife
46,13,Male,Male,Yes,Widowed,26.7,Father,Son,Father-Son
33,9,Female,Male,Yes,Married,21.8,Mother,Son,Mother-Son
71,33,Female,Female,Yes,Single,3.2,Grandmother,Granddaughter,Grandmother-Granddaughter
38,18,Male,Female,Yes,Married,16.9,Father,Daughter,Father-Daughter
35,0,Male,Female,Yes,Divorced,11.8,Father,Daughter,Father-Daughter
25,40,Male,Male,No,Single,11.7,Roommate,Roommate,Unrelated
73,34,Male,Female,Yes,Widowed,20.1,Grandfather,Granddaughter,Grandfather-Granddaughter
70,9,Male,Male,Yes,Single,1.5,Grandfather,Grandson,Grandfather-Grandson
51,15,Female,Male,Yes,Single,4.7,Grandmother,Grandson,Grandmother-Grandson
63,27,Female,Male,Yes,Widowed,27.2,Mother,Son,Mother-Son
51,54,Male,Male,Yes,Single,26.6,Brother,Brother,Brother-Brother
42,48,Female,Female,Yes,Single,6.3,Sister,Sister,Sister-Sister
13,13,Male,Male,Yes,Single,5.6,Brother,Brother,Brother-Brother
29,28,Male,Male,Yes,Single,22.2,Brother,Brother,Brother-Brother
75,12,Female,Male,Yes,Single,9.7,Grandmother,Grandson,Grandmother-Grandson
25,35,Male,Female,Yes,Married,7.7,Husband,Wife,Husband-Wife
65,7,Male,Female,Yes,Widowed,2.9,Father,Daughter,Father-Daughter
63,4,Male,Female,Yes,Divorced,14.6,Father,Daughter,Father-Daughter
19,23,Female,Female,Yes,Single,14.3,Sister,Sister,Sister-Sister
61,14,Female,Female,Yes,Divorced,25.2,Mother,Daughter,Mother-Daughter
84,25,Male,Male,Yes,Single,19.4,Grandfather,Grandson,Grandfather-Grandson
87,33,Male,Male,Yes,Widowed,2.0,Grandfather,Grandson,Grandfather-Grandson
50,2,Female,Female,Yes,Single,27.6,Mother,Daughter,Mother-Daughter
56,34,Male,Male,Yes,Married,7.2,Father,Son,Father-Son
62,42,Male,Male,Yes,Widowed,9.7,Father,Son,Father-Son
40,45,Male,Female,Yes,Single,10.2,Brother,Sister,Brother-Sister
24,14,Female,Female,Yes,Single,10.5,Sister,Sister,Sister-Sister
65,6,Male,Female,Yes,Widowed,28.9,Father,Daughter,Father-Daughter
62,27,Male,Male,Yes,Married,29.7,Grandfather,Grandson,Grandfather-Grandson
71,0,Female,Female,Yes,Single,3.7,Grandmother,Granddaughter,Grandmother-Granddaughter
57,7,Male,Female,Yes,Divorced,2.9,Father,Daughter,Father-Daughter
6,14,Male,Male,Yes,Single,2.5,Brother,Brother,Brother-Brother
73,15,Female,Female,Yes,Widowed,20.3,Grandmother,Granddaughter,Grandmother-Granddaughter
40,50,Male,Male,Yes,Single,28.7,Brother,Brother,Brother-Brother
50,46,Male,Female,Yes,Single,5.5,Roommate,Roommate,Unrelated
19,27,Female,Female,Yes,Single,0.5,Sister,Sister,Sister-Sister
11,3,Male,Male,Yes,Single,9.0,Brother,Brother,Brother-Brother
36,31,Female,Female,Yes,Single,23.4,Sister,Sister,Sister-Sister
16,25,Male,Male,Yes,Single,10.8,Brother,Brother,Brother-Brother
56,18,Male,Female,Yes,Divorced,8.1,Grandfather,Granddaughter,Grandfather-Granddaughter
50,31,Female,Female,No,Single,0.6,Roommate,Roommate,Unrelated
56,2,Male,Male,Yes,Divorced,3.1,Grandfather,Grandson,Grandfather-Grandson
90,37,Female,Female,Yes,Divorced,2.5,Grandmother,Granddaughter,Grandmother-Granddaughter
40,38,Male,Male,Yes,Single,21.1,Brother,Brother,Brother-Brother
57,51,Female,Female,No,Single,11.5,Roommate,Roommate,Unrelated
65,6,Male,Female,Yes,Single,7.1,Father,Daughter,Father-Daughter
60,66,Female,Female,Yes,Single,11.8,Sister,Sister,Sister-Sister
32,36,Male,Male,Yes,Single,28.0,Brother,Brother,Brother-Brother
68,19,Male,Female,Yes,Divorced,10.1,Grandfather,Granddaughter,Grandfather-Granddaughter
68,13,Male,Female,Yes,Widowed,28.4,Grandfather,Granddaughter,Grandfather-Granddaughter
32,27,Female,Female,Yes,Single,26.0,Sister,Sister,Sister-Sister
68,13,Female,Female,Yes,Widowed,12.0,Grandmother,Granddaughter,Grandmother-Granddaughter
49,19,Male,Female,Yes,Single,24.0,Father,Daughter,Father-Daughter
36,41,Female,Female,Yes,Single,16.5,Sister,Sister,Sister-Sister
57,54,Male,Female,Yes,Married,20.5,Husband,Wife,Husband-Wife
62,22,Female,Female,Yes,Divorced,24.0,Grandmother,Granddaughter,Grandmother-Granddaughter
32,0,Female,Female,Yes,Divorced,8.6,Mother,Daughter,Mother-Daughter
43,6,Male,Female,Yes,Married,1.6,Father,Daughter,Father-Daughter
41,14,Male,Female,Yes,Divorced,24.4,Father,Daughter,Father-Daughter
56,7,Male,Female,Yes,Married,19.8,Grandfather,Granddaughter,Grandfather-Granddaughter
30,20,Male,Male,Yes,Single,17.2,Brother,Brother,Brother-Brother
61,31,Female,Female,Yes,Divorced,10.7,Mother,Daughter,Mother-Daughter
72,36,Female,Male,Yes,Single,18.5,Grandmother,Grandson,Grandmother-Grandson
43,38,Male,Male,Yes,Single,22.4,Brother,Brother,Brother-Brother
60,13,Male,Female,Yes,Widowed,27.1,Grandfather,Granddaughter,Grandfather-Granddaughter
69,6,Female,Female,Yes,Married,0.7,Grandmother,Granddaughter,Grandmother-Granddaughter
86,39,Male,Male,Yes,Married,10.8,Grandfather,Grandson,Grandfather-Grandson
34,43,Male,Female,Yes,Single,1.2,Brother,Sister,Brother-Sister
53,8,Female,Male,Yes,Widowed,28.4,Grandmother,Grandson,Grandmother-Grandson
80,43,Male,Female,Yes,Married,28.4,Grandfather,Granddaughter,Grandfather-Granddaughter
26,24,Female,Female,Yes,Single,8.5,Sister,Sister,Sister-Sister
59,39,Female,Female,Yes,Married,4.8,Mother,Daughter,Mother-Daughter
63,52,Male,Male,No,Single,21.0,Roommate,Roommate,Unrelated
43,44,Male,Female,Yes,Married,26.9,Husband,Wife,Husband-Wife
53,55,Male,Female,Yes,Married,20.3,Husband,Wife,Husband-Wife
62,23,Male,Female,Yes,Married,7.1,Grandfather,Granddaughter,Grandfather-Granddaughter
48,15,Male,Male,Yes,Widowed,12.6,Father,Son,Father-Son
63,16,Female,Female,Yes,Widowed,22.6,Mother,Daughter,Mother-Daughter
39,37,Male,Female,Yes,Single,16.2,Brother,Sister,Brother-Sister
68,69,Male,Female,Yes,Married,28.4,Husband,Wife,Husband-Wife
29,6,Female,Female,Yes,Married,22.7,Mother,Daughter,Mother-Daughter
69,29,Female,Female,Yes,Widowed,21.8,Grandmother,Granddaughter,Grandmother-Granddaughter
42,37,Female,Female,Yes,Single,24.0,Sister,Sister,Sister-Sister
49,21,Female,Female,Yes,Widowed,8.4,Mother,Daughter,Mother-Daughter
56,16,Female,Female,Yes,Married,10.6,Grandmother,Granddaughter,Grandmother-Granddaughter
31,34,Male,Male,Yes,Single,1.1,Brother,Brother,Brother-Brother
31,13,Male,Male,Yes,Single,17.3,Father,Son,Father-Son
51,3,Male,Female,Yes,Single,29.8,Grandfather,Granddaughter,Grandfather-Granddaughter
38,17,Male,Female,Yes,Widowed,1.0,Father,Daughter,Father-Daughter
49,5,Male,Male,Yes,Married,29.6,Father,Son,Father-Son
48,19,Male,Female,Yes,Married,17.2,Father,Daughter,Father-Daughter
62,4,Female,Male,Yes,Divorced,4.3,Grandmother,Grandson,Grandmother-Grandson
47,2,Female,Male,Yes,Divorced,1.1,Mother,Son,Mother-Son
50,10,Female,Female,Yes,Widowed,29.4,Mother,Daughter,Mother-Daughter
46,22,Female,Female,Yes,Widowed,12.4,Mother,Daughter,Mother-Daughter
28,10,Male,Female,Yes,Single,7.5,Father,Daughter,Father-Daughter
57,6,Female,Male,Yes,Married,10.2,Mother,Son,Mother-Son
46,5,Female,Female,Yes,Widowed,21.6,Mother,Daughter,Mother-Daughter
41,46,Male,Male,Yes,Single,24.2,Brother,Brother,Brother-Brother
65,23,Female,Male,No,Single,17.0,Roommate,Roommate,Unrelated
52,34,Female,Male,Yes,Widowed,24.0,Mother,Son,Mother-Son
11,13,Male,Male,Yes,Single,3.9,Brother,Brother,Brother-Brother
79,11,Male,Male,Yes,Single,3.9,Grandfather,Grandson,Grandfather-Grandson
65,21,Female,Female,Yes,Single,29.4,Mother,Daughter,Mother-Daughter
58,21,Female,Female,Yes,Divorced,16.1,Mother,Daughter,Mother-Daughter
86,50,Female,Male,Yes,Divorced,29.2,Grandmother,Grandson,Grandmother-Grandson
88,35,Male,Male,Yes,Widowed,23.0,Grandfather,Grandson,Grandfather-Grandson
68,25,Male,Female,Yes,Married,7.1,Father,Daughter,Father-Daughter
82,34,Female,Male,Yes,Divorced,5.2,Grandmother,Grandson,Grandmother-Grandson
49,41,Male,Male,Yes,Single,18.9,Brother,Brother,Brother-Brother
16,17,Male,Male,Yes,Single,15.7,Brother,Brother,Brother-Brother
87,20,Female,Male,Yes,Married,9.8,Grandmother,Grandson,Grandmother-Grandson
53,49,Male,Female,Yes,Married,10.6,Husband,Wife,Husband-Wife
88,3,Female,Male,Yes,Widowed,7.5,Grandmother,Grandson,Grandmother-Grandson
89,2,Female,Male,Yes,Married,29.4,Grandmother,Grandson,Grandmother-Grandson
53,44,Male,Female,Yes,Married,2.0,Husband,Wife,Husband-Wife
48,41,Male,Female,Yes,Married,24.2,Husband,Wife,Husband-Wife
23,16,Male,Female,Yes,Single,21.2,Brother,Sister,Brother-Sister
46,39,Male,Female,Yes,Married,7.7,Husband,Wife,Husband-Wife
53,10,Male,Female,Yes,Single,15.8,Grandfather,Granddaughter,Grandfather-Granddaughter
33,9,Male,Male,Yes,Widowed,5.9,Father,Son,Father-Son
53,56,Male,Female,Yes,Married,14.9,Husband,Wife,Husband-Wife
39,30,Male,Female,Yes,Married,4.2,Husband,Wife,Husband-Wife
46,4,Male,Female,Yes,Widowed,28.1,Father,Daughter,Father-Daughter
77,15,Male,Female,Yes,Married,20.5,Grandfather,Granddaughter,Grandfather-Granddaughter
65,2,Female,Female,Yes,Widowed,9.1,Grandmother,Granddaughter,Grandmother-Granddaughter
32,9,Male,Female,Yes,Divorced,28.3,Father,Daughter,Father-Daughter
63,15,Female,Male,Yes,Divorced,19.9,Mother,Son,Mother-Son
62,21,Male,Male,No,Single,1.8,Roommate,Roommate,Unrelated
40,22,Female,Male,Yes,Single,28.9,Mother,Son,Mother-Son
37,13,Male,Male,Yes,Single,3.9,Father,Son,Father-Son
35,36,Male,Male,No,Single,8.9,Roommate,Roommate,Unrelated
60,14,Male,Male,Yes,Divorced,14.8,Father,Son,Father-Son
43,18,Female,Female,Yes,Married,9.7,Mother,Daughter,Mother-Daughter
71,19,Male,Female,Yes,Widowed,5.2,Grandfather,Granddaughter,Grandfather-Granddaughter
18,48,Female,Female,No,Single,11.3,Roommate,Roommate,Unrelated
78,0,Male,Male,Yes,Divorced,8.8,Grandfather,Grandson,Grandfather-Grandson
32,9,Male,Male,Yes,Widowed,15.8,Father,Son,Father-Son
78,39,Male,Female,Yes,Divorced,21.2,Grandfather,Granddaughter,Grandfather-Granddaughter
36,10,Male,Female,Yes,Married,16.4,Father,Daughter,Father-Daughter
90,43,Male,Female,Yes,Married,15.0,Grandfather,Granddaughter,Grandfather-Granddaughter
66,20,Female,Male,Yes,Widowed,22.8,Grandmother,Grandson,Grandmother-Grandson
50,52,Female,Female,Yes,Single,11.6,Sister,Sister,Sister-Sister
38,43,Female,Female,Yes,Single,15.4,Sister,Sister,Sister-Sister
33,32,Male,Female,Yes,Single,21.1,Brother,Sister,Brother-Sister
23,18,Female,Female,Yes,Single,12.3,Sister,Sister,Sister-Sister
21,23,Female,Female,Yes,Single,27.0,Sister,Sister,Sister-Sister
56,20,Female,Male,Yes,Single,12.7,Grandmother,Grandson,Grandmother-Grandson
9,9,Male,Male,Yes,Single,13.9,Brother,Brother,Brother-Brother
75,7,Male,Male,Yes,Widowed,10.8,Grandfather,Grandson,Grandfather-Grandson
46,53,Male,Male,Yes,Single,14.9,Brother,Brother,Brother-Brother
24,23,Male,Female,Yes,Single,9.6,Brother,Sister,Brother-Sister
53,60,Female,Female,Yes,Single,21.9,Sister,Sister,Sister-Sister
68,6,Male,Male,Yes,Married,27.2,Father,Son,Father-Son
62,12,Female,Female,Yes,Married,4.2,Grandmother,Granddaughter,Grandmother-Granddaughter
15,19,Male,Female,Yes,Single,29.8,Brother,Sister,Brother-Sister
44,45,Male,Female,Yes,Single,26.8,Brother,Sister,Brother-Sister
30,5,Male,Male,Yes,Married,15.0,Father,Son,Father-Son
28,10,Male,Female,Yes,Divorced,15.8,Father,Daughter,Father-Daughter
78,16,Male,Female,Yes,Divorced,20.0,Grandfather,Granddaughter,Grandfather-Granddaughter
26,18,Male,Female,Yes,Married,28.9,Husband,Wife,Husband-Wife
63,27,Female,Male,Yes,Single,5.1,Grandmother,Grandson,Grandmother-Grandson
57,54,Male,Female,Yes,Married,29.6,Husband,Wife,Husband-Wife
33,34,Male,Female,Yes,Single,12.5,Brother,Sister,Brother-Sister
85,3,Male,Male,Yes,Single,7.6,Grandfather,Grandson,Grandfather-Grandson
46,35,Male,Female,Yes,Married,24.9,Husband,Wife,Husband-Wife
28,1,Male,Female,Yes,Single,29.5,Father,Daughter,Father-Daughter
18,28,Male,Female,Yes,Single,4.7,Brother,Sister,Brother-Sister
25,52,Male,Female,No,Single,13.3,Roommate,Roommate,Unrelated
43,39,Female,Male,No,Single,25.9,Roommate,Roommate,Unrelated
55,1,Female,Female,Yes,Divorced,27.9,Grandmother,Granddaughter,Grandmother-Granddaughter
30,6,Male,Male,Yes,Married,15.9,Father,Son,Father-Son
88,9,Male,Female,Yes,Widowed,4.4,Grandfather,Granddaughter,Grandfather-Granddaughter
34,14,Female,Female,Yes,Widowed,22.7,Mother,Daughter,Mother-Daughter
58,60,Female,Female,Yes,Single,0.7,Sister,Sister,Sister-Sister
42,46,Female,Female,Yes,Single,6.5,Sister,Sister,Sister-Sister
36,9,Male,Male,Yes,Widowed,19.3,Father,Son,Father-Son
49,13,Female,Female,Yes,Widowed,2.2,Mother,Daughter,Mother-Daughter
29,33,Male,Male,Yes,Single,26.9,Brother,Brother,Brother-Brother
60,0,Male,Male,Yes,Widowed,19.3,Father,Son,Father-Son
31,6,Male,Male,Yes,Single,23.3,Father,Son,Father-Son
57,9,Female,Male,Yes,Widowed,6.3,Mother,Son,Mother-Son
55,0,Female,Male,Yes,Single,18.5,Grandmother,Grandson,Grandmother-Grandson
62,18,Male,Female,Yes,Married,24.3,Grandfather,Granddaughter,Grandfather-Granddaughter
42,46,Male,Female,Yes,Married,19.1,Husband,Wife,Husband-Wife
52,2,Female,Female,Yes,Widowed,24.9,Mother,Daughter,Mother-Daughter
76,25,Male,Female,Yes,Divorced,12.8,Grandfather,Granddaughter,Grandfather-Granddaughter
28,35,Male,Male,Yes,Single,21.4,Brother,Brother,Brother-Brother
31,50,Male,Male,No,Single,12.9,Roommate,Roommate,Unrelated
32,14,Male,Male,Yes,Divorced,1.5,Father,Son,Father-Son
56,17,Female,Male,Yes,Divorced,23.6,Grandmother,Grandson,Grandmother-Grandson
70,23,Male,Male,Yes,Married,2.0,Grandfather,Grandson,Grandfather-Grandson
43,16,Male,Male,Yes,Married,19.2,Father,Son,Father-Son
53,35,Male,Female,Yes,Single,20.6,Father,Daughter,Father-Daughter
80,9,Female,Female,Yes,Married,13.2,Grandmother,Granddaughter,Grandmother-Granddaughter
49,23,Male,Female,Yes,Divorced,13.3,Father,Daughter,Father-Daughter
51,4,Female,Female,Yes,Divorced,18.4,Grandmother,Granddaughter,Grandmother-Granddaughter
27,37,Female,Female,Yes,Single,28.6,Sister,Sister,Sister-Sister
82,21,Male,Male,Yes,Divorced,20.7,Grandfather,Grandson,Grandfather-Grandson
60,20,Female,Female,Yes,Widowed,28.3,Grandmother,Granddaughter,Grandmother-Granddaughter
28,32,Male,Male,Yes,Single,19.6,Brother,Brother,Brother-Brother
60,28,Female,Male,Yes,Widowed,29.5,Mother,Son,Mother-Son
30,0,Male,Male,Yes,Widowed,18.2,Father,Son,Father-Son
71,19,Male,Female,Yes,Divorced,1.5,Grandfather,Granddaughter,Grandfather-Granddaughter
37,9,Female,Female,Yes,Married,21.0,Mother,Daughter,Mother-Daughter
82,6,Female,Male,Yes,Widowed,19.5,Grandmother,Grandson,Grandmother-Grandson
47,49,Female,Female,Yes,Single,14.8,Sister,Sister,Sister-Sister
62,6,Female,Female,Yes,Widowed,19.4,Grandmother,Granddaughter,Grandmother-Granddaughter
31,31,Male,Female,Yes,Married,6.3,Husband,Wife,Husband-Wife
29,1,Male,Male,Yes,Divorced,1.4,Father,Son,Father-Son
60,54,Male,Male,Yes,Single,6.7,Brother,Brother,Brother-Brother
51,6,Male,Female,Yes,Married,16.5,Grandfather,Granddaughter,Grandfather-Granddaughter
25,20,Male,Female,Yes,Single,22.0,Brother,Sister,Brother-Sister
47,22,Female,Female,Yes,Widowed,6.6,Mother,Daughter,Mother-Daughter
63,43,Female,Female,Yes,Married,7.2,Mother,Daughter,Mother-Daughter
53,55,Male,Female,No,Single,8.1,Roommate,Roommate,Unrelated
49,11,Female,Male,Yes,Married,20.4,Mother,Son,Mother-Son
83,38,Male,Female,Yes,Married,27.4,Grandfather,Granddaughter,Grandfather-Granddaughter
33,10,Female,Male,Yes,Widowed,12.3,Mother,Son,Mother-Son
82,7,Male,Male,Yes,Single,10.0,Grandfather,Grandson,Grandfather-Grandson
78,40,Male,Female,Yes,Divorced,28.1,Grandfather,Granddaughter,Grandfather-Granddaughter
51,63,Male,Female,No,Single,13.5,Roommate,Roommate,Unrelated
24,62,Male,Female,No,Single,13.8,Roommate,Roommate,Unrelated
51,3,Female,Male,Yes,Divorced,29.1,Grandmother,Grandson,Grandmother-Grandson
29,56,Male,Male,No,Single,25.4,Roommate,Roommate,Unrelated
43,22,Male,Male,Yes,Single,18.6,Father,Son,Father-Son
58,56,Male,Female,Yes,Single,20.3,Brother,Sister,Brother-Sister
76,20,Female,Female,Yes,Single,15.4,Grandmother,Granddaughter,Grandmother-Granddaughter
37,16,Female,Male,Yes,Single,17.6,Mother,Son,Mother-Son
42,6,Male,Male,Yes,Widowed,10.0,Father,Son,Father-Son
55,54,Male,Female,Yes,Single,22.7,Brother,Sister,Brother-Sister
38,5,Male,Male,Yes,Married,29.9,Father,Son,Father-Son
54,35,Male,Female,Yes,Widowed,26.1,Father,Daughter,Father-Daughter
56,20,Female,Male,Yes,Divorced,13.5,Grandmother,Grandson,Grandmother-Grandson
54,47,Male,Female,Yes,Single,21.2,Brother,Sister,Brother-Sister
57,4,Male,Male,Yes,Single,7.8,Grandfather,Grandson,Grandfather-Grandson
34,5,Female,Male,Yes,Married,3.3,Mother,Son,Mother-Son
30,28,Male,Female,Yes,Single,10.5,Brother,Sister,Brother-Sister
54,46,Female,Female,Yes,Single,20.1,Sister,Sister,Sister-Sister
31,6,Female,Female,Yes,Widowed,14.8,Mother,Daughter,Mother-Daughter
65,45,Female,Female,Yes,Single,1.1,Mother,Daughter,Mother-Daughter
61,26,Female,Female,Yes,Widowed,7.2,Grandmother,Granddaughter,Grandmother-Granddaughter
68,23,Male,Male,Yes,Single,27.6,Grandfather,Grandson,Grandfather-Grandson
47,27,Male,Male,Yes,Divorced,6.7,Father,Son,Father-Son
63,3,Male,Female,Yes,Divorced,6.9,Father,Daughter,Father-Daughter
56,15,Female,Female,Yes,Single,12.1,Grandmother,Granddaughter,Grandmother-Granddaughter
54,12,Female,Male,Yes,Married,30.0,Mother,Son,Mother-Son
60,37,Male,Male,Yes,Married,11.0,Father,Son,Father-Son
63,23,Male,Female,Yes,Single,21.3,Grandfather,Granddaughter,Grandfather-Granddaughter
51,22,Female,Female,Yes,Divorced,13.2,Mother,Daughter,Mother-Daughter
70,25,Female,Female,Yes,Married,28.5,Grandmother,Granddaughter,Grandmother-Granddaughter
31,6,Female,Female,Yes,Divorced,8.4,Mother,Daughter,Mother-Daughter
41,3,Female,Male,Yes,Single,24.7,Mother,Son,Mother-Son
56,12,Male,Male,Yes,Divorced,4.3,Grandfather,Grandson,Grandfather-Grandson
75,11,Female,Male,Yes,Married,2.4,Grandmother,Grandson,Grandmother-Grandson
50,62,Male,Female,Yes,Married,12.8,Husband,Wife,Husband-Wife
25,60,Female,Male,No,Single,20.1,Roommate,Roommate,Unrelated
47,21,Male,Female,Yes,Single,7.4,Father,Daughter,Father-Daughter
50,14,Male,Female,Yes,Married,19.5,Father,Daughter,Father-Daughter
56,37,Male,Female,Yes,Married,5.7,Father,Daughter,Father-Daughter
53,28,Female,Female,Yes,Married,10.4,Mother,Daughter,Mother-Daughter
61,43,Female,Female,Yes,Married,15.5,Mother,Daughter,Mother-Daughter
52,10,Male,Female,Yes,Married,3.3,Grandfather,Granddaughter,Grandfather-Granddaughter
12,13,Male,Male,Yes,Single,10.1,Brother,Brother,Brother-Brother
48,37,Male,Male,Yes,Single,22.2,Roommate,Roommate,Unrelated
61,25,Male,Female,Yes,Widowed,18.2,Grandfather,Granddaughter,Grandfather-Granddaughter
58,6,Female,Female,Yes,Married,26.4,Grandmother,Granddaughter,Grandmother-Granddaughter
42,22,Male,Female,Yes,Married,1.4,Father,Daughter,Father-Daughter
48,42,Male,Male,Yes,Single,23.9,Brother,Brother,Brother-Brother
86,16,Female,Female,Yes,Married,22.8,Grandmother,Granddaughter,Grandmother-Granddaughter
41,7,Female,Male,Yes,Single,28.1,Mother,Son,Mother-Son
42,21,Male,Female,No,Single,3.7,Roommate,Roommate,Unrelated
28,28,Male,Male,Yes,Single,20.5,Brother,Brother,Brother-Brother
36,6,Female,Male,Yes,Widowed,10.1,Mother,Son,Mother-Son
24,32,Male,Male,Yes,Single,11.6,Brother,Brother,Brother-Brother
51,53,Male,Female,Yes,Married,8.6,Husband,Wife,Husband-Wife
35,14,Female,Male,Yes,Divorced,10.3,Mother,Son,Mother-Son
46,46,Male,Male,Yes,Single,18.7,Brother,Brother,Brother-Brother
58,52,Female,Female,Yes,Single,19.0,Sister,Sister,Sister-Sister
46,6,Female,Male,Yes,Single,26.2,Mother,Son,Mother-Son
52,44,Female,Female,Yes,Single,5.0,Sister,Sister,Sister-Sister
34,13,Male,Male,Yes,Single,16.0,Father,Son,Father-Son
8,2,Male,Female,Yes,Single,3.5,Brother,Sister,Brother-Sister
90,1,Female,Male,Yes,Married,20.1,Grandmother,Grandson,Grandmother-Grandson
41,48,Male,Female,Yes,Married,8.3,Husband,Wife,Husband-Wife
16,7,Male,Male,Yes,Single,27.9,Brother,Brother,Brother-Brother
15,18,Male,Male,Yes,Single,5.2,Brother,Brother,Brother-Brother
44,51,Male,Female,Yes,Married,19.8,Husband,Wife,Husband-Wife
34,13,Male,Male,Yes,Single,8.9,Father,Son,Father-Son
89,24,Male,Male,Yes,Divorced,22.5,Grandfather,Grandson,Grandfather-Grandson
41,6,Female,Male,Yes,Widowed,7.4,Mother,Son,Mother-Son
61,23,Male,Female,Yes,Widowed,5.5,Grandfather,Granddaughter,Grandfather-Granddaughter
58,37,Female,Female,Yes,Single,19.9,Mother,Daughter,Mother-Daughter
88,16,Male,Female,Yes,Married,4.3,Grandfather,Granddaughter,Grandfather-Granddaughter
80,42,Female,Female,Yes,Married,11.8,Grandmother,Granddaughter,Grandmother-Granddaughter
81,27,Female,Male,Yes,Divorced,6.1,Grandmother,Grandson,Grandmother-Grandson
61,40,Female,Female,Yes,Widowed,21.8,Mother,Daughter,Mother-Daughter
87,51,Male,Male,Yes,Divorced,4.8,Grandfather,Grandson,Grandfather-Grandson
69,13,Male,Male,Yes,Divorced,20.5,Father,Son,Father-Son
87,34,Female,Male,Yes,Divorced,8.4,Grandmother,Grandson,Grandmother-Grandson
55,32,Female,Female,Yes,Married,27.8,Mother,Daughter,Mother-Daughter
39,13,Female,Male,Yes,Single,5.7,Mother,Son,Mother-Son
20,16,Male,Male,Yes,Single,14.0,Brother,Brother,Brother-Brother
62,12,Female,Female,Yes,Single,24.3,Mother,Daughter,Mother-Daughter
64,25,Male,Female,Yes,Single,9.4,Father,Daughter,Father-Daughter
45,47,Male,Female,Yes,Married,24.3,Husband,Wife,Husband-Wife
45,40,Female,Female,Yes,Single,24.9,Sister,Sister,Sister-Sister
14,15,Male,Male,Yes,Single,1.2,Brother,Brother,Brother-Brother
69,18,Female,Male,Yes,Married,24.8,Grandmother,Grandson,Grandmother-Grandson
82,34,Male,Female,Yes,Widowed,26.5,Grandfather,Granddaughter,Grandfather-Granddaughter
61,11,Female,Male,Yes,Married,1.7,Mother,Son,Mother-Son
78,35,Male,Female,Yes,Divorced,1.2,Grandfather,Granddaughter,Grandfather-Granddaughter
61,40,Female,Female,Yes,Divorced,10.3,Mother,Daughter,Mother-Daughter
9,6,Male,Female,Yes,Single,12.4,Brother,Sister,Brother-Sister
81,1,Male,Female,Yes,Widowed,2.7,Grandfather,Granddaughter,Grandfather-Granddaughter
26,33,Female,Female,Yes,Single,1.0,Sister,Sister,Sister-Sister
29,11,Male,Male,Yes,Single,11.5,Father,Son,Father-Son
74,16,Female,Male,Yes,Single,17.7,Grandmother,Grandson,Grandmother-Grandson
51,6,Male,Male,Yes,Widowed,20.3,Father,Son,Father-Son
67,24,Male,Male,Yes,Single,19.0,Father,Son,Father-Son
74,18,Female,Female,Yes,Widowed,10.2,Grandmother,Granddaughter,Grandmother-Granddaughter
64,22,Female,Male,Yes,Widowed,20.2,Mother,Son,Mother-Son
60,11,Female,Female,Yes,Divorced,22.3,Mother,Daughter,Mother-Daughter
65,4,Female,Male,Yes,Single,8.8,Mother,Son,Mother-Son
48,24,Male,Male,Yes,Divorced,14.3,Father,Son,Father-Son
63,13,Female,Female,Yes,Divorced,13.8,Grandmother,Granddaughter,Grandmother-Granddaughter
24,19,Male,Male,Yes,Single,2.5,Brother,Brother,Brother-Brother
21,26,Female,Female,Yes,Single,4.6,Sister,Sister,Sister-Sister
57,17,Male,Female,Yes,Widowed,8.1,Father,Daughter,Father-Daughter
5,1,Female,Female,Yes,Single,25.7,Sister,Sister,Sister-Sister
52,11,Female,Male,Yes,Married,4.2,Grandmother,Grandson,Grandmother-Grandson
54,1,Male,Male,Yes,Married,7.1,Father,Son,Father-Son
59,1,Male,Female,Yes,Single,19.4,Grandfather,Granddaughter,Grandfather-Granddaughter
53,15,Female,Male,Yes,Single,17.3,Grandmother,Grandson,Grandmother-Grandson
68,18,Male,Female,Yes,Married,14.6,Grandfather,Granddaughter,Grandfather-Granddaughter
52,1,Female,Female,Yes,Widowed,14.3,Grandmother,Granddaughter,Grandmother-Granddaughter
34,7,Female,Female,Yes,Married,14.8,Mother,Daughter,Mother-Daughter
37,68,Female,Female,No,Single,22.4,Roommate,Roommate,Unrelated
57,20,Male,Female,Yes,Widowed,28.7,Father,Daughter,Father-Daughter
49,30,Female,Male,Yes,Widowed,24.9,Mother,Son,Mother-Son
11,12,Male,Male,Yes,Single,5.9,Brother,Brother,Brother-Brother
9,10,Male,Female,Yes,Single,2.1,Brother,Sister,Brother-Sister
23,32,Female,Female,Yes,Single,11.3,Sister,Sister,Sister-Sister
55,11,Male,Male,Yes,Single,5.9,Father,Son,Father-Son
24,33,Male,Female,Yes,Single,12.9,Brother,Sister,Brother-Sister
8,17,Female,Female,Yes,Single,9.3,Sister,Sister,Sister-Sister
64,18,Male,Female,Yes,Widowed,6.1,Grandfather,Granddaughter,Grandfather-Granddaughter
17,25,Female,Female,Yes,Single,10.4,Sister,Sister,Sister-Sister
70,31,Male,Female,Yes,Divorced,5.4,Father,Daughter,Father-Daughter
25,6,Female,Male,Yes,Married,27.3,Mother,Son,Mother-Son
39,41,Male,Female,No,Single,4.2,Roommate,Roommate,Unrelated
75,34,Male,Male,Yes,Divorced,4.1,Grandfather,Grandson,Grandfather-Grandson
8,9,Male,Female,Yes,Single,8.6,Brother,Sister,Brother-Sister
15,21,Male,Female,Yes,Single,24.7,Brother,Sister,Brother-Sister
50,47,Male,Male,Yes,Single,11.2,Brother,Brother,Brother-Brother
52,60,Female,Female,Yes,Single,20.7,Sister,Sister,Sister-Sister
41,43,Female,Female,Yes,Single,20.1,Sister,Sister,Sister-Sister
43,6,Female,Male,Yes,Single,12.3,Mother,Son,Mother-Son
58,13,Male,Female,Yes,Widowed,16.3,Grandfather,Granddaughter,Grandfather-Granddaughter
33,7,Male,Male,Yes,Divorced,22.4,Father,Son,Father-Son
41,10,Male,Male,Yes,Widowed,4.3,Father,Son,Father-Son
25,31,Male,Male,Yes,Single,10.6,Brother,Brother,Brother-Brother
6,15,Male,Female,Yes,Single,20.3,Brother,Sister,Brother-Sister
55,58,Female,Female,No,Single,24.4,Roommate,Roommate,Unrelated
45,1,Male,Female,Yes,Divorced,1.6,Father,Daughter,Father-Daughter
66,23,Female,Female,Yes,Married,13.5,Grandmother,Granddaughter,Grandmother-Granddaughter
48,55,Male,Male,Yes,Single,19.7,Brother,Brother,Brother-Brother
27,0,Female,Female,Yes,Divorced,27.7,Mother,Daughter,Mother-Daughter
68,30,Female,Male,Yes,Widowed,12.6,Grandmother,Grandson,Grandmother-Grandson
43,14,Male,Male,Yes,Widowed,12.6,Father,Son,Father-Son
80,3,Male,Male,Yes,Married,26.7,Grandfather,Grandson,Grandfather-Grandson
60,66,Female,Female,Yes,Single,24.5,Sister,Sister,Sister-Sister
83,39,Male,Male,Yes,Single,27.3,Grandfather,Grandson,Grandfather-Grandson
63,15,Female,Female,Yes,Widowed,22.3,Grandmother,Granddaughter,Grandmother-Granddaughter
10,16,Female,Female,Yes,Single,10.6,Sister,Sister,Sister-Sister
28,3,Male,Female,Yes,Single,28.4,Father,Daughter,Father-Daughter
36,16,Male,Female,Yes,Single,27.7,Father,Daughter,Father-Daughter
71,29,Female,Male,Yes,Married,25.8,Grandmother,Grandson,Grandmother-Grandson
58,12,Female,Female,Yes,Divorced,14.4,Grandmother,Granddaughter,Grandmother-Granddaughter
28,7,Male,Male,Yes,Single,15.5,Father,Son,Father-Son
55,2,Female,Male,Yes,Single,0.9,Grandmother,Grandson,Grandmother-Grandson
62,6,Female,Female,Yes,Married,11.5,Grandmother,Granddaughter,Grandmother-Granddaughter
61,7,Male,Female,Yes,Single,24.8,Grandfather,Granddaughter,Grandfather-Granddaughter
46,40,Male,Female,Yes,Single,26.2,Brother,Sister,Brother-Sister
48,57,Male,Female,Yes,Married,5.7,Husband,Wife,Husband-Wife
88,5,Female,Female,Yes,Married,16.5,Grandmother,Granddaughter,Grandmother-Granddaughter
10,11,Male,Female,Yes,Single,25.6,Brother,Sister,Brother-Sister
65,12,Female,Female,Yes,Married,8.5,Grandmother,Granddaughter,Grandmother-Granddaughter
28,6,Female,Male,Yes,Married,11.8,Mother,Son,Mother-Son
50,4,Female,Female,Yes,Married,16.0,Grandmother,Granddaughter,Grandmother-Granddaughter
59,51,Male,Male,Yes,Single,14.3,Brother,Brother,Brother-Brother
56,9,Female,Female,Yes,Divorced,9.7,Mother,Daughter,Mother-Daughter
58,0,Female,Male,Yes,Single,3.6,Grandmother,Grandson,Grandmother-Grandson
34,42,Male,Female,Yes,Married,29.3,Husband,Wife,Husband-Wife
16,6,Female,Female,Yes,Single,10.6,Sister,Sister,Sister-Sister
63,7,Female,Female,Yes,Married,25.5,Mother,Daughter,Mother-Daughter
16,24,Female,Female,Yes,Single,28.6,Sister,Sister,Sister-Sister
75,28,Male,Female,Yes,Widowed,17.8,Grandfather,Granddaughter,Grandfather-Granddaughter
43,38,Male,Male,Yes,Single,4.3,Brother,Brother,Brother-Brother
58,62,Female,Female,Yes,Single,12.4,Sister,Sister,Sister-Sister
49,17,Male,Male,Yes,Widowed,18.2,Father,Son,Father-Son
53,3,Female,Male,Yes,Married,15.9,Grandmother,Grandson,Grandmother-Grandson
47,55,Male,Female,Yes,Married,29.9,Husband,Wife,Husband-Wife
63,36,Male,Female,No,Single,11.1,Roommate,Roommate,Unrelated
39,32,Male,Female,Yes,Married,22.9,Husband,Wife,Husband-Wife
69,23,Male,Female,Yes,Divorced,19.6,Father,Daughter,Father-Daughter
39,21,Male,Male,Yes,Widowed,13.4,Father,Son,Father-Son
77,20,Male,Male,Yes,Single,24.2,Grandfather,Grandson,Grandfather-Grandson
50,15,Male,Male,Yes,Single,12.4,Grandfather,Grandson,Grandfather-Grandson
75,25,Female,Female,Yes,Widowed,9.0,Grandmother,Granddaughter,Grandmother-Granddaughter
85,3,Male,Male,Yes,Widowed,17.2,Grandfather,Grandson,Grandfather-Grandson
55,14,Female,Male,Yes,Divorced,2.5,Mother,Son,Mother-Son
58,61,Male,Male,No,Single,21.6,Roommate,Roommate,Unrelated
69,15,Female,Male,Yes,Divorced,26.7,Grandmother,Grandson,Grandmother-Grandson
38,17,Female,Male,Yes,Single,21.8,Mother,Son,Mother-Son
66,19,Female,Female,Yes,Married,3.1,Grandmother,Granddaughter,Grandmother-Granddaughter
51,12,Female,Male,Yes,Widowed,15.1,Grandmother,Grandson,Grandmother-Grandson
41,40,Male,Female,Yes,Married,13.6,Husband,Wife,Husband-Wife
34,1,Male,Female,Yes,Single,1.0,Father,Daughter,Father-Daughter
86,49,Male,Female,Yes,Married,2.3,Grandfather,Granddaughter,Grandfather-Granddaughter
7,9,Female,Female,Yes,Single,22.1,Sister,Sister,Sister-Sister
82,30,Male,Female,Yes,Single,26.7,Grandfather,Granddaughter,Grandfather-Granddaughter
75,37,Male,Male,Yes,Married,28.4,Grandfather,Grandson,Grandfather-Grandson
73,18,Male,Male,Yes,Divorced,21.5,Grandfather,Grandson,Grandfather-Grandson
85,19,Male,Female,Yes,Widowed,14.2,Grandfather,Granddaughter,Grandfather-Granddaughter
88,27,Male,Female,Yes,Single,1.2,Grandfather,Granddaughter,Grandfather-Granddaughter
55,9,Male,Male,Yes,Single,19.8,Grandfather,Grandson,Grandfather-Grandson
24,33,Male,Female,No,Single,15.4,Roommate,Roommate,Unrelated
15,21,Male,Female,Yes,Single,21.4,Brother,Sister,Brother-Sister
31,30,Male,Male,Yes,Single,22.6,Brother,Brother,Brother-Brother
43,41,Male,Female,Yes,Married,3.7,Husband,Wife,Husband-Wife
68,51,Female,Male,No,Single,22.0,Roommate,Roommate,Unrelated
63,72,Male,Female,Yes,Married,8.3,Husband,Wife,Husband-Wife
60,31,Male,Male,Yes,Married,9.5,Father,Son,Father-Son
60,52,Female,Female,Yes,Single,11.9,Sister,Sister,Sister-Sister
66,78,Male,Female,Yes,Married,13.9,Husband,Wife,Husband-Wife
82,5,Female,Female,Yes,Married,20.1,Grandmother,Granddaughter,Grandmother-Granddaughter
56,12,Female,Male,Yes,Single,15.7,Grandmother,Grandson,Grandmother-Grandson
63,27,Female,Male,No,Single,13.6,Roommate,Roommate,Unrelated
35,12,Female,Female,Yes,Married,13.3,Mother,Daughter,Mother-Daughter
20,25,Male,Female,Yes,Single,7.8,Brother,Sister,Brother-Sister
67,68,Male,Female,Yes,Married,9.6,Husband,Wife,Husband-Wife
84,38,Female,Male,Yes,Married,14.9,Grandmother,Grandson,Grandmother-Grandson
62,21,Male,Male,Yes,Divorced,27.8,Father,Son,Father-Son
90,4,Female,Female,Yes,Widowed,25.0,Grandmother,Granddaughter,Grandmother-Granddaughter
62,25,Male,Male,Yes,Married,11.3,Grandfather,Grandson,Grandfather-Grandson
50,6,Female,Male,Yes,Widowed,8.8,Grandmother,Grandson,Grandmother-Grandson
63,20,Male,Female,Yes,Widowed,1.5,Father,Daughter,Father-Daughter
70,40,Male,Female,Yes,Married,18.3,Father,Daughter,Father-Daughter
52,9,Male,Male,Yes,Married,24.1,Grandfather,Grandson,Grandfather-Grandson
11,2,Female,Female,Yes,Single,7.2,Sister,Sister,Sister-Sister
43,48,Female,Female,No,Single,21.1,Roommate,Roommate,Unrelated
62,58,Male,Female,Yes,Married,16.5,Husband,Wife,Husband-Wife
71,27,Male,Female,Yes,Divorced,1.8,Grandfather,Granddaughter,Grandfather-Granddaughter
62,12,Female,Female,Yes,Divorced,12.4,Mother,Daughter,Mother-Daughter
52,4,Female,Male,Yes,Single,29.4,Grandmother,Grandson,Grandmother-Grandson
81,40,Female,Male,Yes,Widowed,1.4,Grandmother,Grandson,Grandmother-Grandson
58,44,Male,Male,No,Single,28.1,Roommate,Roommate,Unrelated
34,0,Female,Male,Yes,Single,3.7,Mother,Son,Mother-Son
86,13,Male,Male,Yes,Married,24.4,Grandfather,Grandson,Grandfather-Grandson
66,16,Male,Male,Yes,Divorced,2.2,Grandfather,Grandson,Grandfather-Grandson
63,19,Female,Male,Yes,Single,5.4,Mother,Son,Mother-Son
47,5,Male,Male,Yes,Married,7.7,Father,Son,Father-Son
68,32,Male,Male,Yes,Divorced,15.8,Father,Son,Father-Son
42,23,Female,Female,Yes,Widowed,3.5,Mother,Daughter,Mother-Daughter
51,30,Female,Male,Yes,Divorced,27.1,Mother,Son,Mother-Son
48,25,Female,Female,Yes,Married,29.4,Mother,Daughter,Mother-Daughter
56,7,Female,Female,Yes,Widowed,20.8,Mother,Daughter,Mother-Daughter
54,15,Female,Female,Yes,Married,25.9,Grandmother,Granddaughter,Grandmother-Granddaughter
48,48,Male,Female,Yes,Single,5.8,Brother,Sister,Brother-Sister
60,3,Male,Female,Yes,Widowed,26.4,Grandfather,Granddaughter,Grandfather-Granddaughter
66,71,Male,Female,Yes,Married,12.1,Husband,Wife,Husband-Wife
59,36,Male,Female,Yes,Divorced,26.4,Father,Daughter,Father-Daughter
41,22,Male,Female,No,Single,10.8,Roommate,Roommate,Unrelated
54,32,Female,Male,Yes,Married,8.7,Mother,Son,Mother-Son
56,56,Male,Male,Yes,Single,2.5,Brother,Brother,Brother-Brother
34,0,Male,Female,Yes,Single,25.9,Father,Daughter,Father-Daughter
52,9,Female,Male,Yes,Single,23.3,Mother,Son,Mother-Son
63,34,Female,Male,Yes,Married,26.9,Mother,Son,Mother-Son
8,18,Female,Female,Yes,Single,13.5,Sister,Sister,Sister-Sister
18,27,Female,Male,No,Single,9.4,Roommate,Roommate,Unrelated
69,10,Female,Female,Yes,Divorced,26.2,Grandmother,Granddaughter,Grandmother-Granddaughter
86,5,Male,Female,Yes,Married,2.5,Grandfather,Granddaughter,Grandfather-Granddaughter
52,6,Female,Male,Yes,Divorced,8.0,Grandmother,Grandson,Grandmother-Grandson
31,8,Female,Male,Yes,Single,6.0,Mother,Son,Mother-Son
50,47,Male,Male,Yes,Single,3.1,Brother,Brother,Brother-Brother
39,21,Female,Female,No,Single,23.4,Roommate,Roommate,Unrelated
28,5,Male,Male,Yes,Married,22.6,Father,Son,Father-Son
85,43,Male,Female,Yes,Married,10.5,Grandfather,Granddaughter,Grandfather-Granddaughter
55,58,Male,Male,Yes,Single,6.3,Brother,Brother,Brother-Brother
53,15,Male,Male,Yes,Married,24.8,Grandfather,Grandson,Grandfather-Grandson
60,65,Male,Female,Yes,Single,16.0,Brother,Sister,Brother-Sister
80,0,Male,Female,Yes,Divorced,1.7,Grandfather,Granddaughter,Grandfather-Granddaughter
62,58,Male,Female,Yes,Married,25.5,Husband,Wife,Husband-Wife
83,24,Male,Male,Yes,Single,15.6,Grandfather,Grandson,Grandfather-Grandson
55,67,Male,Female,Yes,Married,9.9,Husband,Wife,Husband-Wife
33,36,Male,Female,Yes,Single,3.6,Brother,Sister,Brother-Sister
57,1,Female,Male,Yes,Widowed,19.8,Mother,Son,Mother-Son
56,51,Male,Male,Yes,Single,26.6,Brother,Brother,Brother-Brother
71,1,Female,Female,Yes,Divorced,12.1,Grandmother,Granddaughter,Grandmother-Granddaughter
27,3,Female,Female,Yes,Widowed,29.1,Mother,Daughter,Mother-Daughter
13,19,Female,Female,Yes,Single,18.3,Sister,Sister,Sister-Sister
23,36,Female,Male,No,Single,17.5,Roommate,Roommate,Unrelated
34,57,Female,Male,No,Single,9.3,Roommate,Roommate,Unrelated
60,66,Male,Female,Yes,Single,27.3,Brother,Sister,Brother-Sister
19,57,Female,Male,No,Single,27.8,Roommate,Roommate,Unrelated
54,11,Female,Male,Yes,Widowed,27.3,Grandmother,Grandson,Grandmother-Grandson
31,21,Male,Female,Yes,Single,21.7,Brother,Sister,Brother-Sister
47,41,Male,Male,Yes,Single,27.3,Brother,Brother,Brother-Brother
52,14,Female,Male,Yes,Divorced,20.7,Grandmother,Grandson,Grandmother-Grandson
85,35,Male,Male,Yes,Divorced,4.5,Grandfather,Grandson,Grandfather-Grandson
62,24,Female,Male,Yes,Single,1.4,Grandmother,Grandson,Grandmother-Grandson
89,31,Female,Male,Yes,Married,22.2,Grandmother,Grandson,Grandmother-Grandson
54,6,Male,Male,Yes,Divorced,25.8,Grandfather,Grandson,Grandfather-Grandson
23,16,Female,Female,Yes,Single,10.7,Sister,Sister,Sister-Sister
69,21,Male,Male,Yes,Single,2.7,Father,Son,Father-Son
65,53,Male,Female,Yes,Married,13.6,Husband,Wife,Husband-Wife
76,6,Female,Male,Yes,Single,22.0,Grandmother,Grandson,Grandmother-Grandson
41,6,Male,Female,Yes,Married,17.9,Father,Daughter,Father-Daughter
69,64,Male,Female,Yes,Married,1.1,Husband,Wife,Husband-Wife
49,25,Male,Male,Yes,Divorced,1.7,Father,Son,Father-Son
42,6,Female,Female,Yes,Widowed,22.3,Mother,Daughter,Mother-Daughter
59,3,Female,Male,Yes,Widowed,19.1,Grandmother,Grandson,Grandmother-Grandson
51,41,Male,Female,Yes,Single,24.9,Brother,Sister,Brother-Sister
51,41,Female,Female,Yes,Single,7.9,Sister,Sister,Sister-Sister
59,51,Male,Male,Yes,Single,16.4,Brother,Brother,Brother-Brother
58,0,Male,Male,Yes,Married,13.3,Grandfather,Grandson,Grandfather-Grandson
80,34,Female,Female,Yes,Widowed,21.7,Grandmother,Granddaughter,Grandmother-Granddaughter
54,14,Male,Female,Yes,Divorced,15.9,Grandfather,Granddaughter,Grandfather-Granddaughter
52,54,Female,Female,Yes,Single,18.1,Sister,Sister,Sister-Sister
62,15,Male,Male,Yes,Married,11.3,Father,Son,Father-Son
34,35,Female,Male,No,Single,20.5,Roommate,Roommate,Unrelated
36,13,Female,Male,Yes,Single,15.3,Mother,Son,Mother-Son
36,42,Male,Female,Yes,Married,7.6,Husband,Wife,Husband-Wife
84,34,Male,Male,Yes,Divorced,7.8,Grandfather,Grandson,Grandfather-Grandson
15,16,Male,Female,Yes,Single,10.6,Brother,Sister,Brother-Sister
51,16,Male,Male,Yes,Widowed,21.1,Father,Son,Father-Son
65,28,Male,Male,Yes,Single,29.1,Grandfather,Grandson,Grandfather-Grandson
50,54,Female,Female,Yes,Single,20.9,Sister,Sister,Sister-Sister
26,7,Female,Female,Yes,Married,6.9,Mother,Daughter,Mother-Daughter
69,7,Female,Female,Yes,Single,5.5,Grandmother,Granddaughter,Grandmother-Granddaughter
43,14,Male,Female,Yes,Married,28.4,Father,Daughter,Father-Daughter
51,52,Female,Female,Yes,Single,6.9,Sister,Sister,Sister-Sister
47,25,Male,Female,Yes,Single,12.9,Father,Daughter,Father-Daughter
56,10,Female,Female,Yes,Single,28.5,Grandmother,Granddaughter,Grandmother-Granddaughter
56,5,Female,Male,Yes,Married,19.3,Mother,Son,Mother-Son
62,33,Female,Male,Yes,Divorced,14.1,Mother,Son,Mother-Son
6,0,Male,Female,Yes,Single,12.1,Brother,Sister,Brother-Sister
53,12,Female,Male,Yes,Widowed,17.3,Grandmother,Grandson,Grandmother-Grandson
44,20,Male,Female,Yes,Single,25.7,Father,Daughter,Father-Daughter
56,19,Male,Male,No,Single,18.4,Roommate,Roommate,Unrelated
60,35,Female,Male,Yes,Widowed,29.8,Mother,Son,Mother-Son
32,3,Female,Female,Yes,Widowed,10.7,Mother,Daughter,Mother-Daughter
40,36,Male,Female,Yes,Married,15.3,Husband,Wife,Husband-Wife
36,15,Female,Male,Yes,Widowed,21.0,Mother,Son,Mother-Son
50,1,Male,Female,Yes,Widowed,7.7,Grandfather,Granddaughter,Grandfather-Granddaughter
64,32,Male,Female,Yes,Divorced,5.2,Father,Daughter,Father-Daughter
56,26,Male,Female,Yes,Widowed,4.3,Father,Daughter,Father-Daughter
58,27,Female,Female,Yes,Single,7.6,Mother,Daughter,Mother-Daughter
24,26,Male,Female,Yes,Single,17.3,Brother,Sister,Brother-Sister
89,38,Female,Female,Yes,Married,27.2,Grandmother,Granddaughter,Grandmother-Granddaughter
24,18,Male,Female,Yes,Married,14.7,Husband,Wife,Husband-Wife
55,20,Female,Male,Yes,Married,12.2,Mother,Son,Mother-Son
63,5,Male,Female,Yes,Single,8.6,Father,Daughter,Father-Daughter
36,31,Male,Male,Yes,Single,13.5,Brother,Brother,Brother-Brother
61,23,Female,Male,Yes,Single,6.7,Grandmother,Grandson,Grandmother-Grandson
60,15,Female,Male,Yes,Single,7.6,Mother,Son,Mother-Son
90,42,Female,Female,Yes,Widowed,18.3,Grandmother,Granddaughter,Grandmother-Granddaughter
44,13,Female,Female,Yes,Married,9.0,Mother,Daughter,Mother-Daughter
75,7,Female,Male,Yes,Divorced,4.4,Grandmother,Grandson,Grandmother-Grandson
66,20,Male,Female,Yes,Married,27.1,Grandfather,Granddaughter,Grandfather-Granddaughter
84,15,Female,Female,Yes,Divorced,17.1,Grandmother,Granddaughter,Grandmother-Granddaughter
51,61,Female,Female,Yes,Single,10.2,Sister,Sister,Sister-Sister
64,22,Female,Male,Yes,Single,13.8,Grandmother,Grandson,Grandmother-Grandson
34,3,Female,Female,Yes,Married,14.9,Mother,Daughter,Mother-Daughter
76,41,Female,Male,Yes,Married,25.5,Grandmother,Grandson,Grandmother-Grandson
13,13,Female,Female,Yes,Single,23.5,Sister,Sister,Sister-Sister
70,34,Male,Female,Yes,Single,7.9,Father,Daughter,Father-Daughter
25,28,Female,Female,Yes,Single,26.0,Sister,Sister,Sister-Sister
10,1,Male,Male,Yes,Single,17.8,Brother,Brother,Brother-Brother
61,40,Female,Male,Yes,Married,16.1,Mother,Son,Mother-Son
59,3,Male,Female,Yes,Widowed,22.9,Father,Daughter,Father-Daughter
26,16,Male,Female,Yes,Single,15.3,Brother,Sister,Brother-Sister
51,15,Female,Female,Yes,Married,3.9,Grandmother,Granddaughter,Grandmother-Granddaughter
85,50,Male,Female,Yes,Single,6.2,Grandfather,Granddaughter,Grandfather-Granddaughter
32,26,Male,Female,Yes,Single,16.6,Brother,Sister,Brother-Sister
41,6,Female,Male,Yes,Married,27.6,Mother,Son,Mother-Son
30,5,Female,Female,Yes,Married,2.6,Mother,Daughter,Mother-Daughter
86,28,Male,Male,Yes,Single,17.1,Grandfather,Grandson,Grandfather-Grandson
87,5,Female,Female,Yes,Single,13.0,Grandmother,Granddaughter,Grandmother-Granddaughter
49,6,Female,Male,Yes,Divorced,11.7,Mother,Son,Mother-Son
37,22,Male,Female,No,Single,14.2,Roommate,Roommate,Unrelated
84,16,Male,Female,Yes,Divorced,10.4,Grandfather,Granddaughter,Grandfather-Granddaughter
47,22,Male,Male,Yes,Widowed,14.2,Father,Son,Father-Son
29,10,Female,Female,Yes,Single,6.4,Mother,Daughter,Mother-Daughter
75,23,Male,Male,Yes,Single,10.1,Grandfather,Grandson,Grandfather-Grandson
10,4,Male,Male,Yes,Single,2.0,Brother,Brother,Brother-Brother
14,6,Female,Female,Yes,Single,5.8,Sister,Sister,Sister-Sister
35,16,Female,Female,Yes,Divorced,27.1,Mother,Daughter,Mother-Daughter
84,28,Male,Female,Yes,Married,20.1,Grandfather,Granddaughter,Grandfather-Granddaughter
42,53,Male,Male,Yes,Single,28.3,Roommate,Roommate,Unrelated
66,10,Male,Male,Yes,Widowed,5.3,Grandfather,Grandson,Grandfather-Grandson
38,39,Male,Female,Yes,Married,24.7,Husband,Wife,Husband-Wife
62,22,Male,Female,Yes,Divorced,4.2,Father,Daughter,Father-Daughter
68,32,Male,Male,Yes,Single,0.9,Father,Son,Father-Son
64,37,Male,Male,Yes,Married,1.6,Father,Son,Father-Son
39,49,Male,Male,Yes,Single,7.4,Brother,Brother,Brother-Brother
48,55,Male,Female,Yes,Single,15.8,Brother,Sister,Brother-Sister
36,31,Male,Female,Yes,Single,17.7,Brother,Sister,Brother-Sister
52,31,Male,Male,Yes,Married,17.9,Father,Son,Father-Son
61,24,Male,Male,Yes,Married,21.2,Father,Son,Father-Son
66,29,Male,Female,Yes,Widowed,12.8,Grandfather,Granddaughter,Grandfather-Granddaughter
51,49,Male,Male,Yes,Single,26.0,Brother,Brother,Brother-Brother
76,3,Male,Male,Yes,Widowed,8.7,Grandfather,Grandson,Grandfather-Grandson
35,41,Male,Female,Yes,Married,3.9,Husband,Wife,Husband-Wife
54,30,Male,Male,Yes,Divorced,21.0,Father,Son,Father-Son
58,35,Female,Male,No,Single,23.2,Roommate,Roommate,Unrelated
73,26,Female,Male,Yes,Married,17.8,Grandmother,Grandson,Grandmother-Grandson
52,49,Male,Female,Yes,Single,9.2,Brother,Sister,Brother-Sister
55,35,Male,Male,Yes,Divorced,27.9,Father,Son,Father-Son
34,6,Male,Male,Yes,Divorced,25.6,Father,Son,Father-Son
80,41,Female,Male,Yes,Widowed,1.2,Grandmother,Grandson,Grandmother-Grandson
23,38,Male,Female,No,Single,21.4,Roommate,Roommate,Unrelated
63,22,Female,Male,Yes,Divorced,20.0,Grandmother,Grandson,Grandmother-Grandson
66,20,Male,Male,Yes,Single,29.1,Father,Son,Father-Son
70,23,Male,Male,Yes,Married,10.7,Grandfather,Grandson,Grandfather-Grandson
59,20,Male,Female,Yes,Married,21.6,Grandfather,Granddaughter,Grandfather-Granddaughter
11,7,Male,Female,Yes,Single,4.2,Brother,Sister,Brother-Sister
64,17,Female,Female,Yes,Divorced,28.7,Grandmother,Granddaughter,Grandmother-Granddaughter
51,49,Male,Female,Yes,Single,28.1,Brother,Sister,Brother-Sister
41,18,Male,Female,Yes,Single,19.5,Father,Daughter,Father-Daughter
73,3,Male,Male,Yes,Married,14.1,Grandfather,Grandson,Grandfather-Grandson
66,33,Male,Male,No,Single,28.2,Roommate,Roommate,Unrelated
23,20,Male,Female,Yes,Married,13.0,Husband,Wife,Husband-Wife
55,58,Male,Female,Yes,Single,22.7,Brother,Sister,Brother-Sister
57,19,Female,Male,Yes,Married,5.6,Grandmother,Grandson,Grandmother-Grandson
26,19,Male,Female,Yes,Single,19.5,Brother,Sister,Brother-Sister
38,12,Male,Female,Yes,Married,11.4,Father,Daughter,Father-Daughter
35,6,Male,Male,Yes,Married,28.9,Father,Son,Father-Son
67,0,Male,Male,Yes,Divorced,25.6,Grandfather,Grandson,Grandfather-Grandson
55,52,Male,Female,Yes,Single,1.0,Brother,Sister,Brother-Sister
49,23,Male,Female,Yes,Widowed,2.2,Father,Daughter,Father-Daughter
55,43,Female,Male,No,Single,21.7,Roommate,Roommate,Unrelated
53,7,Male,Female,Yes,Single,18.3,Grandfather,Granddaughter,Grandfather-Granddaughter
42,38,Female,Male,No,Single,1.1,Roommate,Roommate,Unrelated
71,15,Female,Male,Yes,Single,27.8,Grandmother,Grandson,Grandmother-Grandson
12,3,Male,Female,Yes,Single,28.1,Brother,Sister,Brother-Sister
24,36,Male,Female,Yes,Married,3.2,Husband,Wife,Husband-Wife
59,20,Female,Female,Yes,Divorced,14.2,Grandmother,Granddaughter,Grandmother-Granddaughter
54,1,Female,Female,Yes,Single,18.9,Mother,Daughter,Mother-Daughter
75,37,Male,Male,Yes,Married,24.2,Grandfather,Grandson,Grandfather-Grandson
53,14,Female,Female,Yes,Married,5.1,Mother,Daughter,Mother-Daughter
54,14,Female,Male,Yes,Single,2.4,Grandmother,Grandson,Grandmother-Grandson
57,52,Male,Male,Yes,Single,2.6,Brother,Brother,Brother-Brother
41,22,Male,Female,No,Single,11.3,Roommate,Roommate,Unrelated
55,35,Male,Male,Yes,Married,22.7,Father,Son,Father-Son
55,5,Male,Male,Yes,Married,9.0,Grandfather,Grandson,Grandfather-Grandson
23,16,Male,Female,Yes,Single,2.2,Brother,Sister,Brother-Sister
33,27,Male,Female,Yes,Married,16.6,Husband,Wife,Husband-Wife
38,3,Female,Male,Yes,Single,9.8,Mother,Son,Mother-Son
88,51,Female,Male,Yes,Divorced,15.0,Grandmother,Grandson,Grandmother-Grandson
59,57,Female,Female,Yes,Single,8.1,Sister,Sister,Sister-Sister
53,50,Female,Female,Yes,Single,11.8,Sister,Sister,Sister-Sister
40,1,Female,Male,Yes,Widowed,11.6,Mother,Son,Mother-Son
60,18,Female,Male,Yes,Widowed,16.8,Grandmother,Grandson,Grandmother-Grandson
60,2,Male,Male,Yes,Widowed,20.2,Father,Son,Father-Son
44,19,Female,Female,Yes,Widowed,10.5,Mother,Daughter,Mother-Daughter
75,10,Male,Male,Yes,Divorced,21.0,Grandfather,Grandson,Grandfather-Grandson
59,38,Male,Male,Yes,Widowed,19.7,Father,Son,Father-Son
43,46,Male,Female,Yes,Single,7.9,Brother,Sister,Brother-Sister
65,59,Male,Female,Yes,Married,27.4,Husband,Wife,Husband-Wife
46,15,Female,Male,Yes,Divorced,0.7,Mother,Son,Mother-Son
90,27,Female,Female,Yes,Single,8.3,Grandmother,Granddaughter,Grandmother-Granddaughter
32,4,Male,Male,Yes,Married,5.1,Father,Son,Father-Son
32,1,Female,Female,Yes,Single,20.3,Mother,Daughter,Mother-Daughter
17,9,Male,Male,Yes,Single,26.7,Brother,Brother,Brother-Brother
39,32,Male,Female,Yes,Married,9.7,Husband,Wife,Husband-Wife
60,22,Male,Male,No,Single,19.2,Roommate,Roommate,Unrelated
79,5,Female,Male,Yes,Married,8.6,Grandmother,Grandson,Grandmother-Grandson
58,51,Female,Female,Yes,Single,4.7,Sister,Sister,Sister-Sister
35,14,Male,Male,Yes,Divorced,25.4,Father,Son,Father-Son
39,3,Male,Male,Yes,Divorced,9.9,Father,Son,Father-Son
61,4,Male,Male,Yes,Married,9.9,Grandfather,Grandson,Grandfather-Grandson
57,47,Male,Male,Yes,Single,18.6,Brother,Brother,Brother-Brother
49,42,Female,Female,Yes,Single,6.3,Sister,Sister,Sister-Sister
43,40,Male,Female,Yes,Single,8.5,Brother,Sister,Brother-Sister
39,16,Female,Male,Yes,Widowed,13.8,Mother,Son,Mother-Son
45,36,Female,Female,Yes,Single,24.0,Sister,Sister,Sister-Sister
52,48,Female,Female,Yes,Single,2.5,Sister,Sister,Sister-Sister
46,37,Male,Male,Yes,Single,21.4,Brother,Brother,Brother-Brother
51,12,Female,Male,Yes,Divorced,26.4,Mother,Son,Mother-Son
54,66,Male,Female,Yes,Married,15.3,Husband,Wife,Husband-Wife
63,36,Male,Male,No,Single,10.2,Roommate,Roommate,Unrelated
63,2,Female,Female,Yes,Married,4.5,Grandmother,Granddaughter,Grandmother-Granddaughter
28,19,Male,Female,Yes,Single,26.8,Brother,Sister,Brother-Sister
88,25,Male,Male,Yes,Married,1.9,Grandfather,Grandson,Grandfather-Grandson
88,11,Female,Female,Yes,Widowed,21.3,Grandmother,Granddaughter,Grandmother-Granddaughter
63,4,Male,Male,Yes,Married,15.6,Father,Son,Father-Son
48,11,Female,Female,Yes,Married,14.1,Mother,Daughter,Mother-Daughter
46,41,Male,Female,Yes,Married,13.4,Husband,Wife,Husband-Wife
43,1,Male,Female,Yes,Widowed,11.0,Father,Daughter,Father-Daughter
51,8,Male,Male,Yes,Married,7.9,Grandfather,Grandson,Grandfather-Grandson
61,7,Male,Male,Yes,Single,28.0,Grandfather,Grandson,Grandfather-Grandson
50,5,Female,Female,Yes,Widowed,19.3,Grandmother,Granddaughter,Grandmother-Granddaughter
90,14,Male,Male,Yes,Widowed,28.1,Grandfather,Grandson,Grandfather-Grandson
53,19,Female,Male,Yes,Divorced,8.2,Mother,Son,Mother-Son
78,0,Female,Male,Yes,Single,12.6,Grandmother,Grandson,Grandmother-Grandson
38,32,Male,Female,No,Single,28.2,Roommate,Roommate,Unrelated
87,23,Female,Male,Yes,Widowed,0.7,Grandmother,Grandson,Grandmother-Grandson
59,2,Female,Male,Yes,Married,13.0,Grandmother,Grandson,Grandmother-Grandson
78,0,Male,Male,Yes,Divorced,13.8,Grandfather,Grandson,Grandfather-Grandson
29,7,Male,Female,Yes,Married,11.7,Father,Daughter,Father-Daughter
88,24,Female,Female,Yes,Single,18.1,Grandmother,Granddaughter,Grandmother-Granddaughter
38,43,Male,Female,Yes,Single,3.0,Brother,Sister,Brother-Sister
53,16,Male,Female,Yes,Divorced,26.5,Grandfather,Granddaughter,Grandfather-Granddaughter
79,42,Female,Male,Yes,Divorced,4.2,Grandmother,Grandson,Grandmother-Grandson
74,7,Male,Male,Yes,Widowed,5.1,Grandfather,Grandson,Grandfather-Grandson
5,15,Male,Male,Yes,Single,8.2,Brother,Brother,Brother-Brother
89,30,Female,Male,Yes,Single,26.6,Grandmother,Grandson,Grandmother-Grandson
42,43,Male,Female,Yes,Single,10.4,Brother,Sister,Brother-Sister
54,2,Female,Male,Yes,Widowed,10.4,Mother,Son,Mother-Son
56,50,Male,Female,Yes,Married,26.4,Husband,Wife,Husband-Wife
48,14,Female,Female,Yes,Married,11.4,Mother,Daughter,Mother-Daughter
27,5,Female,Male,Yes,Single,15.5,Mother,Son,Mother-Son
53,8,Male,Male,Yes,Single,25.7,Grandfather,Grandson,Grandfather-Grandson
80,1,Female,Female,Yes,Divorced,14.6,Grandmother,Granddaughter,Grandmother-Granddaughter
80,5,Female,Female,Yes,Divorced,13.2,Grandmother,Granddaughter,Grandmother-Granddaughter
86,24,Female,Female,Yes,Divorced,4.7,Grandmother,Granddaughter,Grandmother-Granddaughter
39,0,Female,Female,Yes,Widowed,23.8,Mother,Daughter,Mother-Daughter
78,20,Female,Male,Yes,Single,18.2,Grandmother,Grandson,Grandmother-Grandson
58,4,Female,Female,Yes,Divorced,8.7,Mother,Daughter,Mother-Daughter
75,21,Male,Male,Yes,Single,2.6,Grandfather,Grandson,Grandfather-Grandson
52,26,Male,Male,Yes,Divorced,26.0,Father,Son,Father-Son
66,40,Male,Male,No,Single,5.8,Roommate,Roommate,Unrelated
35,37,Male,Female,Yes,Married,11.2,Husband,Wife,Husband-Wife
32,7,Female,Male,Yes,Divorced,18.4,Mother,Son,Mother-Son
64,37,Female,Female,Yes,Single,11.7,Mother,Daughter,Mother-Daughter
60,23,Female,Male,Yes,Single,22.1,Mother,Son,Mother-Son
59,8,Male,Female,Yes,Widowed,14.9,Father,Daughter,Father-Daughter
89,19,Female,Female,Yes,Single,24.4,Grandmother,Granddaughter,Grandmother-Granddaughter
71,35,Female,Female,Yes,Single,18.4,Grandmother,Granddaughter,Grandmother-Granddaughter
45,53,Male,Male,Yes,Single,6.0,Brother,Brother,Brother-Brother
23,31,Female,Female,Yes,Single,10.1,Sister,Sister,Sister-Sister
32,6,Male,Male,Yes,Divorced,16.1,Father,Son,Father-Son
82,4,Female,Female,Yes,Widowed,17.2,Grandmother,Granddaughter,Grandmother-Granddaughter
44,37,Female,Female,Yes,Single,15.7,Sister,Sister,Sister-Sister
45,3,Female,Male,Yes,Widowed,16.5,Mother,Son,Mother-Son
32,36,Female,Female,Yes,Single,19.6,Sister,Sister,Sister-Sister
38,28,Female,Male,No,Single,13.1,Roommate,Roommate,Unrelated
26,19,Male,Female,Yes,Married,9.7,Husband,Wife,Husband-Wife
13,16,Male,Female,Yes,Single,7.1,Brother,Sister,Brother-Sister
37,11,Female,Male,Yes,Married,20.8,Mother,Son,Mother-Son
13,23,Male,Female,Yes,Single,1.5,Brother,Sister,Brother-Sister
52,52,Male,Male,Yes,Single,22.6,Brother,Brother,Brother-Brother
45,19,Female,Female,Yes,Divorced,28.4,Mother,Daughter,Mother-Daughter
36,28,Male,Female,Yes,Single,18.8,Brother,Sister,Brother-Sister
21,25,Male,Female,Yes,Married,12.8,Husband,Wife,Husband-Wife
25,18,Male,Female,Yes,Married,28.3,Husband,Wife,Husband-Wife
41,68,Female,Male,No,Single,13.5,Roommate,Roommate,Unrelated
53,9,Female,Female,Yes,Single,12.0,Mother,Daughter,Mother-Daughter
60,20,Female,Male,Yes,Divorced,29.6,Grandmother,Grandson,Grandmother-Grandson
74,36,Male,Female,Yes,Widowed,21.7,Grandfather,Granddaughter,Grandfather-Granddaughter
75,27,Male,Female,Yes,Married,24.6,Grandfather,Granddaughter,Grandfather-Granddaughter
72,8,Female,Male,Yes,Married,19.3,Grandmother,Grandson,Grandmother-Grandson
57,14,Female,Female,Yes,Widowed,12.0,Grandmother,Granddaughter,Grandmother-Granddaughter
54,58,Female,Female,No,Single,6.4,Roommate,Roommate,Unrelated
63,28,Male,Female,Yes,Married,17.4,Grandfather,Granddaughter,Grandfather-Granddaughter
29,39,Female,Female,No,Single,28.3,Roommate,Roommate,Unrelated
90,54,Male,Female,Yes,Widowed,0.7,Grandfather,Granddaughter,Grandfather-Granddaughter
64,61,Female,Female,No,Single,2.0,Roommate,Roommate,Unrelated
44,22,Male,Female,Yes,Single,6.9,Father,Daughter,Father-Daughter
72,10,Male,Male,Yes,Divorced,25.2,Grandfather,Grandson,Grandfather-Grandson
65,9,Male,Male,Yes,Single,5.5,Grandfather,Grandson,Grandfather-Grandson
65,38,Male,Female,No,Single,15.8,Roommate,Roommate,Unrelated
69,19,Male,Female,Yes,Married,21.1,Father,Daughter,Father-Daughter
70,30,Male,Male,Yes,Divorced,29.7,Father,Son,Father-Son
22,18,Female,Female,Yes,Single,28.0,Sister,Sister,Sister-Sister
60,59,Male,Female,Yes,Married,27.3,Husband,Wife,Husband-Wife
8,10,Male,Male,Yes,Single,6.5,Brother,Brother,Brother-Brother
86,46,Female,Female,Yes,Single,15.7,Grandmother,Granddaughter,Grandmother-Granddaughter
49,24,Male,Female,Yes,Widowed,8.2,Father,Daughter,Father-Daughter
11,6,Male,Female,Yes,Single,5.0,Brother,Sister,Brother-Sister
37,48,Female,Female,No,Single,28.5,Roommate,Roommate,Unrelated
15,20,Male,Male,Yes,Single,2.5,Brother,Brother,Brother-Brother
48,21,Male,Male,Yes,Single,27.0,Father,Son,Father-Son
6,3,Male,Female,Yes,Single,11.1,Brother,Sister,Brother-Sister
70,7,Male,Male,Yes,Divorced,3.0,Father,Son,Father-Son
38,14,Female,Female,Yes,Single,9.2,Mother,Daughter,Mother-Daughter
52,53,Male,Female,Yes,Single,12.4,Brother,Sister,Brother-Sister
58,13,Female,Male,Yes,Widowed,1.0,Grandmother,Grandson,Grandmother-Grandson
33,12,Male,Male,Yes,Single,1.1,Father,Son,Father-Son
89,28,Male,Male,Yes,Single,3.8,Grandfather,Grandson,Grandfather-Grandson
67,64,Male,Female,Yes,Married,24.5,Husband,Wife,Husband-Wife
22,20,Male,Male,Yes,Single,15.3,Brother,Brother,Brother-Brother
58,6,Female,Male,Yes,Married,25.9,Grandmother,Grandson,Grandmother-Grandson
31,8,Male,Male,Yes,Married,17.1,Father,Son,Father-Son
29,6,Male,Female,Yes,Single,20.9,Father,Daughter,Father-Daughter
60,20,Female,Male,Yes,Divorced,22.6,Mother,Son,Mother-Son
55,14,Female,Male,Yes,Widowed,4.7,Grandmother,Grandson,Grandmother-Grandson
38,37,Female,Female,Yes,Single,24.8,Sister,Sister,Sister-Sister
78,34,Female,Female,Yes,Single,7.4,Grandmother,Granddaughter,Grandmother-Granddaughter
29,3,Female,Male,Yes,Single,20.2,Mother,Son,Mother-Son
45,18,Male,Male,Yes,Single,24.8,Father,Son,Father-Son
57,12,Female,Male,Yes,Divorced,24.2,Grandmother,Grandson,Grandmother-Grandson
37,47,Male,Female,Yes,Single,7.4,Brother,Sister,Brother-Sister
48,58,Male,Female,Yes,Married,26.2,Husband,Wife,Husband-Wife
28,20,Male,Female,Yes,Married,26.3,Husband,Wife,Husband-Wife
10,15,Male,Female,Yes,Single,1.2,Brother,Sister,Brother-Sister
86,4,Female,Female,Yes,Divorced,28.8,Grandmother,Granddaughter,Grandmother-Granddaughter
83,20,Female,Male,Yes,Single,18.6,Grandmother,Grandson,Grandmother-Grandson
43,41,Male,Female,Yes,Single,14.8,Brother,Sister,Brother-Sister
38,19,Female,Male,No,Single,1.5,Roommate,Roommate,Unrelated
67,9,Female,Female,Yes,Divorced,19.0,Grandmother,Granddaughter,Grandmother-Granddaughter
61,16,Female,Male,Yes,Single,9.5,Mother,Son,Mother-Son
35,39,Female,Female,Yes,Single,9.8,Sister,Sister,Sister-Sister
51,15,Female,Female,Yes,Married,7.0,Grandmother,Granddaughter,Grandmother-Granddaughter
63,22,Female,Male,Yes,Divorced,15.8,Grandmother,Grandson,Grandmother-Grandson
11,16,Female,Female,Yes,Single,6.7,Sister,Sister,Sister-Sister
84,9,Female,Female,Yes,Widowed,28.6,Grandmother,Granddaughter,Grandmother-Granddaughter
44,49,Male,Female,Yes,Married,2.6,Husband,Wife,Husband-Wife
85,16,Male,Female,Yes,Single,20.9,Grandfather,Granddaughter,Grandfather-Granddaughter
53,55,Male,Female,Yes,Married,19.0,Husband,Wife,Husband-Wife
83,25,Female,Female,Yes,Widowed,18.7,Grandmother,Granddaughter,Grandmother-Granddaughter
57,13,Male,Female,Yes,Married,1.3,Grandfather,Granddaughter,Grandfather-Granddaughter
27,7,Female,Female,Yes,Divorced,29.3,Mother,Daughter,Mother-Daughter
31,0,Female,Female,Yes,Married,1.7,Mother,Daughter,Mother-Daughter
63,9,Female,Female,Yes,Widowed,29.9,Grandmother,Granddaughter,Grandmother-Granddaughter
63,24,Male,Female,Yes,Single,5.9,Grandfather,Granddaughter,Grandfather-Granddaughter
23,21,Male,Male,Yes,Single,1.4,Brother,Brother,Brother-Brother
58,10,Male,Male,Yes,Widowed,9.0,Grandfather,Grandson,Grandfather-Grandson
89,2,Female,Male,Yes,Widowed,18.9,Grandmother,Grandson,Grandmother-Grandson
68,64,Male,Female,Yes,Married,22.4,Husband,Wife,Husband-Wife
64,18,Female,Male,Yes,Married,23.4,Mother,Son,Mother-Son
25,3,Female,Male,Yes,Widowed,10.8,Mother,Son,Mother-Son
46,25,Male,Female,Yes,Single,23.1,Father,Daughter,Father-Daughter
33,35,Female,Female,Yes,Single,27.8,Sister,Sister,Sister-Sister
68,0,Female,Female,Yes,Widowed,10.3,Grandmother,Granddaughter,Grandmother-Granddaughter
68,68,Male,Female,Yes,Married,7.6,Husband,Wife,Husband-Wife
45,37,Male,Male,Yes,Single,20.1,Brother,Brother,Brother-Brother
66,4,Male,Female,Yes,Divorced,2.8,Grandfather,Granddaughter,Grandfather-Granddaughter
30,21,Male,Female,Yes,Single,25.3,Brother,Sister,Brother-Sister
5,15,Male,Male,Yes,Single,5.3,Brother,Brother,Brother-Brother
54,16,Male,Male,Yes,Married,28.5,Grandfather,Grandson,Grandfather-Grandson
38,4,Female,Male,Yes,Married,25.6,Mother,Son,Mother-Son
62,68,Male,Female,Yes,Married,8.5,Husband,Wife,Husband-Wife
12,12,Male,Male,Yes,Single,21.1,Brother,Brother,Brother-Brother
11,16,Female,Female,Yes,Single,0.7,Sister,Sister,Sister-Sister
48,13,Male,Male,Yes,Widowed,16.2,Father,Son,Father-Son
83,28,Male,Male,Yes,Single,6.3,Grandfather,Grandson,Grandfather-Grandson
84,38,Female,Male,Yes,Single,13.7,Grandmother,Grandson,Grandmother-Grandson
45,44,Male,Female,Yes,Married,11.2,Husband,Wife,Husband-Wife
16,7,Male,Male,Yes,Single,25.3,Brother,Brother,Brother-Brother
73,14,Male,Male,Yes,Divorced,28.3,Grandfather,Grandson,Grandfather-Grandson
53,1,Female,Male,Yes,Widowed,8.1,Grandmother,Grandson,Grandmother-Grandson
40,42,Male,Male,Yes,Single,25.5,Brother,Brother,Brother-Brother
54,21,Female,Female,Yes,Widowed,9.5,Mother,Daughter,Mother-Daughter
44,26,Female,Female,Yes,Single,8.6,Mother,Daughter,Mother-Daughter
82,33,Male,Male,Yes,Married,22.6,Grandfather,Grandson,Grandfather-Grandson
25,33,Female,Female,Yes,Single,28.9,Sister,Sister,Sister-Sister
43,11,Female,Male,Yes,Married,9.7,Mother,Son,Mother-Son
68,16,Male,Male,Yes,Widowed,11.0,Grandfather,Grandson,Grandfather-Grandson
54,10,Male,Male,Yes,Widowed,28.0,Grandfather,Grandson,Grandfather-Grandson
63,12,Female,Male,Yes,Widowed,18.9,Grandmother,Grandson,Grandmother-Grandson
27,30,Female,Female,No,Single,14.3,Roommate,Roommate,Unrelated
28,8,Female,Male,Yes,Married,26.4,Mother,Son,Mother-Son
5,9,Male,Male,Yes,Single,18.5,Brother,Brother,Brother-Brother
9,14,Male,Male,Yes,Single,22.8,Brother,Brother,Brother-Brother
40,22,Female,Female,Yes,Married,7.1,Mother,Daughter,Mother-Daughter
6,5,Male,Female,Yes,Single,13.1,Brother,Sister,Brother-Sister
66,78,Male,Female,Yes,Married,11.4,Husband,Wife,Husband-Wife
36,37,Male,Male,Yes,Single,20.4,Brother,Brother,Brother-Brother
75,1,Female,Female,Yes,Divorced,27.6,Grandmother,Granddaughter,Grandmother-Granddaughter
30,2,Male,Male,Yes,Widowed,3.1,Father,Son,Father-Son
21,42,Male,Male,Yes,Single,23.8,Roommate,Roommate,Unrelated
66,21,Female,Male,Yes,Divorced,24.4,Grandmother,Grandson,Grandmother-Grandson
65,47,Male,Male,Yes,Widowed,23.4,Father,Son,Father-Son
51,9,Male,Female,Yes,Married,7.6,Grandfather,Granddaughter,Grandfather-Granddaughter
45,38,Female,Female,Yes,Single,1.6,Sister,Sister,Sister-Sister
29,5,Female,Female,Yes,Divorced,9.6,Mother,Daughter,Mother-Daughter
64,41,Female,Female,Yes,Widowed,8.3,Mother,Daughter,Mother-Daughter
43,12,Male,Male,Yes,Single,15.1,Father,Son,Father-Son
58,23,Female,Female,Yes,Married,24.2,Grandmother,Granddaughter,Grandmother-Granddaughter
79,25,Female,Female,Yes,Single,8.6,Grandmother,Granddaughter,Grandmother-Granddaughter
53,47,Female,Female,Yes,Single,4.8,Sister,Sister,Sister-Sister
43,15,Female,Male,Yes,Divorced,6.2,Mother,Son,Mother-Son
51,2,Female,Male,Yes,Widowed,10.3,Grandmother,Grandson,Grandmother-Grandson
79,1,Female,Male,Yes,Married,28.4,Grandmother,Grandson,Grandmother-Grandson
44,37,Female,Female,Yes,Single,2.1,Sister,Sister,Sister-Sister
54,48,Female,Female,Yes,Single,23.6,Sister,Sister,Sister-Sister
80,20,Male,Male,Yes,Widowed,15.1,Grandfather,Grandson,Grandfather-Grandson
83,0,Male,Male,Yes,Divorced,5.5,Grandfather,Grandson,Grandfather-Grandson
10,14,Female,Female,Yes,Single,26.6,Sister,Sister,Sister-Sister
27,56,Male,Male,No,Single,25.0,Roommate,Roommate,Unrelated
44,12,Male,Female,Yes,Widowed,20.7,Father,Daughter,Father-Daughter
47,13,Female,Female,Yes,Divorced,26.0,Mother,Daughter,Mother-Daughter
90,55,Female,Male,Yes,Married,26.0,Grandmother,Grandson,Grandmother-Grandson
53,7,Male,Female,Yes,Single,19.4,Grandfather,Granddaughter,Grandfather-Granddaughter
86,46,Male,Female,Yes,Married,15.5,Grandfather,Granddaughter,Grandfather-Granddaughter
34,9,Female,Female,Yes,Married,9.3,Mother,Daughter,Mother-Daughter
48,19,Female,Male,Yes,Married,1.2,Mother,Son,Mother-Son
82,27,Female,Male,Yes,Divorced,25.7,Grandmother,Grandson,Grandmother-Grandson
52,22,Female,Female,No,Single,14.4,Roommate,Roommate,Unrelated
22,23,Male,Female,Yes,Married,3.5,Husband,Wife,Husband-Wife
24,16,Male,Female,Yes,Single,18.4,Brother,Sister,Brother-Sister
47,52,Male,Female,Yes,Single,16.5,Brother,Sister,Brother-Sister
40,17,Female,Male,Yes,Divorced,18.4,Mother,Son,Mother-Son
57,23,Male,Male,Yes,Divorced,9.1,Father,Son,Father-Son
64,14,Female,Male,Yes,Divorced,13.7,Grandmother,Grandson,Grandmother-Grandson
40,3,Female,Female,Yes,Divorced,29.2,Mother,Daughter,Mother-Daughter
53,62,Male,Female,Yes,Married,10.0,Husband,Wife,Husband-Wife
66,29,Female,Female,Yes,Single,26.2,Grandmother,Granddaughter,Grandmother-Granddaughter
16,8,Male,Male,Yes,Single,23.5,Brother,Brother,Brother-Brother
82,4,Female,Male,Yes,Divorced,27.7,Grandmother,Grandson,Grandmother-Grandson
54,26,Male,Female,Yes,Divorced,3.8,Father,Daughter,Father-Daughter
70,18,Male,Male,Yes,Divorced,26.3,Grandfather,Grandson,Grandfather-Grandson
40,8,Female,Female,Yes,Single,2.6,Mother,Daughter,Mother-Daughter
71,32,Male,Female,Yes,Married,14.1,Grandfather,Granddaughter,Grandfather-Granddaughter
81,21,Male,Female,Yes,Divorced,22.7,Grandfather,Granddaughter,Grandfather-Granddaughter
57,20,Female,Female,Yes,Single,9.3,Mother,Daughter,Mother-Daughter
72,13,Female,Male,Yes,Divorced,20.5,Grandmother,Grandson,Grandmother-Grandson
8,13,Male,Female,Yes,Single,22.8,Brother,Sister,Brother-Sister
31,2,Male,Female,Yes,Widowed,20.5,Father,Daughter,Father-Daughter
36,11,Female,Male,Yes,Widowed,20.0,Mother,Son,Mother-Son
71,24,Male,Male,Yes,Divorced,7.2,Grandfather,Grandson,Grandfather-Grandson
78,43,Female,Female,Yes,Widowed,27.4,Grandmother,Granddaughter,Grandmother-Granddaughter
76,37,Male,Female,Yes,Widowed,3.3,Grandfather,Granddaughter,Grandfather-Granddaughter
74,38,Female,Male,Yes,Single,24.1,Grandmother,Grandson,Grandmother-Grandson
44,18,Female,Female,Yes,Married,17.1,Mother,Daughter,Mother-Daughter
50,51,Male,Female,Yes,Single,8.5,Brother,Sister,Brother-Sister
50,1,Male,Female,Yes,Married,27.7,Grandfather,Granddaughter,Grandfather-Granddaughter
81,37,Female,Female,Yes,Widowed,17.1,Grandmother,Granddaughter,Grandmother-Granddaughter
81,44,Female,Male,Yes,Single,18.4,Grandmother,Grandson,Grandmother-Grandson
85,22,Male,Male,Yes,Widowed,10.2,Grandfather,Grandson,Grandfather-Grandson
32,8,Male,Male,Yes,Divorced,5.9,Father,Son,Father-Son
90,5,Female,Female,Yes,Married,13.9,Grandmother,Granddaughter,Grandmother-Granddaughter
55,17,Male,Female,Yes,Widowed,7.4,Grandfather,Granddaughter,Grandfather-Granddaughter
79,10,Female,Female,Yes,Single,16.9,Grandmother,Granddaughter,Grandmother-Granddaughter
74,30,Female,Male,Yes,Single,25.8,Grandmother,Grandson,Grandmother-Grandson
29,10,Male,Female,Yes,Divorced,7.4,Father,Daughter,Father-Daughter
65,26,Male,Female,Yes,Widowed,18.4,Grandfather,Granddaughter,Grandfather-Granddaughter
86,38,Female,Female,Yes,Married,27.0,Grandmother,Granddaughter,Grandmother-Granddaughter
39,15,Female,Male,Yes,Single,25.3,Mother,Son,Mother-Son
64,43,Male,Male,Yes,Divorced,15.3,Father,Son,Father-Son
32,8,Male,Male,Yes,Divorced,3.3,Father,Son,Father-Son
57,18,Male,Female,Yes,Married,15.0,Father,Daughter,Father-Daughter
59,1,Male,Male,Yes,Married,11.4,Father,Son,Father-Son
56,46,Male,Female,Yes,Single,17.1,Brother,Sister,Brother-Sister
51,12,Female,Male,Yes,Married,29.4,Grandmother,Grandson,Grandmother-Grandson
43,42,Female,Female,Yes,Single,15.6,Sister,Sister,Sister-Sister
51,26,Female,Female,Yes,Widowed,24.4,Mother,Daughter,Mother-Daughter
49,42,Female,Female,Yes,Single,13.6,Sister,Sister,Sister-Sister
74,18,Male,Female,Yes,Single,8.8,Grandfather,Granddaughter,Grandfather-Granddaughter
37,39,Male,Male,No,Single,14.2,Roommate,Roommate,Unrelated
40,44,Male,Female,Yes,Single,23.0,Brother,Sister,Brother-Sister
27,33,Male,Female,Yes,Married,15.8,Husband,Wife,Husband-Wife
57,18,Male,Male,Yes,Single,5.3,Father,Son,Father-Son
29,19,Female,Female,Yes,Single,13.7,Sister,Sister,Sister-Sister
56,16,Female,Male,Yes,Widowed,16.0,Grandmother,Grandson,Grandmother-Grandson
76,36,Female,Male,Yes,Married,5.6,Grandmother,Grandson,Grandmother-Grandson
31,23,Male,Male,Yes,Single,6.8,Brother,Brother,Brother-Brother
59,35,Male,Male,Yes,Widowed,5.7,Father,Son,Father-Son
30,7,Female,Female,Yes,Single,28.5,Mother,Daughter,Mother-Daughter
11,11,Male,Male,Yes,Single,24.2,Brother,Brother,Brother-Brother
44,53,Female,Female,Yes,Single,25.5,Roommate,Roommate,Unrelated
53,59,Female,Female,Yes,Single,1.8,Sister,Sister,Sister-Sister
45,40,Female,Female,Yes,Single,27.6,Sister,Sister,Sister-Sister
90,53,Male,Female,Yes,Married,18.9,Grandfather,Granddaughter,Grandfather-Granddaughter
89,7,Female,Female,Yes,Divorced,13.9,Grandmother,Granddaughter,Grandmother-Granddaughter
56,8,Female,Female,Yes,Single,17.3,Grandmother,Granddaughter,Grandmother-Granddaughter
66,56,Male,Female,Yes,Married,21.5,Husband,Wife,Husband-Wife
56,29,Male,Female,Yes,Married,27.5,Father,Daughter,Father-Daughter
52,12,Female,Female,Yes,Single,14.1,Grandmother,Granddaughter,Grandmother-Granddaughter
90,36,Male,Male,Yes,Widowed,5.1,Grandfather,Grandson,Grandfather-Grandson
22,27,Male,Male,Yes,Single,22.2,Brother,Brother,Brother-Brother
68,19,Female,Female,Yes,Married,13.0,Grandmother,Granddaughter,Grandmother-Granddaughter
68,44,Male,Female,Yes,Divorced,27.9,Father,Daughter,Father-Daughter
63,25,Female,Male,Yes,Single,17.1,Grandmother,Grandson,Grandmother-Grandson
59,3,Male,Female,Yes,Married,6.7,Grandfather,Granddaughter,Grandfather-Granddaughter
55,18,Female,Male,Yes,Divorced,29.3,Grandmother,Grandson,Grandmother-Grandson
55,58,Male,Male,Yes,Single,11.7,Brother,Brother,Brother-Brother
28,28,Male,Female,Yes,Single,14.8,Brother,Sister,Brother-Sister
37,47,Male,Female,Yes,Married,28.7,Husband,Wife,Husband-Wife
40,49,Male,Male,Yes,Single,23.7,Brother,Brother,Brother-Brother
27,2,Female,Female,Yes,Divorced,9.8,Mother,Daughter,Mother-Daughter
33,65,Female,Female,No,Single,20.7,Roommate,Roommate,Unrelated
25,3,Female,Female,Yes,Married,6.6,Mother,Daughter,Mother-Daughter
29,25,Male,Female,Yes,Married,13.6,Husband,Wife,Husband-Wife
50,15,Male,Male,Yes,Divorced,9.1,Grandfather,Grandson,Grandfather-Grandson
28,35,Female,Female,No,Single,23.7,Roommate,Roommate,Unrelated
53,54,Male,Female,No,Single,13.3,Roommate,Roommate,Unrelated
58,16,Female,Male,Yes,Single,18.9,Mother,Son,Mother-Son
53,12,Male,Male,Yes,Widowed,22.5,Father,Son,Father-Son
40,13,Female,Male,Yes,Widowed,24.8,Mother,Son,Mother-Son
51,16,Female,Male,Yes,Single,2.4,Grandmother,Grandson,Grandmother-Grandson
52,14,Female,Male,Yes,Divorced,4.3,Grandmother,Grandson,Grandmother-Grandson
47,4,Male,Female,Yes,Divorced,2.8,Father,Daughter,Father-Daughter
45,46,Female,Female,Yes,Single,19.4,Roommate,Roommate,Unrelated
37,15,Female,Female,Yes,Widowed,28.4,Mother,Daughter,Mother-Daughter
61,28,Female,Female,Yes,Married,28.3,Mother,Daughter,Mother-Daughter
71,20,Male,Female,Yes,Married,20.3,Grandfather,Granddaughter,Grandfather-Granddaughter
55,2,Male,Female,Yes,Married,14.6,Grandfather,Granddaughter,Grandfather-Granddaughter
57,6,Male,Female,Yes,Married,24.6,Father,Daughter,Father-Daughter
63,21,Female,Female,Yes,Married,2.2,Grandmother,Granddaughter,Grandmother-Granddaughter
70,12,Female,Male,Yes,Single,7.6,Grandmother,Grandson,Grandmother-Grandson
62,74,Male,Female,Yes,Married,27.4,Husband,Wife,Husband-Wife
30,33,Male,Female,Yes,Married,12.6,Husband,Wife,Husband-Wife
33,0,Female,Female,Yes,Single,22.9,Mother,Daughter,Mother-Daughter
56,65,Male,Female,Yes,Single,12.5,Brother,Sister,Brother-Sister
87,2,Female,Female,Yes,Divorced,27.9,Grandmother,Granddaughter,Grandmother-Granddaughter
77,27,Male,Male,Yes,Widowed,5.1,Grandfather,Grandson,Grandfather-Grandson
36,6,Female,Female,Yes,Divorced,11.8,Mother,Daughter,Mother-Daughter
59,31,Female,Male,Yes,Divorced,20.6,Mother,Son,Mother-Son
18,13,Male,Female,Yes,Single,16.9,Brother,Sister,Brother-Sister
26,35,Male,Female,Yes,Single,29.3,Brother,Sister,Brother-Sister
28,0,Male,Female,Yes,Widowed,6.7,Father,Daughter,Father-Daughter
7,0,Male,Male,Yes,Single,3.2,Brother,Brother,Brother-Brother
58,39,Female,Male,Yes,Married,1.1,Mother,Son,Mother-Son
63,9,Male,Female,Yes,Widowed,21.3,Grandfather,Granddaughter,Grandfather-Granddaughter
62,18,Male,Female,Yes,Single,2.1,Grandfather,Granddaughter,Grandfather-Granddaughter
80,12,Female,Male,Yes,Single,28.9,Grandmother,Grandson,Grandmother-Grandson
30,24,Female,Female,Yes,Single,25.5,Sister,Sister,Sister-Sister
14,7,Female,Female,Yes,Single,23.2,Sister,Sister,Sister-Sister
42,52,Female,Female,Yes,Single,9.6,Sister,Sister,Sister-Sister
44,59,Male,Female,No,Single,3.6,Roommate,Roommate,Unrelated
55,2,Female,Male,Yes,Married,2.8,Mother,Son,Mother-Son
39,4,Male,Male,Yes,Single,16.5,Father,Son,Father-Son
41,22,Female,Male,Yes,Married,6.0,Mother,Son,Mother-Son
64,43,Male,Male,Yes,Widowed,1.8,Father,Son,Father-Son
58,48,Male,Male,Yes,Single,7.0,Brother,Brother,Brother-Brother
89,28,Female,Female,Yes,Widowed,21.9,Grandmother,Granddaughter,Grandmother-Granddaughter
55,19,Male,Female,Yes,Widowed,14.5,Grandfather,Granddaughter,Grandfather-Granddaughter
56,19,Male,Female,Yes,Widowed,20.0,Grandfather,Granddaughter,Grandfather-Granddaughter
52,4,Female,Male,Yes,Widowed,29.1,Grandmother,Grandson,Grandmother-Grandson
83,45,Male,Female,Yes,Divorced,16.4,Grandfather,Granddaughter,Grandfather-Granddaughter
43,20,Female,Male,Yes,Widowed,17.8,Mother,Son,Mother-Son
54,20,Female,Female,No,Single,15.7,Roommate,Roommate,Unrelated
51,14,Female,Female,Yes,Widowed,21.9,Grandmother,Granddaughter,Grandmother-Granddaughter
34,14,Female,Female,Yes,Single,21.3,Mother,Daughter,Mother-Daughter
81,15,Female,Female,Yes,Widowed,26.7,Grandmother,Granddaughter,Grandmother-Granddaughter
62,23,Female,Male,Yes,Married,18.1,Grandmother,Grandson,Grandmother-Grandson
14,4,Female,Female,Yes,Single,12.2,Sister,Sister,Sister-Sister
49,10,Female,Male,Yes,Divorced,28.9,Mother,Son,Mother-Son
64,9,Female,Male,Yes,Widowed,21.4,Grandmother,Grandson,Grandmother-Grandson
61,28,Male,Male,Yes,Single,22.4,Father,Son,Father-Son
79,7,Female,Male,Yes,Divorced,29.6,Grandmother,Grandson,Grandmother-Grandson
35,12,Female,Male,Yes,Single,28.7,Mother,Son,Mother-Son
41,5,Male,Female,Yes,Single,13.3,Father,Daughter,Father-Daughter
32,13,Female,Female,Yes,Single,11.3,Mother,Daughter,Mother-Daughter
37,37,Male,Female,Yes,Single,2.8,Brother,Sister,Brother-Sister
57,67,Male,Male,Yes,Single,22.3,Brother,Brother,Brother-Brother
44,53,Male,Female,Yes,Single,12.8,Brother,Sister,Brother-Sister
81,33,Male,Male,Yes,Single,14.4,Grandfather,Grandson,Grandfather-Grandson
58,54,Female,Female,Yes,Single,28.8,Sister,Sister,Sister-Sister
72,11,Male,Female,Yes,Married,16.1,Grandfather,Granddaughter,Grandfather-Granddaughter
62,22,Male,Male,Yes,Divorced,8.0,Father,Son,Father-Son
33,5,Male,Male,Yes,Divorced,21.9,Father,Son,Father-Son
45,46,Male,Male,Yes,Single,13.6,Brother,Brother,Brother-Brother
61,12,Male,Female,Yes,Widowed,12.6,Grandfather,Granddaughter,Grandfather-Granddaughter
75,14,Male,Male,Yes,Divorced,15.8,Grandfather,Grandson,Grandfather-Grandson
21,21,Male,Female,Yes,Single,11.6,Brother,Sister,Brother-Sister
61,39,Male,Male,No,Single,8.3,Roommate,Roommate,Unrelated
58,55,Female,Female,Yes,Single,25.1,Sister,Sister,Sister-Sister
85,9,Female,Male,Yes,Widowed,23.9,Grandmother,Grandson,Grandmother-Grandson
63,1,Male,Female,Yes,Single,29.2,Grandfather,Granddaughter,Grandfather-Granddaughter
23,14,Female,Female,Yes,Single,1.7,Sister,Sister,Sister-Sister
58,64,Male,Female,Yes,Married,28.9,Husband,Wife,Husband-Wife
21,13,Male,Female,Yes,Single,22.1,Brother,Sister,Brother-Sister
67,10,Female,Female,Yes,Widowed,17.3,Grandmother,Granddaughter,Grandmother-Granddaughter
42,9,Male,Male,Yes,Divorced,18.1,Father,Son,Father-Son
59,20,Male,Male,Yes,Single,9.3,Grandfather,Grandson,Grandfather-Grandson
53,11,Female,Female,Yes,Married,14.7,Grandmother,Granddaughter,Grandmother-Granddaughter
24,18,Male,Female,Yes,Married,19.3,Husband,Wife,Husband-Wife
16,21,Female,Female,Yes,Single,28.4,Sister,Sister,Sister-Sister
41,22,Male,Male,Yes,Divorced,14.4,Father,Son,Father-Son
44,47,Male,Male,No,Single,16.1,Roommate,Roommate,Unrelated
48,29,Male,Female,Yes,Divorced,19.0,Father,Daughter,Father-Daughter
32,40,Male,Female,Yes,Single,16.7,Brother,Sister,Brother-Sister
52,15,Female,Male,Yes,Single,18.2,Mother,Son,Mother-Son
44,53,Female,Female,Yes,Single,23.1,Sister,Sister,Sister-Sister
35,17,Male,Male,Yes,Divorced,27.9,Father,Son,Father-Son
26,7,Female,Male,Yes,Widowed,19.8,Mother,Son,Mother-Son
36,5,Female,Male,Yes,Widowed,15.9,Mother,Son,Mother-Son
13,6,Male,Male,Yes,Single,27.9,Brother,Brother,Brother-Brother
77,10,Female,Female,Yes,Single,25.4,Grandmother,Granddaughter,Grandmother-Granddaughter
33,13,Female,Female,Yes,Single,2.5,Mother,Daughter,Mother-Daughter
36,6,Female,Male,Yes,Divorced,18.2,Mother,Son,Mother-Son
44,24,Male,Male,Yes,Widowed,19.7,Father,Son,Father-Son
54,5,Female,Female,Yes,Single,15.3,Grandmother,Granddaughter,Grandmother-Granddaughter
26,36,Male,Female,Yes,Single,13.2,Brother,Sister,Brother-Sister
32,12,Male,Female,Yes,Divorced,7.0,Father,Daughter,Father-Daughter
50,21,Male,Male,Yes,Widowed,8.8,Father,Son,Father-Son
9,16,Male,Male,Yes,Single,22.7,Brother,Brother,Brother-Brother
90,42,Male,Male,Yes,Single,2.1,Grandfather,Grandson,Grandfather-Grandson
49,58,Male,Male,Yes,Single,27.1,Brother,Brother,Brother-Brother
32,7,Male,Male,Yes,Married,1.9,Father,Son,Father-Son
51,30,Female,Female,Yes,Single,16.5,Roommate,Roommate,Unrelated
47,50,Male,Male,Yes,Single,23.0,Brother,Brother,Brother-Brother
54,57,Male,Male,Yes,Single,30.0,Brother,Brother,Brother-Brother
50,22,Female,Female,Yes,Divorced,4.6,Mother,Daughter,Mother-Daughter
49,1,Male,Male,Yes,Widowed,15.0,Father,Son,Father-Son
31,6,Female,Female,Yes,Widowed,6.2,Mother,Daughter,Mother-Daughter
79,34,Male,Female,Yes,Widowed,18.9,Grandfather,Granddaughter,Grandfather-Granddaughter
22,18,Male,Female,Yes,Married,22.8,Husband,Wife,Husband-Wife
85,8,Male,Male,Yes,Widowed,30.0,Grandfather,Grandson,Grandfather-Grandson
49,42,Male,Male,Yes,Single,23.3,Brother,Brother,Brother-Brother
10,14,Female,Female,Yes,Single,23.1,Sister,Sister,Sister-Sister
42,17,Female,Female,Yes,Single,23.7,Mother,Daughter,Mother-Daughter
43,44,Male,Female,Yes,Single,23.1,Brother,Sister,Brother-Sister
48,27,Female,Male,Yes,Divorced,4.4,Mother,Son,Mother-Son
39,12,Female,Male,Yes,Single,3.6,Mother,Son,Mother-Son
42,51,Female,Female,Yes,Single,29.0,Sister,Sister,Sister-Sister
35,44,Male,Male,Yes,Single,20.9,Brother,Brother,Brother-Brother
78,20,Male,Male,Yes,Widowed,7.8,Grandfather,Grandson,Grandfather-Grandson
28,3,Male,Female,Yes,Divorced,24.0,Father,Daughter,Father-Daughter
69,1,Male,Female,Yes,Widowed,17.8,Father,Daughter,Father-Daughter
39,10,Male,Female,Yes,Single,8.5,Father,Daughter,Father-Daughter
56,49,Male,Female,Yes,Single,19.1,Brother,Sister,Brother-Sister
34,7,Male,Female,Yes,Widowed,13.9,Father,Daughter,Father-Daughter
47,40,Female,Female,Yes,Single,10.9,Sister,Sister,Sister-Sister
20,67,Male,Male,No,Single,21.1,Roommate,Roommate,Unrelated
29,37,Male,Male,Yes,Single,15.5,Brother,Brother,Brother-Brother
50,8,Male,Female,Yes,Divorced,9.7,Father,Daughter,Father-Daughter
89,26,Male,Female,Yes,Single,14.1,Grandfather,Granddaughter,Grandfather-Granddaughter
46,26,Male,Female,Yes,Single,28.6,Father,Daughter,Father-Daughter
67,43,Male,Female,Yes,Single,17.3,Father,Daughter,Father-Daughter
56,38,Female,Female,No,Single,3.9,Roommate,Roommate,Unrelated
45,27,Male,Male,Yes,Single,27.2,Father,Son,Father-Son
71,3,Female,Male,Yes,Divorced,24.4,Grandmother,Grandson,Grandmother-Grandson
62,44,Female,Male,Yes,Single,1.6,Mother,Son,Mother-Son
52,45,Male,Male,Yes,Single,21.2,Brother,Brother,Brother-Brother
54,6,Female,Female,Yes,Married,14.9,Mother,Daughter,Mother-Daughter
34,24,Female,Female,Yes,Single,16.9,Sister,Sister,Sister-Sister
87,27,Male,Male,Yes,Single,7.6,Grandfather,Grandson,Grandfather-Grandson
59,10,Male,Female,Yes,Single,14.4,Grandfather,Granddaughter,Grandfather-Granddaughter
31,65,Female,Female,No,Single,28.7,Roommate,Roommate,Unrelated
40,10,Female,Female,Yes,Widowed,7.2,Mother,Daughter,Mother-Daughter
66,11,Female,Female,Yes,Single,11.5,Grandmother,Granddaughter,Grandmother-Granddaughter
56,10,Female,Female,Yes,Single,15.6,Grandmother,Granddaughter,Grandmother-Granddaughter
65,37,Female,Female,Yes,Widowed,21.3,Mother,Daughter,Mother-Daughter
66,34,Male,Male,No,Single,12.3,Roommate,Roommate,Unrelated
51,6,Male,Male,Yes,Widowed,20.2,Grandfather,Grandson,Grandfather-Grandson
24,15,Male,Male,Yes,Single,6.9,Brother,Brother,Brother-Brother
51,5,Male,Female,Yes,Widowed,11.8,Grandfather,Granddaughter,Grandfather-Granddaughter
45,64,Male,Female,No,Single,10.0,Roommate,Roommate,Unrelated
70,34,Male,Male,Yes,Married,12.3,Grandfather,Grandson,Grandfather-Grandson
81,10,Male,Female,Yes,Single,12.5,Grandfather,Granddaughter,Grandfather-Granddaughter
26,7,Female,Male,Yes,Single,29.2,Mother,Son,Mother-Son
46,2,Female,Male,Yes,Married,29.5,Mother,Son,Mother-Son
41,9,Female,Male,Yes,Widowed,17.0,Mother,Son,Mother-Son
43,20,Female,Male,Yes,Divorced,8.2,Mother,Son,Mother-Son
59,13,Female,Female,Yes,Married,10.2,Grandmother,Granddaughter,Grandmother-Granddaughter
39,8,Female,Female,Yes,Married,22.0,Mother,Daughter,Mother-Daughter
60,32,Male,Female,Yes,Divorced,12.0,Father,Daughter,Father-Daughter
35,38,Male,Female,Yes,Married,5.4,Husband,Wife,Husband-Wife
73,35,Male,Male,Yes,Single,28.8,Grandfather,Grandson,Grandfather-Grandson
62,14,Female,Male,Yes,Married,22.7,Mother,Son,Mother-Son
59,19,Male,Female,Yes,Single,26.2,Grandfather,Granddaughter,Grandfather-Granddaughter
55,45,Male,Male,Yes,Single,4.3,Brother,Brother,Brother-Brother
64,50,Male,Male,No,Single,24.4,Roommate,Roommate,Unrelated
29,27,Male,Female,Yes,Single,15.2,Roommate,Roommate,Unrelated
55,34,Female,Male,Yes,Widowed,26.1,Mother,Son,Mother-Son
36,35,Female,Female,No,Single,25.5,Roommate,Roommate,Unrelated
58,10,Male,Male,Yes,Married,7.7,Grandfather,Grandson,Grandfather-Grandson
55,32,Male,Male,Yes,Widowed,27.0,Father,Son,Father-Son
43,8,Male,Male,Yes,Married,22.9,Father,Son,Father-Son
53,0,Male,Male,Yes,Single,8.8,Father,Son,Father-Son
69,66,Female,Male,No,Single,25.4,Roommate,Roommate,Unrelated
54,59,Male,Female,Yes,Single,28.1,Brother,Sister,Brother-Sister
55,19,Female,Female,No,Single,12.8,Roommate,Roommate,Unrelated
87,7,Male,Female,Yes,Divorced,25.9,Grandfather,Granddaughter,Grandfather-Granddaughter
50,45,Male,Female,Yes,Single,6.1,Brother,Sister,Brother-Sister
19,23,Female,Female,Yes,Single,16.7,Sister,Sister,Sister-Sister
58,6,Male,Male,Yes,Single,8.4,Grandfather,Grandson,Grandfather-Grandson
82,27,Female,Female,Yes,Married,26.9,Grandmother,Granddaughter,Grandmother-Granddaughter
26,18,Male,Female,Yes,Married,9.4,Husband,Wife,Husband-Wife
62,21,Female,Female,Yes,Divorced,22.4,Grandmother,Granddaughter,Grandmother-Granddaughter
50,6,Male,Female,Yes,Divorced,7.6,Grandfather,Granddaughter,Grandfather-Granddaughter
51,60,Male,Female,Yes,Single,8.1,Brother,Sister,Brother-Sister
49,8,Female,Female,Yes,Widowed,16.8,Mother,Daughter,Mother-Daughter
36,8,Male,Female,Yes,Widowed,24.6,Father,Daughter,Father-Daughter
41,43,Male,Female,Yes,Single,10.4,Brother,Sister,Brother-Sister
53,15,Female,Male,Yes,Married,12.6,Grandmother,Grandson,Grandmother-Grandson
54,64,Female,Female,Yes,Single,6.5,Sister,Sister,Sister-Sister
69,9,Female,Male,Yes,Widowed,10.9,Grandmother,Grandson,Grandmother-Grandson
29,4,Female,Male,Yes,Single,6.4,Mother,Son,Mother-Son
69,14,Male,Female,Yes,Married,15.8,Father,Daughter,Father-Daughter
27,37,Female,Female,Yes,Single,22.4,Sister,Sister,Sister-Sister
13,19,Male,Female,Yes,Single,26.3,Brother,Sister,Brother-Sister
41,23,Male,Female,Yes,Married,1.7,Father,Daughter,Father-Daughter
61,17,Male,Male,Yes,Divorced,29.1,Grandfather,Grandson,Grandfather-Grandson
51,25,Female,Female,Yes,Married,15.6,Mother,Daughter,Mother-Daughter
6,0,Male,Male,Yes,Single,8.4,Brother,Brother,Brother-Brother
81,46,Male,Male,Yes,Single,8.4,Grandfather,Grandson,Grandfather-Grandson
52,33,Male,Male,Yes,Divorced,26.7,Father,Son,Father-Son
31,2,Male,Male,Yes,Single,22.5,Father,Son,Father-Son
54,19,Female,Male,Yes,Divorced,25.3,Grandmother,Grandson,Grandmother-Grandson
85,22,Male,Female,Yes,Divorced,21.9,Grandfather,Granddaughter,Grandfather-Granddaughter
79,0,Female,Male,Yes,Single,20.8,Grandmother,Grandson,Grandmother-Grandson
50,1,Male,Male,Yes,Divorced,8.9,Grandfather,Grandson,Grandfather-Grandson
69,18,Male,Male,Yes,Single,7.5,Roommate,Roommate,Unrelated
25,35,Male,Female,Yes,Married,4.2,Husband,Wife,Husband-Wife
7,9,Male,Male,Yes,Single,20.3,Brother,Brother,Brother-Brother
22,18,Female,Female,Yes,Single,13.3,Sister,Sister,Sister-Sister
34,16,Female,Male,Yes,Divorced,10.4,Mother,Son,Mother-Son
43,3,Male,Male,Yes,Divorced,24.1,Father,Son,Father-Son
50,10,Female,Male,Yes,Single,8.9,Grandmother,Grandson,Grandmother-Grandson
28,33,Male,Female,Yes,Single,9.2,Brother,Sister,Brother-Sister
44,37,Male,Male,Yes,Single,27.1,Brother,Brother,Brother-Brother
55,29,Female,Male,Yes,Widowed,23.5,Mother,Son,Mother-Son
9,12,Female,Female,Yes,Single,12.1,Sister,Sister,Sister-Sister
50,59,Male,Female,Yes,Single,5.1,Brother,Sister,Brother-Sister
58,8,Male,Male,Yes,Divorced,26.4,Father,Son,Father-Son
66,21,Male,Male,Yes,Married,2.1,Grandfather,Grandson,Grandfather-Grandson
56,33,Male,Male,Yes,Widowed,12.8,Father,Son,Father-Son
19,21,Male,Male,Yes,Single,29.0,Brother,Brother,Brother-Brother
55,14,Female,Male,Yes,Widowed,18.7,Grandmother,Grandson,Grandmother-Grandson
66,8,Male,Female,Yes,Widowed,9.3,Father,Daughter,Father-Daughter
76,10,Male,Male,Yes,Married,27.2,Grandfather,Grandson,Grandfather-Grandson
46,50,Male,Female,Yes,Single,7.0,Brother,Sister,Brother-Sister
63,11,Male,Female,Yes,Divorced,5.3,Grandfather,Granddaughter,Grandfather-Granddaughter
72,29,Female,Male,Yes,Married,6.7,Grandmother,Grandson,Grandmother-Grandson
75,31,Male,Female,Yes,Divorced,8.3,Grandfather,Granddaughter,Grandfather-Granddaughter
63,66,Male,Female,Yes,Married,14.1,Husband,Wife,Husband-Wife
37,39,Male,Female,Yes,Single,28.7,Brother,Sister,Brother-Sister
67,24,Female,Male,Yes,Divorced,3.4,Grandmother,Grandson,Grandmother-Grandson
64,47,Female,Female,No,Single,16.9,Roommate,Roommate,Unrelated
18,26,Male,Male,Yes,Single,28.0,Brother,Brother,Brother-Brother
29,6,Female,Female,Yes,Widowed,15.8,Mother,Daughter,Mother-Daughter
14,14,Male,Male,Yes,Single,0.8,Brother,Brother,Brother-Brother
11,10,Male,Female,Yes,Single,12.4,Brother,Sister,Brother-Sister
62,52,Female,Female,No,Single,7.8,Roommate,Roommate,Unrelated
42,16,Male,Female,Yes,Single,5.0,Father,Daughter,Father-Daughter
31,20,Male,Female,Yes,Married,13.9,Husband,Wife,Husband-Wife
54,50,Female,Female,Yes,Single,25.2,Sister,Sister,Sister-Sister
56,22,Male,Female,Yes,Married,2.4,Father,Daughter,Father-Daughter
70,40,Male,Female,Yes,Single,1.8,Father,Daughter,Father-Daughter
38,32,Male,Female,Yes,Married,21.8,Husband,Wife,Husband-Wife
81,25,Male,Female,Yes,Widowed,23.8,Grandfather,Granddaughter,Grandfather-Granddaughter
28,10,Female,Male,Yes,Divorced,26.5,Mother,Son,Mother-Son
69,3,Female,Female,Yes,Widowed,12.7,Grandmother,Granddaughter,Grandmother-Granddaughter
62,10,Female,Female,Yes,Married,19.3,Grandmother,Granddaughter,Grandmother-Granddaughter
60,11,Female,Female,Yes,Widowed,27.8,Mother,Daughter,Mother-Daughter
56,23,Male,Female,Yes,Married,5.6,Father,Daughter,Father-Daughter
57,12,Female,Female,Yes,Single,8.4,Grandmother,Granddaughter,Grandmother-Granddaughter
81,40,Male,Female,Yes,Single,9.3,Grandfather,Granddaughter,Grandfather-Granddaughter
54,6,Male,Male,Yes,Married,10.6,Father,Son,Father-Son
35,0,Female,Female,Yes,Divorced,23.0,Mother,Daughter,Mother-Daughter
44,4,Female,Female,Yes,Widowed,18.4,Mother,Daughter,Mother-Daughter
63,17,Female,Female,Yes,Divorced,8.6,Grandmother,Granddaughter,Grandmother-Granddaughter
25,33,Male,Male,Yes,Single,10.5,Brother,Brother,Brother-Brother
28,51,Female,Male,No,Single,11.9,Roommate,Roommate,Unrelated
35,13,Female,Female,Yes,Widowed,10.7,Mother,Daughter,Mother-Daughter
63,41,Male,Female,Yes,Divorced,3.6,Father,Daughter,Father-Daughter
71,3,Female,Female,Yes,Single,3.1,Grandmother,Granddaughter,Grandmother-Granddaughter
34,7,Male,Female,Yes,Married,10.4,Father,Daughter,Father-Daughter
54,61,Male,Female,Yes,Single,12.7,Brother,Sister,Brother-Sister
50,12,Male,Male,Yes,Married,25.4,Grandfather,Grandson,Grandfather-Grandson
46,21,Male,Female,Yes,Single,9.6,Father,Daughter,Father-Daughter
14,9,Male,Female,Yes,Single,23.6,Brother,Sister,Brother-Sister
78,3,Female,Female,Yes,Single,6.0,Grandmother,Granddaughter,Grandmother-Granddaughter
27,8,Female,Female,Yes,Married,5.1,Mother,Daughter,Mother-Daughter
41,17,Male,Male,Yes,Widowed,1.8,Father,Son,Father-Son
9,3,Female,Female,Yes,Single,15.4,Sister,Sister,Sister-Sister
48,54,Male,Female,Yes,Single,1.2,Brother,Sister,Brother-Sister
50,11,Male,Male,Yes,Married,23.6,Grandfather,Grandson,Grandfather-Grandson
59,3,Male,Male,Yes,Widowed,4.6,Grandfather,Grandson,Grandfather-Grandson
53,49,Male,Female,Yes,Single,4.6,Brother,Sister,Brother-Sister
9,0,Male,Female,Yes,Single,12.7,Brother,Sister,Brother-Sister
82,42,Male,Male,Yes,Single,18.1,Grandfather,Grandson,Grandfather-Grandson
30,2,Female,Female,Yes,Single,14.0,Mother,Daughter,Mother-Daughter
52,45,Male,Female,Yes,Married,29.3,Husband,Wife,Husband-Wife
53,8,Female,Female,Yes,Married,18.5,Mother,Daughter,Mother-Daughter
78,43,Female,Female,Yes,Divorced,24.6,Grandmother,Granddaughter,Grandmother-Granddaughter
53,3,Male,Male,Yes,Single,3.8,Father,Son,Father-Son
41,49,Male,Male,Yes,Single,17.3,Brother,Brother,Brother-Brother
27,20,Male,Female,Yes,Single,4.5,Brother,Sister,Brother-Sister
33,24,Male,Female,Yes,Married,10.5,Husband,Wife,Husband-Wife
25,27,Male,Female,No,Single,5.2,Roommate,Roommate,Unrelated
16,19,Female,Female,Yes,Single,19.6,Sister,Sister,Sister-Sister
62,23,Female,Female,Yes,Widowed,3.9,Grandmother,Granddaughter,Grandmother-Granddaughter
44,35,Male,Male,Yes,Single,22.6,Brother,Brother,Brother-Brother
76,4,Female,Male,Yes,Single,23.6,Grandmother,Grandson,Grandmother-Grandson
37,28,Male,Female,Yes,Single,17.8,Brother,Sister,Brother-Sister
71,35,Male,Male,Yes,Married,29.7,Grandfather,Grandson,Grandfather-Grandson
52,26,Female,Female,Yes,Married,18.8,Mother,Daughter,Mother-Daughter
50,55,Female,Female,Yes,Single,16.7,Sister,Sister,Sister-Sister
69,50,Male,Female,Yes,Widowed,5.1,Father,Daughter,Father-Daughter
29,22,Male,Male,Yes,Single,11.0,Brother,Brother,Brother-Brother
65,0,Female,Male,Yes,Divorced,1.7,Grandmother,Grandson,Grandmother-Grandson
57,61,Male,Female,Yes,Single,9.7,Brother,Sister,Brother-Sister
34,42,Male,Male,Yes,Single,3.6,Brother,Brother,Brother-Brother
39,13,Female,Female,Yes,Divorced,23.6,Mother,Daughter,Mother-Daughter
70,11,Male,Female,Yes,Widowed,13.7,Grandfather,Granddaughter,Grandfather-Granddaughter
37,0,Female,Female,Yes,Single,15.0,Mother,Daughter,Mother-Daughter
19,15,Male,Female,Yes,Single,10.6,Brother,Sister,Brother-Sister
62,1,Male,Female,Yes,Widowed,1.7,Grandfather,Granddaughter,Grandfather-Granddaughter
58,40,Female,Male,Yes,Widowed,18.9,Mother,Son,Mother-Son
21,56,Female,Female,No,Single,2.8,Roommate,Roommate,Unrelated
53,27,Male,Female,No,Single,6.0,Roommate,Roommate,Unrelated
33,38,Male,Male,Yes,Single,4.8,Brother,Brother,Brother-Brother
22,25,Male,Female,Yes,Married,19.5,Husband,Wife,Husband-Wife
29,6,Male,Female,Yes,Widowed,13.1,Father,Daughter,Father-Daughter
50,19,Female,Female,Yes,Divorced,1.1,Mother,Daughter,Mother-Daughter
60,19,Male,Female,Yes,Married,1.6,Grandfather,Granddaughter,Grandfather-Granddaughter
70,7,Female,Male,Yes,Divorced,28.9,Grandmother,Grandson,Grandmother-Grandson
50,14,Male,Female,Yes,Married,22.0,Grandfather,Granddaughter,Grandfather-Granddaughter
26,30,Female,Female,Yes,Single,1.6,Sister,Sister,Sister-Sister
65,21,Male,Male,Yes,Divorced,24.3,Grandfather,Grandson,Grandfather-Grandson
7,0,Male,Female,Yes,Single,17.5,Brother,Sister,Brother-Sister
10,2,Female,Female,Yes,Single,24.2,Sister,Sister,Sister-Sister
16,23,Female,Female,Yes,Single,23.4,Sister,Sister,Sister-Sister
72,37,Male,Female,Yes,Single,16.1,Grandfather,Granddaughter,Grandfather-Granddaughter
36,2,Male,Male,Yes,Single,8.7,Father,Son,Father-Son
70,29,Female,Female,Yes,Single,2.1,Grandmother,Granddaughter,Grandmother-Granddaughter
84,44,Male,Female,Yes,Married,4.9,Grandfather,Granddaughter,Grandfather-Granddaughter
62,23,Male,Male,Yes,Single,13.7,Grandfather,Grandson,Grandfather-Grandson
53,18,Female,Female,Yes,Married,4.2,Grandmother,Granddaughter,Grandmother-Granddaughter
64,34,Male,Male,Yes,Married,23.0,Father,Son,Father-Son
26,0,Female,Female,Yes,Single,4.9,Mother,Daughter,Mother-Daughter
57,67,Female,Female,Yes,Single,8.8,Sister,Sister,Sister-Sister
28,19,Male,Male,Yes,Single,17.4,Brother,Brother,Brother-Brother
52,27,Male,Female,Yes,Single,8.4,Father,Daughter,Father-Daughter
33,25,Female,Female,Yes,Single,25.2,Sister,Sister,Sister-Sister
56,4,Male,Male,Yes,Widowed,1.6,Grandfather,Grandson,Grandfather-Grandson
54,17,Male,Male,Yes,Widowed,22.5,Father,Son,Father-Son
49,13,Female,Female,Yes,Divorced,11.4,Mother,Daughter,Mother-Daughter
62,27,Female,Female,Yes,Divorced,2.8,Mother,Daughter,Mother-Daughter
51,0,Female,Male,Yes,Single,15.5,Grandmother,Grandson,Grandmother-Grandson
54,10,Female,Male,Yes,Widowed,8.1,Mother,Son,Mother-Son
44,52,Female,Female,Yes,Single,1.5,Sister,Sister,Sister-Sister
63,35,Male,Male,No,Single,25.8,Roommate,Roommate,Unrelated
73,0,Female,Male,Yes,Divorced,17.8,Grandmother,Grandson,Grandmother-Grandson
17,22,Male,Male,Yes,Single,28.4,Brother,Brother,Brother-Brother
54,63,Male,Female,Yes,Married,24.7,Husband,Wife,Husband-Wife
65,18,Female,Female,Yes,Divorced,10.1,Grandmother,Granddaughter,Grandmother-Granddaughter
75,28,Female,Male,Yes,Married,17.8,Grandmother,Grandson,Grandmother-Grandson
47,8,Male,Female,Yes,Divorced,22.3,Father,Daughter,Father-Daughter
55,19,Male,Male,Yes,Widowed,23.5,Grandfather,Grandson,Grandfather-Grandson
30,20,Male,Male,No,Single,8.3,Roommate,Roommate,Unrelated
52,20,Male,Male,No,Single,21.0,Roommate,Roommate,Unrelated
83,23,Female,Male,Yes,Widowed,13.0,Grandmother,Grandson,Grandmother-Grandson
5,15,Male,Male,Yes,Single,8.7,Brother,Brother,Brother-Brother
37,6,Female,Male,Yes,Widowed,24.8,Mother,Son,Mother-Son
25,25,Male,Male,Yes,Single,12.2,Brother,Brother,Brother-Brother
50,2,Female,Female,Yes,Divorced,29.2,Grandmother,Granddaughter,Grandmother-Granddaughter
12,20,Male,Male,Yes,Single,10.6,Brother,Brother,Brother-Brother
51,22,Male,Male,Yes,Married,18.5,Father,Son,Father-Son
33,5,Female,Male,Yes,Single,11.0,Mother,Son,Mother-Son
46,6,Female,Female,Yes,Married,7.9,Mother,Daughter,Mother-Daughter
17,15,Female,Female,Yes,Single,13.2,Sister,Sister,Sister-Sister
65,47,Female,Male,Yes,Widowed,9.5,Mother,Son,Mother-Son
50,14,Female,Male,Yes,Married,6.2,Grandmother,Grandson,Grandmother-Grandson
65,6,Male,Female,Yes,Widowed,6.4,Father,Daughter,Father-Daughter
8,10,Female,Female,Yes,Single,2.5,Sister,Sister,Sister-Sister
33,13,Male,Male,Yes,Divorced,19.4,Father,Son,Father-Son
33,15,Male,Female,Yes,Widowed,25.4,Father,Daughter,Father-Daughter
62,27,Male,Male,Yes,Divorced,17.3,Father,Son,Father-Son
21,18,Male,Female,Yes,Married,16.6,Husband,Wife,Husband-Wife
79,0,Male,Male,Yes,Single,25.6,Grandfather,Grandson,Grandfather-Grandson
46,35,Male,Female,Yes,Married,21.2,Husband,Wife,Husband-Wife
33,11,Male,Female,Yes,Widowed,17.2,Father,Daughter,Father-Daughter
40,45,Male,Female,Yes,Single,9.0,Brother,Sister,Brother-Sister
33,34,Male,Female,Yes,Married,10.3,Husband,Wife,Husband-Wife
82,47,Male,Female,Yes,Widowed,5.7,Grandfather,Granddaughter,Grandfather-Granddaughter
78,40,Male,Male,Yes,Divorced,15.5,Grandfather,Grandson,Grandfather-Grandson
78,4,Female,Female,Yes,Single,6.8,Grandmother,Granddaughter,Grandmother-Granddaughter
47,11,Female,Female,Yes,Divorced,0.8,Mother,Daughter,Mother-Daughter
81,28,Male,Female,Yes,Single,29.3,Grandfather,Granddaughter,Grandfather-Granddaughter
89,38,Female,Male,Yes,Divorced,17.9,Grandmother,Grandson,Grandmother-Grandson
64,22,Male,Female,Yes,Single,11.1,Father,Daughter,Father-Daughter
20,12,Male,Male,Yes,Single,12.3,Brother,Brother,Brother-Brother
48,9,Male,Male,Yes,Divorced,5.3,Father,Son,Father-Son
61,1,Male,Male,Yes,Married,25.7,Grandfather,Grandson,Grandfather-Grandson
48,40,Male,Female,Yes,Single,4.4,Brother,Sister,Brother-Sister
77,38,Female,Female,Yes,Widowed,14.2,Grandmother,Granddaughter,Grandmother-Granddaughter
32,1,Female,Male,Yes,Single,4.2,Mother,Son,Mother-Son
55,15,Female,Female,Yes,Divorced,29.9,Grandmother,Granddaughter,Grandmother-Granddaughter
51,20,Female,Female,Yes,Widowed,11.1,Mother,Daughter,Mother-Daughter
86,51,Female,Male,Yes,Married,4.9,Grandmother,Grandson,Grandmother-Grandson
59,5,Female,Female,Yes,Widowed,26.9,Mother,Daughter,Mother-Daughter
65,31,Male,Male,Yes,Divorced,11.6,Father,Son,Father-Son
30,37,Male,Female,Yes,Single,17.7,Brother,Sister,Brother-Sister
85,44,Male,Male,Yes,Single,19.3,Grandfather,Grandson,Grandfather-Grandson
43,37,Female,Female,No,Single,18.6,Roommate,Roommate,Unrelated
53,35,Male,Male,Yes,Divorced,23.0,Father,Son,Father-Son
45,47,Female,Female,Yes,Single,15.3,Sister,Sister,Sister-Sister
33,10,Female,Male,Yes,Married,17.4,Mother,Son,Mother-Son
28,28,Male,Male,Yes,Single,18.1,Brother,Brother,Brother-Brother
52,9,Male,Male,Yes,Married,20.0,Father,Son,Father-Son
43,24,Male,Female,Yes,Divorced,26.3,Father,Daughter,Father-Daughter
40,4,Female,Female,Yes,Married,17.9,Mother,Daughter,Mother-Daughter
41,5,Female,Female,Yes,Married,2.3,Mother,Daughter,Mother-Daughter
53,17,Male,Male,Yes,Single,3.5,Father,Son,Father-Son
65,49,Male,Female,No,Single,14.1,Roommate,Roommate,Unrelated
60,57,Female,Female,Yes,Single,6.5,Sister,Sister,Sister-Sister
70,66,Male,Female,Yes,Married,4.2,Husband,Wife,Husband-Wife
74,4,Male,Female,Yes,Divorced,29.6,Grandfather,Granddaughter,Grandfather-Granddaughter
53,50,Female,Female,Yes,Single,5.3,Sister,Sister,Sister-Sister
71,36,Male,Female,Yes,Widowed,8.3,Grandfather,Granddaughter,Grandfather-Granddaughter
84,4,Female,Male,Yes,Widowed,29.4,Grandmother,Grandson,Grandmother-Grandson
52,43,Female,Male,No,Single,28.2,Roommate,Roommate,Unrelated
35,13,Male,Female,Yes,Widowed,24.0,Father,Daughter,Father-Daughter
55,9,Female,Male,Yes,Married,27.2,Mother,Son,Mother-Son
61,32,Female,Female,Yes,Divorced,2.5,Mother,Daughter,Mother-Daughter
47,12,Male,Male,Yes,Married,10.1,Father,Son,Father-Son
26,5,Female,Female,Yes,Widowed,22.0,Mother,Daughter,Mother-Daughter
65,36,Male,Female,Yes,Single,16.3,Father,Daughter,Father-Daughter
60,23,Male,Female,Yes,Married,5.1,Grandfather,Granddaughter,Grandfather-Granddaughter
51,41,Male,Male,Yes,Single,2.3,Brother,Brother,Brother-Brother
68,3,Male,Female,Yes,Divorced,19.9,Father,Daughter,Father-Daughter
49,26,Male,Female,Yes,Single,8.4,Roommate,Roommate,Unrelated
67,1,Male,Male,Yes,Divorced,22.4,Grandfather,Grandson,Grandfather-Grandson
39,10,Female,Male,Yes,Married,28.0,Mother,Son,Mother-Son
86,35,Male,Male,Yes,Single,6.8,Grandfather,Grandson,Grandfather-Grandson
81,19,Male,Male,Yes,Divorced,8.5,Grandfather,Grandson,Grandfather-Grandson
74,15,Male,Female,Yes,Single,24.5,Grandfather,Granddaughter,Grandfather-Granddaughter
55,15,Male,Female,Yes,Married,14.5,Grandfather,Granddaughter,Grandfather-Granddaughter
88,17,Male,Female,Yes,Married,12.1,Grandfather,Granddaughter,Grandfather-Granddaughter
36,47,Female,Male,No,Single,16.9,Roommate,Roommate,Unrelated
34,11,Female,Male,Yes,Widowed,28.6,Mother,Son,Mother-Son
33,14,Male,Female,Yes,Single,14.9,Father,Daughter,Father-Daughter
53,1,Female,Female,Yes,Widowed,12.6,Mother,Daughter,Mother-Daughter
51,53,Male,Female,Yes,Single,2.8,Brother,Sister,Brother-Sister
64,54,Male,Female,Yes,Married,5.6,Husband,Wife,Husband-Wife
55,12,Female,Female,Yes,Divorced,13.7,Grandmother,Granddaughter,Grandmother-Granddaughter
50,12,Female,Female,Yes,Married,12.1,Grandmother,Granddaughter,Grandmother-Granddaughter
70,19,Male,Female,Yes,Divorced,11.7,Grandfather,Granddaughter,Grandfather-Granddaughter
36,48,Male,Female,Yes,Married,25.0,Husband,Wife,Husband-Wife
28,7,Female,Female,Yes,Single,2.2,Mother,Daughter,Mother-Daughter
38,27,Male,Female,Yes,Married,0.7,Husband,Wife,Husband-Wife
27,51,Female,Male,No,Single,27.1,Roommate,Roommate,Unrelated
56,0,Male,Female,Yes,Divorced,26.2,Father,Daughter,Father-Daughter
54,6,Female,Female,Yes,Single,6.4,Grandmother,Granddaughter,Grandmother-Granddaughter
32,5,Male,Female,Yes,Married,7.0,Father,Daughter,Father-Daughter
67,6,Female,Female,Yes,Married,14.5,Grandmother,Granddaughter,Grandmother-Granddaughter
61,6,Female,Female,Yes,Divorced,29.4,Mother,Daughter,Mother-Daughter
55,17,Female,Female,Yes,Single,15.4,Mother,Daughter,Mother-Daughter
17,15,Male,Female,Yes,Single,27.1,Brother,Sister,Brother-Sister
52,5,Female,Male,Yes,Married,18.4,Grandmother,Grandson,Grandmother-Grandson
31,6,Female,Male,Yes,Single,24.2,Mother,Son,Mother-Son
56,0,Female,Male,Yes,Widowed,24.8,Grandmother,Grandson,Grandmother-Grandson
26,54,Female,Female,Yes,Single,3.7,Roommate,Roommate,Unrelated
39,21,Male,Female,Yes,Widowed,3.6,Father,Daughter,Father-Daughter
62,44,Female,Male,Yes,Widowed,9.2,Mother,Son,Mother-Son
70,63,Male,Female,Yes,Married,20.4,Husband,Wife,Husband-Wife
25,23,Male,Female,Yes,Married,17.6,Husband,Wife,Husband-Wife
64,13,Male,Male,Yes,Single,20.9,Father,Son,Father-Son
54,1,Male,Female,Yes,Widowed,17.1,Grandfather,Granddaughter,Grandfather-Granddaughter
53,10,Male,Male,Yes,Widowed,14.1,Grandfather,Grandson,Grandfather-Grandson
57,60,Male,Female,Yes,Single,11.8,Brother,Sister,Brother-Sister
55,63,Male,Female,Yes,Married,5.9,Husband,Wife,Husband-Wife
49,36,Female,Female,Yes,Single,3.9,Roommate,Roommate,Unrelated
48,41,Female,Female,Yes,Single,12.5,Sister,Sister,Sister-Sister
63,20,Male,Female,Yes,Divorced,6.5,Father,Daughter,Father-Daughter
66,3,Male,Male,Yes,Widowed,26.1,Father,Son,Father-Son
48,51,Male,Female,Yes,Married,21.0,Husband,Wife,Husband-Wife
20,64,Male,Female,No,Single,29.3,Roommate,Roommate,Unrelated
45,50,Male,Female,Yes,Single,14.0,Brother,Sister,Brother-Sister
54,0,Female,Female,Yes,Divorced,28.8,Grandmother,Granddaughter,Grandmother-Granddaughter
38,16,Male,Male,Yes,Widowed,9.0,Father,Son,Father-Son
61,1,Male,Male,Yes,Married,16.1,Grandfather,Grandson,Grandfather-Grandson
66,27,Female,Female,Yes,Married,15.1,Grandmother,Granddaughter,Grandmother-Granddaughter
64,18,Female,Female,Yes,Married,15.6,Grandmother,Granddaughter,Grandmother-Granddaughter
54,3,Male,Male,Yes,Married,11.1,Grandfather,Grandson,Grandfather-Grandson
49,5,Male,Female,Yes,Married,13.8,Father,Daughter,Father-Daughter
53,23,Female,Female,Yes,Divorced,15.5,Mother,Daughter,Mother-Daughter
48,28,Female,Female,No,Single,26.2,Roommate,Roommate,Unrelated
75,16,Female,Male,Yes,Widowed,5.7,Grandmother,Grandson,Grandmother-Grandson
48,56,Male,Male,Yes,Single,17.2,Brother,Brother,Brother-Brother
68,31,Male,Female,Yes,Divorced,16.8,Father,Daughter,Father-Daughter
30,11,Male,Male,Yes,Divorced,25.1,Father,Son,Father-Son
26,4,Female,Male,Yes,Divorced,7.9,Mother,Son,Mother-Son
85,40,Male,Male,Yes,Divorced,8.4,Grandfather,Grandson,Grandfather-Grandson
38,0,Male,Female,Yes,Widowed,5.8,Father,Daughter,Father-Daughter
49,18,Male,Male,Yes,Single,12.1,Father,Son,Father-Son
53,43,Male,Female,Yes,Single,2.9,Brother,Sister,Brother-Sister
85,21,Female,Female,Yes,Divorced,12.7,Grandmother,Granddaughter,Grandmother-Granddaughter
32,2,Male,Male,Yes,Widowed,27.2,Father,Son,Father-Son
37,41,Male,Female,Yes,Single,28.8,Brother,Sister,Brother-Sister
62,38,Male,Female,Yes,Divorced,16.5,Father,Daughter,Father-Daughter
61,28,Female,Female,Yes,Divorced,5.3,Mother,Daughter,Mother-Daughter
10,9,Male,Female,Yes,Single,24.2,Brother,Sister,Brother-Sister
28,62,Female,Male,No,Single,21.0,Roommate,Roommate,Unrelated
65,29,Male,Male,Yes,Divorced,28.5,Grandfather,Grandson,Grandfather-Grandson
31,13,Male,Male,Yes,Single,3.4,Father,Son,Father-Son
36,31,Male,Female,Yes,Single,2.6,Brother,Sister,Brother-Sister
32,28,Male,Female,Yes,Single,28.2,Brother,Sister,Brother-Sister
81,19,Male,Female,Yes,Divorced,15.7,Grandfather,Granddaughter,Grandfather-Granddaughter
33,65,Female,Female,No,Single,23.0,Roommate,Roommate,Unrelated
17,23,Male,Female,Yes,Single,9.0,Brother,Sister,Brother-Sister
57,13,Male,Female,Yes,Divorced,8.6,Father,Daughter,Father-Daughter
24,31,Male,Female,Yes,Single,7.4,Brother,Sister,Brother-Sister
28,29,Male,Male,Yes,Single,27.9,Brother,Brother,Brother-Brother
27,23,Male,Male,Yes,Single,20.5,Brother,Brother,Brother-Brother
82,2,Male,Male,Yes,Divorced,19.8,Grandfather,Grandson,Grandfather-Grandson
28,9,Female,Male,Yes,Single,29.4,Mother,Son,Mother-Son
53,45,Female,Female,Yes,Single,1.6,Sister,Sister,Sister-Sister
49,54,Male,Male,Yes,Single,2.5,Brother,Brother,Brother-Brother
36,16,Male,Male,Yes,Widowed,13.5,Father,Son,Father-Son
40,11,Male,Male,Yes,Widowed,13.8,Father,Son,Father-Son
77,34,Male,Female,Yes,Married,20.2,Grandfather,Granddaughter,Grandfather-Granddaughter
83,15,Male,Male,Yes,Married,15.8,Grandfather,Grandson,Grandfather-Grandson
38,2,Male,Female,Yes,Widowed,5.4,Father,Daughter,Father-Daughter
41,35,Female,Female,Yes,Single,10.7,Sister,Sister,Sister-Sister
62,17,Female,Male,Yes,Widowed,21.3,Grandmother,Grandson,Grandmother-Grandson
23,14,Male,Female,Yes,Single,15.1,Brother,Sister,Brother-Sister
40,47,Female,Female,Yes,Single,22.3,Sister,Sister,Sister-Sister
53,15,Female,Male,Yes,Married,18.2,Mother,Son,Mother-Son
58,66,Male,Female,Yes,Married,4.5,Husband,Wife,Husband-Wife
44,5,Female,Male,Yes,Single,15.5,Mother,Son,Mother-Son
52,48,Female,Female,Yes,Single,29.9,Sister,Sister,Sister-Sister
33,26,Male,Female,Yes,Married,3.1,Husband,Wife,Husband-Wife
58,3,Female,Male,Yes,Married,13.5,Grandmother,Grandson,Grandmother-Grandson
87,12,Female,Female,Yes,Single,7.9,Grandmother,Granddaughter,Grandmother-Granddaughter
60,65,Female,Female,Yes,Single,22.7,Sister,Sister,Sister-Sister
58,1,Male,Female,Yes,Widowed,14.4,Grandfather,Granddaughter,Grandfather-Granddaughter
69,74,Male,Female,Yes,Married,11.6,Husband,Wife,Husband-Wife
45,41,Male,Female,Yes,Married,24.6,Husband,Wife,Husband-Wife
70,15,Female,Female,Yes,Married,4.3,Grandmother,Granddaughter,Grandmother-Granddaughter
84,15,Male,Male,Yes,Widowed,26.9,Grandfather,Grandson,Grandfather-Grandson
30,8,Female,Female,Yes,Single,21.3,Mother,Daughter,Mother-Daughter
69,32,Female,Male,Yes,Single,28.9,Grandmother,Grandson,Grandmother-Grandson
53,2,Female,Male,Yes,Single,9.8,Grandmother,Grandson,Grandmother-Grandson
76,8,Female,Female,Yes,Widowed,21.4,Grandmother,Granddaughter,Grandmother-Granddaughter
44,24,Male,Male,No,Single,26.6,Roommate,Roommate,Unrelated
73,18,Male,Female,Yes,Single,26.2,Grandfather,Granddaughter,Grandfather-Granddaughter
86,15,Female,Male,Yes,Single,7.8,Grandmother,Grandson,Grandmother-Grandson
50,25,Female,Female,Yes,Divorced,0.9,Mother,Daughter,Mother-Daughter
26,27,Female,Female,Yes,Single,7.9,Sister,Sister,Sister-Sister
25,6,Female,Male,Yes,Divorced,12.7,Mother,Son,Mother-Son
62,42,Male,Female,Yes,Single,1.4,Roommate,Roommate,Unrelated
53,5,Female,Female,Yes,Widowed,21.9,Grandmother,Granddaughter,Grandmother-Granddaughter
72,29,Female,Male,Yes,Divorced,13.5,Grandmother,Grandson,Grandmother-Grandson
68,26,Male,Male,Yes,Widowed,2.2,Grandfather,Grandson,Grandfather-Grandson
63,41,Female,Male,Yes,Single,24.6,Mother,Son,Mother-Son
65,14,Female,Female,Yes,Divorced,17.5,Grandmother,Granddaughter,Grandmother-Granddaughter
52,13,Female,Female,Yes,Divorced,10.3,Grandmother,Granddaughter,Grandmother-Granddaughter
59,14,Male,Female,Yes,Single,10.0,Grandfather,Granddaughter,Grandfather-Granddaughter
22,22,Male,Female,Yes,Married,25.2,Husband,Wife,Husband-Wife
59,0,Female,Male,Yes,Divorced,29.0,Mother,Son,Mother-Son
56,12,Female,Male,Yes,Single,13.9,Grandmother,Grandson,Grandmother-Grandson
55,50,Female,Female,Yes,Single,4.4,Sister,Sister,Sister-Sister
52,56,Female,Female,Yes,Single,25.0,Sister,Sister,Sister-Sister
67,19,Male,Male,Yes,Widowed,13.5,Grandfather,Grandson,Grandfather-Grandson
70,77,Male,Female,Yes,Married,17.6,Husband,Wife,Husband-Wife
80,25,Male,Male,Yes,Married,16.8,Grandfather,Grandson,Grandfather-Grandson
59,15,Female,Male,Yes,Divorced,20.6,Grandmother,Grandson,Grandmother-Grandson
75,19,Male,Female,Yes,Widowed,19.1,Grandfather,Granddaughter,Grandfather-Granddaughter
54,11,Female,Female,Yes,Single,6.4,Mother,Daughter,Mother-Daughter
81,32,Male,Female,Yes,Married,23.2,Grandfather,Granddaughter,Grandfather-Granddaughter
74,20,Male,Female,Yes,Married,22.6,Grandfather,Granddaughter,Grandfather-Granddaughter
56,66,Female,Male,Yes,Single,3.1,Roommate,Roommate,Unrelated
54,52,Male,Female,Yes,Married,27.0,Husband,Wife,Husband-Wife
33,34,Female,Female,Yes,Single,12.9,Sister,Sister,Sister-Sister
90,27,Female,Male,Yes,Divorced,8.5,Grandmother,Grandson,Grandmother-Grandson
72,25,Female,Male,Yes,Married,13.2,Grandmother,Grandson,Grandmother-Grandson
24,30,Male,Female,Yes,Single,18.4,Brother,Sister,Brother-Sister
86,26,Female,Male,Yes,Married,4.0,Grandmother,Grandson,Grandmother-Grandson
59,22,Male,Female,Yes,Divorced,10.7,Father,Daughter,Father-Daughter
54,12,Female,Female,Yes,Divorced,28.0,Grandmother,Granddaughter,Grandmother-Granddaughter
85,37,Female,Female,Yes,Single,19.5,Grandmother,Granddaughter,Grandmother-Granddaughter
34,36,Male,Female,Yes,Married,24.5,Husband,Wife,Husband-Wife
46,53,Female,Female,Yes,Single,2.5,Roommate,Roommate,Unrelated
41,1,Female,Male,Yes,Married,22.3,Mother,Son,Mother-Son
49,40,Male,Male,Yes,Single,24.8,Brother,Brother,Brother-Brother
24,30,Male,Male,Yes,Single,6.6,Brother,Brother,Brother-Brother
75,15,Female,Female,Yes,Widowed,6.0,Grandmother,Granddaughter,Grandmother-Granddaughter
75,13,Female,Male,Yes,Widowed,11.8,Grandmother,Grandson,Grandmother-Grandson
49,43,Male,Male,Yes,Single,18.2,Brother,Brother,Brother-Brother
45,35,Female,Female,Yes,Single,17.5,Sister,Sister,Sister-Sister
74,34,Male,Male,Yes,Single,13.6,Grandfather,Grandson,Grandfather-Grandson
22,19,Female,Female,Yes,Single,3.4,Sister,Sister,Sister-Sister
37,0,Male,Female,Yes,Married,5.7,Father,Daughter,Father-Daughter
65,26,Female,Male,Yes,Divorced,26.1,Grandmother,Grandson,Grandmother-Grandson
28,3,Female,Female,Yes,Widowed,23.8,Mother,Daughter,Mother-Daughter
61,16,Female,Male,Yes,Married,25.7,Grandmother,Grandson,Grandmother-Grandson
54,15,Female,Male,Yes,Widowed,10.8,Mother,Son,Mother-Son
33,43,Male,Female,Yes,Single,1.9,Brother,Sister,Brother-Sister
16,13,Female,Female,Yes,Single,14.9,Sister,Sister,Sister-Sister
80,6,Male,Male,Yes,Married,14.6,Grandfather,Grandson,Grandfather-Grandson
44,23,Female,Female,Yes,Married,12.4,Mother,Daughter,Mother-Daughter
38,17,Female,Male,Yes,Divorced,0.8,Mother,Son,Mother-Son
50,43,Male,Female,Yes,Married,7.7,Husband,Wife,Husband-Wife
43,51,Male,Female,Yes,Single,20.9,Brother,Sister,Brother-Sister
87,47,Male,Male,Yes,Married,12.6,Grandfather,Grandson,Grandfather-Grandson
79,7,Female,Female,Yes,Widowed,1.7,Grandmother,Granddaughter,Grandmother-Granddaughter
47,5,Female,Female,Yes,Widowed,3.6,Mother,Daughter,Mother-Daughter
56,16,Male,Female,Yes,Single,15.2,Grandfather,Granddaughter,Grandfather-Granddaughter
65,68,Male,Female,Yes,Married,2.5,Husband,Wife,Husband-Wife
52,0,Male,Female,Yes,Single,28.0,Grandfather,Granddaughter,Grandfather-Granddaughter
42,44,Male,Female,Yes,Married,22.6,Husband,Wife,Husband-Wife
50,16,Male,Female,Yes,Single,29.1,Father,Daughter,Father-Daughter
64,62,Male,Female,Yes,Married,8.0,Husband,Wife,Husband-Wife
33,36,Female,Female,Yes,Single,29.4,Sister,Sister,Sister-Sister
58,13,Male,Male,Yes,Single,6.4,Grandfather,Grandson,Grandfather-Grandson
57,20,Male,Female,Yes,Single,28.5,Grandfather,Granddaughter,Grandfather-Granddaughter
63,27,Male,Female,Yes,Single,26.1,Father,Daughter,Father-Daughter
53,3,Female,Female,Yes,Widowed,15.8,Grandmother,Granddaughter,Grandmother-Granddaughter
15,11,Male,Male,Yes,Single,1.2,Brother,Brother,Brother-Brother
52,49,Male,Female,Yes,Married,13.9,Husband,Wife,Husband-Wife
70,15,Male,Female,Yes,Divorced,13.0,Grandfather,Granddaughter,Grandfather-Granddaughter
38,33,Male,Female,Yes,Married,27.7,Husband,Wife,Husband-Wife
89,7,Male,Male,Yes,Divorced,26.7,Grandfather,Grandson,Grandfather-Grandson
68,34,Male,Female,Yes,Married,20.6,Father,Daughter,Father-Daughter
55,59,Male,Female,Yes,Married,16.6,Husband,Wife,Husband-Wife
42,45,Female,Female,Yes,Single,27.4,Sister,Sister,Sister-Sister
39,31,Male,Female,Yes,Married,15.8,Husband,Wife,Husband-Wife
51,47,Female,Female,Yes,Single,16.7,Sister,Sister,Sister-Sister
54,3,Male,Male,Yes,Single,4.0,Grandfather,Grandson,Grandfather-Grandson
90,50,Female,Female,Yes,Single,20.0,Grandmother,Granddaughter,Grandmother-Granddaughter
34,28,Male,Female,Yes,Single,6.7,Brother,Sister,Brother-Sister
49,15,Female,Female,Yes,Married,5.4,Mother,Daughter,Mother-Daughter
56,46,Female,Male,No,Single,16.8,Roommate,Roommate,Unrelated
74,9,Male,Male,Yes,Single,29.6,Grandfather,Grandson,Grandfather-Grandson
89,4,Male,Male,Yes,Widowed,15.3,Grandfather,Grandson,Grandfather-Grandson
51,24,Male,Male,Yes,Divorced,14.1,Father,Son,Father-Son
27,34,Male,Female,Yes,Married,17.8,Husband,Wife,Husband-Wife
42,41,Male,Male,No,Single,5.7,Roommate,Roommate,Unrelated
34,9,Female,Female,Yes,Divorced,18.8,Mother,Daughter,Mother-Daughter
83,8,Male,Male,Yes,Married,15.1,Grandfather,Grandson,Grandfather-Grandson
43,20,Male,Female,Yes,Widowed,0.7,Father,Daughter,Father-Daughter
55,27,Female,Male,Yes,Widowed,20.1,Mother,Son,Mother-Son
80,29,Female,Male,Yes,Divorced,7.3,Grandmother,Grandson,Grandmother-Grandson
13,18,Female,Female,Yes,Single,9.3,Sister,Sister,Sister-Sister
45,27,Male,Male,No,Single,10.7,Roommate,Roommate,Unrelated
14,23,Male,Female,Yes,Single,27.1,Brother,Sister,Brother-Sister
30,10,Male,Female,Yes,Widowed,0.6,Father,Daughter,Father-Daughter
56,4,Male,Male,Yes,Married,17.7,Father,Son,Father-Son
41,48,Female,Female,Yes,Single,27.5,Sister,Sister,Sister-Sister
18,11,Male,Female,Yes,Single,27.0,Brother,Sister,Brother-Sister
36,15,Male,Male,Yes,Married,26.9,Father,Son,Father-Son
64,15,Male,Female,Yes,Widowed,11.2,Father,Daughter,Father-Daughter
42,28,Male,Male,No,Single,9.1,Roommate,Roommate,Unrelated
30,31,Male,Male,Yes,Single,13.6,Brother,Brother,Brother-Brother
44,2,Male,Female,Yes,Divorced,27.8,Father,Daughter,Father-Daughter
66,10,Female,Female,Yes,Married,8.0,Grandmother,Granddaughter,Grandmother-Granddaughter
55,9,Male,Male,Yes,Widowed,5.2,Grandfather,Grandson,Grandfather-Grandson
66,24,Male,Female,Yes,Divorced,12.4,Grandfather,Granddaughter,Grandfather-Granddaughter
65,4,Male,Female,Yes,Single,12.4,Father,Daughter,Father-Daughter
32,11,Female,Male,Yes,Single,12.9,Mother,Son,Mother-Son
52,23,Female,Female,Yes,Married,16.3,Mother,Daughter,Mother-Daughter
50,46,Male,Female,Yes,Married,29.1,Husband,Wife,Husband-Wife
35,55,Male,Male,No,Single,15.1,Roommate,Roommate,Unrelated
47,49,Male,Male,Yes,Single,25.8,Brother,Brother,Brother-Brother
45,52,Female,Female,Yes,Single,0.8,Sister,Sister,Sister-Sister
27,9,Female,Male,Yes,Single,19.8,Mother,Son,Mother-Son
31,40,Male,Male,Yes,Single,14.8,Brother,Brother,Brother-Brother
33,6,Female,Male,Yes,Divorced,28.9,Mother,Son,Mother-Son
32,9,Female,Female,Yes,Divorced,13.4,Mother,Daughter,Mother-Daughter
31,1,Female,Male,Yes,Widowed,29.5,Mother,Son,Mother-Son
29,64,Male,Female,No,Single,1.9,Roommate,Roommate,Unrelated
40,35,Male,Male,Yes,Single,11.4,Brother,Brother,Brother-Brother
78,8,Male,Male,Yes,Single,24.0,Grandfather,Grandson,Grandfather-Grandson
68,14,Male,Male,Yes,Married,17.4,Father,Son,Father-Son
57,61,Male,Male,Yes,Single,29.1,Roommate,Roommate,Unrelated
70,15,Male,Male,Yes,Divorced,27.5,Grandfather,Grandson,Grandfather-Grandson
32,41,Male,Female,Yes,Married,7.4,Husband,Wife,Husband-Wife
48,4,Male,Female,Yes,Married,12.5,Father,Daughter,Father-Daughter
65,17,Female,Female,Yes,Single,22.2,Mother,Daughter,Mother-Daughter
47,55,Female,Female,Yes,Single,29.5,Sister,Sister,Sister-Sister
51,50,Female,Female,Yes,Single,5.2,Sister,Sister,Sister-Sister
73,19,Female,Male,Yes,Single,27.7,Grandmother,Grandson,Grandmother-Grandson
65,4,Female,Female,Yes,Divorced,7.3,Grandmother,Granddaughter,Grandmother-Granddaughter
63,18,Female,Female,Yes,Single,15.8,Grandmother,Granddaughter,Grandmother-Granddaughter
13,22,Female,Female,Yes,Single,15.6,Sister,Sister,Sister-Sister
67,13,Male,Female,Yes,Widowed,17.4,Grandfather,Granddaughter,Grandfather-Granddaughter
90,16,Female,Male,Yes,Married,26.4,Grandmother,Grandson,Grandmother-Grandson
53,10,Female,Female,Yes,Widowed,3.2,Mother,Daughter,Mother-Daughter
62,1,Female,Female,Yes,Divorced,13.3,Mother,Daughter,Mother-Daughter
51,27,Male,Male,Yes,Married,8.7,Father,Son,Father-Son
44,9,Female,Female,Yes,Single,27.2,Mother,Daughter,Mother-Daughter
68,4,Female,Female,Yes,Widowed,19.9,Grandmother,Granddaughter,Grandmother-Granddaughter
50,53,Male,Female,Yes,Married,15.0,Husband,Wife,Husband-Wife
23,43,Female,Male,No,Single,24.5,Roommate,Roommate,Unrelated
36,43,Male,Female,Yes,Single,14.3,Brother,Sister,Brother-Sister
55,35,Female,Female,Yes,Widowed,4.2,Mother,Daughter,Mother-Daughter
57,10,Male,Female,Yes,Widowed,20.1,Father,Daughter,Father-Daughter
41,5,Female,Female,Yes,Single,21.3,Mother,Daughter,Mother-Daughter
60,21,Female,Male,No,Single,25.5,Roommate,Roommate,Unrelated
65,66,Male,Female,Yes,Married,11.6,Husband,Wife,Husband-Wife
82,27,Female,Female,Yes,Divorced,14.4,Grandmother,Granddaughter,Grandmother-Granddaughter
53,43,Male,Female,Yes,Single,7.6,Brother,Sister,Brother-Sister
29,38,Male,Female,Yes,Married,15.4,Husband,Wife,Husband-Wife
70,80,Male,Female,Yes,Married,16.6,Husband,Wife,Husband-Wife
54,29,Female,Male,Yes,Single,14.7,Mother,Son,Mother-Son
71,34,Male,Male,Yes,Single,11.6,Grandfather,Grandson,Grandfather-Grandson
85,32,Male,Male,Yes,Widowed,25.8,Grandfather,Grandson,Grandfather-Grandson
76,31,Female,Female,Yes,Widowed,17.5,Grandmother,Granddaughter,Grandmother-Granddaughter
32,4,Male,Female,Yes,Single,5.5,Father,Daughter,Father-Daughter
65,47,Female,Male,Yes,Widowed,0.6,Mother,Son,Mother-Son
47,37,Male,Female,Yes,Married,2.8,Husband,Wife,Husband-Wife
68,28,Female,Female,Yes,Single,11.0,Grandmother,Granddaughter,Grandmother-Granddaughter
26,55,Female,Male,No,Single,13.4,Roommate,Roommate,Unrelated
66,2,Female,Male,Yes,Divorced,0.8,Grandmother,Grandson,Grandmother-Grandson
30,39,Male,Female,Yes,Married,25.4,Husband,Wife,Husband-Wife
52,5,Male,Male,Yes,Married,15.8,Father,Son,Father-Son
63,14,Female,Male,Yes,Divorced,24.9,Mother,Son,Mother-Son
19,14,Male,Male,Yes,Single,17.5,Brother,Brother,Brother-Brother
48,17,Female,Male,Yes,Single,23.2,Mother,Son,Mother-Son
33,2,Female,Female,Yes,Widowed,0.6,Mother,Daughter,Mother-Daughter
46,41,Male,Male,Yes,Single,25.2,Brother,Brother,Brother-Brother
58,61,Male,Female,Yes,Single,17.4,Brother,Sister,Brother-Sister
46,2,Male,Male,Yes,Married,16.0,Father,Son,Father-Son
55,24,Female,Male,Yes,Married,14.1,Mother,Son,Mother-Son
60,30,Female,Male,Yes,Divorced,21.9,Mother,Son,Mother-Son
58,56,Female,Female,Yes,Single,27.3,Sister,Sister,Sister-Sister
54,25,Female,Male,Yes,Married,15.9,Mother,Son,Mother-Son
11,19,Male,Female,Yes,Single,5.3,Brother,Sister,Brother-Sister
19,17,Male,Female,Yes,Single,6.3,Brother,Sister,Brother-Sister
32,33,Female,Female,Yes,Single,9.7,Sister,Sister,Sister-Sister
89,22,Male,Female,Yes,Married,15.3,Grandfather,Granddaughter,Grandfather-Granddaughter
56,2,Male,Male,Yes,Married,16.9,Father,Son,Father-Son
49,26,Male,Male,Yes,Married,4.0,Father,Son,Father-Son
89,25,Male,Female,Yes,Divorced,17.4,Grandfather,Granddaughter,Grandfather-Granddaughter
79,0,Female,Male,Yes,Single,13.4,Grandmother,Grandson,Grandmother-Grandson
43,9,Male,Female,Yes,Single,9.0,Father,Daughter,Father-Daughter
65,39,Female,Male,Yes,Married,3.6,Mother,Son,Mother-Son
50,15,Female,Female,Yes,Widowed,7.9,Grandmother,Granddaughter,Grandmother-Granddaughter
78,14,Female,Male,Yes,Single,6.1,Grandmother,Grandson,Grandmother-Grandson
71,36,Female,Male,Yes,Married,11.1,Grandmother,Grandson,Grandmother-Grandson
48,2,Male,Female,Yes,Divorced,5.7,Father,Daughter,Father-Daughter
20,26,Male,Male,Yes,Single,24.8,Brother,Brother,Brother-Brother
73,2,Female,Male,Yes,Married,22.1,Grandmother,Grandson,Grandmother-Grandson
58,23,Female,Male,Yes,Married,7.5,Mother,Son,Mother-Son
50,14,Female,Male,Yes,Divorced,11.7,Mother,Son,Mother-Son
55,67,Male,Female,No,Single,20.3,Roommate,Roommate,Unrelated
47,55,Male,Female,Yes,Single,26.6,Brother,Sister,Brother-Sister
33,37,Male,Female,Yes,Single,3.2,Brother,Sister,Brother-Sister
17,23,Male,Female,Yes,Single,28.4,Brother,Sister,Brother-Sister
6,2,Female,Female,Yes,Single,9.7,Sister,Sister,Sister-Sister
14,15,Male,Male,Yes,Single,22.9,Brother,Brother,Brother-Brother
27,5,Female,Male,Yes,Widowed,27.2,Mother,Son,Mother-Son
55,40,Female,Male,No,Single,2.3,Roommate,Roommate,Unrelated
57,26,Male,Male,Yes,Single,1.7,Father,Son,Father-Son
55,51,Male,Male,Yes,Single,21.3,Brother,Brother,Brother-Brother
40,40,Female,Male,No,Single,14.3,Roommate,Roommate,Unrelated
61,47,Male,Female,No,Single,18.0,Roommate,Roommate,Unrelated
41,4,Female,Male,Yes,Divorced,16.1,Mother,Son,Mother-Son
7,15,Male,Female,Yes,Single,28.7,Brother,Sister,Brother-Sister
44,1,Female,Male,Yes,Single,3.9,Mother,Son,Mother-Son
90,2,Male,Female,Yes,Divorced,23.8,Grandfather,Granddaughter,Grandfather-Granddaughter
72,35,Male,Female,Yes,Married,4.5,Grandfather,Granddaughter,Grandfather-Granddaughter
29,24,Male,Male,Yes,Single,3.1,Brother,Brother,Brother-Brother
51,45,Male,Female,Yes,Married,28.8,Husband,Wife,Husband-Wife
75,37,Female,Male,Yes,Single,1.9,Grandmother,Grandson,Grandmother-Grandson
26,2,Female,Female,Yes,Single,6.3,Mother,Daughter,Mother-Daughter
17,15,Male,Female,Yes,Single,12.1,Brother,Sister,Brother-Sister
80,42,Male,Male,Yes,Married,18.0,Grandfather,Grandson,Grandfather-Grandson
36,15,Male,Male,Yes,Married,16.7,Father,Son,Father-Son
72,34,Female,Female,Yes,Divorced,8.7,Grandmother,Granddaughter,Grandmother-Granddaughter
26,5,Female,Male,Yes,Married,12.7,Mother,Son,Mother-Son
33,11,Male,Male,Yes,Divorced,4.2,Father,Son,Father-Son
46,53,Female,Female,Yes,Single,5.1,Sister,Sister,Sister-Sister
30,58,Female,Female,No,Single,17.0,Roommate,Roommate,Unrelated
47,21,Male,Female,Yes,Divorced,19.3,Father,Daughter,Father-Daughter
42,50,Male,Female,Yes,Single,25.0,Brother,Sister,Brother-Sister
82,12,Male,Male,Yes,Divorced,4.4,Grandfather,Grandson,Grandfather-Grandson
45,22,Female,Male,No,Single,10.6,Roommate,Roommate,Unrelated
56,21,Female,Male,Yes,Single,1.7,Grandmother,Grandson,Grandmother-Grandson
38,33,Male,Female,Yes,Single,7.9,Brother,Sister,Brother-Sister
29,29,Male,Female,No,Single,9.5,Roommate,Roommate,Unrelated
41,51,Male,Male,Yes,Single,6.8,Brother,Brother,Brother-Brother
60,70,Male,Female,Yes,Single,20.6,Brother,Sister,Brother-Sister
60,1,Male,Female,Yes,Widowed,10.8,Father,Daughter,Father-Daughter
84,28,Female,Female,Yes,Widowed,28.0,Grandmother,Granddaughter,Grandmother-Granddaughter
87,33,Male,Male,Yes,Single,8.8,Grandfather,Grandson,Grandfather-Grandson
53,17,Female,Female,Yes,Divorced,13.4,Mother,Daughter,Mother-Daughter
56,62,Male,Female,Yes,Single,7.4,Brother,Sister,Brother-Sister
59,21,Female,Male,Yes,Widowed,4.6,Mother,Son,Mother-Son
15,11,Male,Male,Yes,Single,16.6,Brother,Brother,Brother-Brother
67,59,Male,Female,Yes,Married,23.1,Husband,Wife,Husband-Wife
64,67,Male,Female,Yes,Married,20.9,Husband,Wife,Husband-Wife
58,15,Male,Male,Yes,Single,28.0,Grandfather,Grandson,Grandfather-Grandson
38,19,Female,Female,Yes,Widowed,28.5,Mother,Daughter,Mother-Daughter
60,7,Female,Female,Yes,Widowed,24.9,Grandmother,Granddaughter,Grandmother-Granddaughter
88,43,Male,Male,Yes,Married,21.4,Grandfather,Grandson,Grandfather-Grandson
60,11,Male,Male,Yes,Married,10.7,Grandfather,Grandson,Grandfather-Grandson
29,2,Male,Male,Yes,Divorced,3.0,Father,Son,Father-Son
61,7,Male,Male,Yes,Widowed,11.3,Grandfather,Grandson,Grandfather-Grandson
52,7,Male,Female,Yes,Married,2.8,Grandfather,Granddaughter,Grandfather-Granddaughter
47,12,Male,Female,Yes,Married,29.6,Father,Daughter,Father-Daughter
47,48,Male,Male,Yes,Single,10.1,Brother,Brother,Brother-Brother
57,21,Male,Male,Yes,Married,0.8,Grandfather,Grandson,Grandfather-Grandson
19,10,Male,Female,Yes,Single,22.3,Brother,Sister,Brother-Sister
37,32,Male,Female,Yes,Married,4.3,Husband,Wife,Husband-Wife
65,25,Male,Male,Yes,Single,1.3,Grandfather,Grandson,Grandfather-Grandson
75,13,Female,Female,Yes,Divorced,17.7,Grandmother,Granddaughter,Grandmother-Granddaughter
33,11,Male,Female,Yes,Widowed,23.0,Father,Daughter,Father-Daughter
49,22,Female,Male,Yes,Single,4.9,Mother,Son,Mother-Son
46,12,Female,Male,Yes,Divorced,2.4,Mother,Son,Mother-Son
37,6,Male,Male,Yes,Divorced,5.5,Father,Son,Father-Son
68,6,Female,Female,Yes,Single,6.7,Grandmother,Granddaughter,Grandmother-Granddaughter
24,29,Male,Female,Yes,Single,22.7,Brother,Sister,Brother-Sister
55,19,Female,Male,Yes,Widowed,11.1,Mother,Son,Mother-Son
12,11,Male,Female,Yes,Single,10.3,Brother,Sister,Brother-Sister
47,7,Female,Male,Yes,Widowed,4.7,Mother,Son,Mother-Son
58,66,Male,Female,Yes,Single,0.5,Brother,Sister,Brother-Sister
59,0,Female,Female,Yes,Single,15.8,Grandmother,Granddaughter,Grandmother-Granddaughter
31,39,Male,Female,Yes,Married,8.2,Husband,Wife,Husband-Wife
60,6,Male,Male,Yes,Married,9.7,Father,Son,Father-Son
41,20,Male,Male,Yes,Divorced,18.4,Father,Son,Father-Son
70,8,Male,Male,Yes,Widowed,21.6,Grandfather,Grandson,Grandfather-Grandson
49,59,Female,Female,Yes,Single,25.2,Sister,Sister,Sister-Sister
28,5,Male,Female,Yes,Divorced,26.2,Father,Daughter,Father-Daughter
30,10,Female,Male,Yes,Single,25.6,Mother,Son,Mother-Son
70,23,Male,Female,Yes,Widowed,1.7,Father,Daughter,Father-Daughter
34,10,Female,Female,Yes,Single,20.8,Mother,Daughter,Mother-Daughter
70,19,Female,Male,Yes,Widowed,11.9,Grandmother,Grandson,Grandmother-Grandson
89,5,Female,Male,Yes,Single,21.0,Grandmother,Grandson,Grandmother-Grandson
56,0,Male,Female,Yes,Married,21.2,Grandfather,Granddaughter,Grandfather-Granddaughter
48,46,Female,Female,Yes,Single,21.0,Sister,Sister,Sister-Sister
34,3,Male,Male,Yes,Widowed,4.0,Father,Son,Father-Son
43,52,Male,Female,Yes,Married,14.0,Husband,Wife,Husband-Wife
65,7,Male,Female,Yes,Divorced,8.4,Grandfather,Granddaughter,Grandfather-Granddaughter
67,14,Male,Male,Yes,Divorced,24.2,Father,Son,Father-Son
37,9,Female,Male,Yes,Single,15.8,Mother,Son,Mother-Son
35,47,Male,Female,Yes,Married,4.8,Husband,Wife,Husband-Wife
60,35,Male,Male,Yes,Married,26.8,Father,Son,Father-Son
18,20,Female,Female,No,Single,28.4,Roommate,Roommate,Unrelated
59,18,Male,Male,Yes,Single,12.9,Grandfather,Grandson,Grandfather-Grandson
69,23,Male,Female,Yes,Divorced,8.8,Grandfather,Granddaughter,Grandfather-Granddaughter
62,43,Male,Female,Yes,Divorced,10.8,Father,Daughter,Father-Daughter
5,10,Male,Female,Yes,Single,14.6,Brother,Sister,Brother-Sister
14,17,Female,Female,Yes,Single,17.5,Sister,Sister,Sister-Sister
50,8,Female,Male,Yes,Widowed,22.0,Grandmother,Grandson,Grandmother-Grandson
69,81,Male,Female,Yes,Married,11.2,Husband,Wife,Husband-Wife
62,30,Male,Female,Yes,Married,25.2,Father,Daughter,Father-Daughter
89,46,Female,Male,Yes,Divorced,16.0,Grandmother,Grandson,Grandmother-Grandson
88,0,Female,Female,Yes,Married,9.6,Grandmother,Granddaughter,Grandmother-Granddaughter
40,39,Male,Female,Yes,Married,23.9,Husband,Wife,Husband-Wife
32,23,Male,Female,Yes,Single,0.7,Brother,Sister,Brother-Sister
60,19,Female,Male,No,Single,12.8,Roommate,Roommate,Unrelated
70,6,Male,Male,Yes,Divorced,5.3,Father,Son,Father-Son
69,4,Female,Female,Yes,Single,13.6,Grandmother,Granddaughter,Grandmother-Granddaughter
30,6,Female,Male,Yes,Divorced,14.7,Mother,Son,Mother-Son
61,21,Female,Male,Yes,Widowed,29.5,Mother,Son,Mother-Son
50,28,Male,Female,Yes,Single,26.1,Father,Daughter,Father-Daughter
49,17,Male,Male,Yes,Widowed,7.9,Father,Son,Father-Son
44,2,Female,Female,Yes,Single,5.7,Mother,Daughter,Mother-Daughter
40,15,Female,Female,Yes,Single,6.3,Mother,Daughter,Mother-Daughter
34,6,Female,Male,Yes,Divorced,18.8,Mother,Son,Mother-Son
70,2,Female,Female,Yes,Divorced,2.7,Grandmother,Granddaughter,Grandmother-Granddaughter
56,21,Male,Female,Yes,Married,15.5,Grandfather,Granddaughter,Grandfather-Granddaughter
20,11,Male,Male,Yes,Single,16.7,Brother,Brother,Brother-Brother
56,18,Female,Male,Yes,Divorced,20.9,Grandmother,Grandson,Grandmother-Grandson
66,26,Female,Female,Yes,Divorced,9.4,Grandmother,Granddaughter,Grandmother-Granddaughter
62,10,Female,Male,Yes,Widowed,13.1,Mother,Son,Mother-Son
82,46,Female,Female,Yes,Single,17.7,Grandmother,Granddaughter,Grandmother-Granddaughter
69,34,Female,Female,Yes,Married,26.0,Grandmother,Granddaughter,Grandmother-Granddaughter
69,69,Male,Female,Yes,Married,20.8,Husband,Wife,Husband-Wife
61,0,Male,Female,Yes,Single,28.2,Father,Daughter,Father-Daughter
29,40,Male,Female,Yes,Married,19.4,Husband,Wife,Husband-Wife
26,17,Female,Female,Yes,Single,11.9,Sister,Sister,Sister-Sister
44,6,Male,Male,Yes,Divorced,3.7,Father,Son,Father-Son
56,9,Male,Male,Yes,Married,27.5,Grandfather,Grandson,Grandfather-Grandson
70,3,Male,Female,Yes,Divorced,20.8,Father,Daughter,Father-Daughter
72,27,Female,Male,Yes,Single,19.5,Grandmother,Grandson,Grandmother-Grandson
32,42,Male,Female,Yes,Single,20.4,Brother,Sister,Brother-Sister
38,44,Male,Female,Yes,Single,19.2,Brother,Sister,Brother-Sister
60,42,Female,Female,Yes,Married,21.8,Mother,Daughter,Mother-Daughter
89,23,Male,Female,Yes,Widowed,12.7,Grandfather,Granddaughter,Grandfather-Granddaughter
68,66,Male,Female,No,Single,18.5,Roommate,Roommate,Unrelated
60,9,Female,Female,Yes,Divorced,25.7,Grandmother,Granddaughter,Grandmother-Granddaughter
71,19,Male,Male,Yes,Married,9.9,Grandfather,Grandson,Grandfather-Grandson
58,4,Male,Male,Yes,Married,27.8,Grandfather,Grandson,Grandfather-Grandson
47,25,Female,Male,No,Single,11.7,Roommate,Roommate,Unrelated
42,14,Male,Female,Yes,Single,16.2,Father,Daughter,Father-Daughter
60,33,Male,Male,Yes,Widowed,28.6,Father,Son,Father-Son
85,8,Female,Female,Yes,Single,13.6,Grandmother,Granddaughter,Grandmother-Granddaughter
24,18,Male,Female,Yes,Married,25.8,Husband,Wife,Husband-Wife
84,1,Male,Female,Yes,Widowed,29.6,Grandfather,Granddaughter,Grandfather-Granddaughter
57,19,Male,Male,Yes,Single,4.6,Father,Son,Father-Son
70,12,Male,Male,Yes,Divorced,29.1,Grandfather,Grandson,Grandfather-Grandson
52,6,Female,Female,Yes,Widowed,24.6,Mother,Daughter,Mother-Daughter
62,1,Male,Female,Yes,Divorced,13.0,Grandfather,Granddaughter,Grandfather-Granddaughter
23,60,Female,Male,Yes,Single,28.5,Roommate,Roommate,Unrelated
60,2,Female,Male,Yes,Single,23.2,Grandmother,Grandson,Grandmother-Grandson
13,22,Female,Female,Yes,Single,28.1,Sister,Sister,Sister-Sister
30,38,Male,Female,Yes,Single,14.8,Brother,Sister,Brother-Sister
36,29,Male,Male,Yes,Single,8.3,Brother,Brother,Brother-Brother
75,6,Male,Male,Yes,Widowed,27.5,Grandfather,Grandson,Grandfather-Grandson
22,23,Male,Female,No,Single,4.8,Roommate,Roommate,Unrelated
52,3,Female,Female,Yes,Widowed,4.5,Grandmother,Granddaughter,Grandmother-Granddaughter
63,75,Male,Female,Yes,Married,7.8,Husband,Wife,Husband-Wife
14,10,Male,Male,Yes,Single,7.8,Brother,Brother,Brother-Brother
16,8,Male,Female,Yes,Single,29.7,Brother,Sister,Brother-Sister
31,31,Male,Female,Yes,Single,3.7,Brother,Sister,Brother-Sister
51,32,Male,Male,Yes,Widowed,8.7,Father,Son,Father-Son
82,36,Male,Female,Yes,Widowed,15.4,Grandfather,Granddaughter,Grandfather-Granddaughter
80,18,Female,Female,Yes,Widowed,4.1,Grandmother,Granddaughter,Grandmother-Granddaughter
39,35,Male,Male,Yes,Single,20.3,Brother,Brother,Brother-Brother
61,5,Male,Female,Yes,Single,16.3,Grandfather,Granddaughter,Grandfather-Granddaughter
29,33,Male,Male,Yes,Single,14.5,Brother,Brother,Brother-Brother
36,44,Female,Female,Yes,Single,26.7,Sister,Sister,Sister-Sister
43,8,Male,Female,Yes,Married,26.6,Father,Daughter,Father-Daughter
57,15,Male,Female,Yes,Married,21.3,Grandfather,Granddaughter,Grandfather-Granddaughter
55,22,Female,Male,Yes,Married,12.6,Mother,Son,Mother-Son
8,12,Female,Female,Yes,Single,7.4,Sister,Sister,Sister-Sister
25,19,Male,Male,Yes,Single,24.4,Brother,Brother,Brother-Brother
61,31,Male,Male,Yes,Divorced,10.6,Father,Son,Father-Son
48,3,Female,Male,Yes,Widowed,5.0,Mother,Son,Mother-Son
47,0,Female,Male,Yes,Divorced,16.7,Mother,Son,Mother-Son
49,22,Male,Female,Yes,Married,18.0,Father,Daughter,Father-Daughter
59,11,Male,Female,Yes,Divorced,16.2,Grandfather,Granddaughter,Grandfather-Granddaughter
38,41,Male,Female,Yes,Married,28.5,Husband,Wife,Husband-Wife
39,14,Male,Male,Yes,Widowed,24.3,Father,Son,Father-Son
64,64,Male,Female,Yes,Married,22.2,Husband,Wife,Husband-Wife
41,53,Male,Female,No,Single,15.9,Roommate,Roommate,Unrelated
52,33,Female,Male,Yes,Single,6.2,Mother,Son,Mother-Son
52,14,Female,Female,Yes,Single,16.0,Grandmother,Granddaughter,Grandmother-Granddaughter
50,13,Female,Male,Yes,Divorced,20.2,Mother,Son,Mother-Son
51,13,Male,Female,Yes,Married,20.2,Grandfather,Granddaughter,Grandfather-Granddaughter
88,50,Female,Female,Yes,Divorced,4.3,Grandmother,Granddaughter,Grandmother-Granddaughter
23,16,Male,Female,Yes,Single,1.7,Brother,Sister,Brother-Sister
56,3,Female,Male,Yes,Divorced,27.3,Mother,Son,Mother-Son
49,43,Female,Female,Yes,Single,30.0,Sister,Sister,Sister-Sister
86,28,Male,Female,Yes,Divorced,1.4,Grandfather,Granddaughter,Grandfather-Granddaughter
52,43,Male,Female,Yes,Married,14.5,Husband,Wife,Husband-Wife
70,60,Male,Female,Yes,Married,24.0,Husband,Wife,Husband-Wife
68,31,Male,Male,Yes,Widowed,14.7,Grandfather,Grandson,Grandfather-Grandson
87,28,Male,Male,Yes,Married,14.7,Grandfather,Grandson,Grandfather-Grandson
38,18,Female,Male,Yes,Widowed,19.7,Mother,Son,Mother-Son
44,35,Female,Female,Yes,Single,21.3,Sister,Sister,Sister-Sister
88,44,Female,Male,Yes,Single,5.8,Grandmother,Grandson,Grandmother-Grandson
36,10,Female,Male,Yes,Single,12.1,Mother,Son,Mother-Son
69,21,Male,Female,No,Single,27.8,Roommate,Roommate,Unrelated
64,69,Male,Female,Yes,Married,3.2,Husband,Wife,Husband-Wife
58,57,Male,Female,Yes,Married,11.5,Husband,Wife,Husband-Wife
35,38,Male,Male,Yes,Single,9.4,Brother,Brother,Brother-Brother
90,15,Male,Male,Yes,Married,21.4,Grandfather,Grandson,Grandfather-Grandson
63,37,Female,Male,Yes,Married,25.6,Mother,Son,Mother-Son
45,41,Male,Female,Yes,Married,8.1,Husband,Wife,Husband-Wife
76,35,Female,Female,Yes,Single,25.5,Grandmother,Granddaughter,Grandmother-Granddaughter
75,2,Female,Female,Yes,Married,7.5,Grandmother,Granddaughter,Grandmother-Granddaughter
66,2,Male,Female,Yes,Divorced,3.1,Father,Daughter,Father-Daughter
88,14,Male,Female,Yes,Divorced,20.8,Grandfather,Granddaughter,Grandfather-Granddaughter
28,30,Male,Female,Yes,Single,11.6,Brother,Sister,Brother-Sister
36,29,Male,Male,Yes,Single,4.0,Brother,Brother,Brother-Brother
26,23,Female,Female,Yes,Single,20.2,Sister,Sister,Sister-Sister
54,3,Male,Female,Yes,Divorced,26.2,Father,Daughter,Father-Daughter
55,24,Female,Male,Yes,Married,11.0,Mother,Son,Mother-Son
65,0,Female,Female,Yes,Divorced,13.1,Grandmother,Granddaughter,Grandmother-Granddaughter
55,2,Male,Female,Yes,Married,4.3,Grandfather,Granddaughter,Grandfather-Granddaughter
13,19,Male,Female,Yes,Single,17.8,Brother,Sister,Brother-Sister
32,41,Female,Female,Yes,Single,13.2,Sister,Sister,Sister-Sister
54,64,Male,Female,Yes,Single,5.7,Brother,Sister,Brother-Sister
27,20,Female,Female,Yes,Single,25.5,Sister,Sister,Sister-Sister
38,40,Male,Male,No,Single,26.4,Roommate,Roommate,Unrelated
52,52,Male,Male,Yes,Single,7.8,Brother,Brother,Brother-Brother
28,23,Male,Male,Yes,Single,7.4,Brother,Brother,Brother-Brother
29,4,Female,Male,Yes,Married,27.1,Mother,Son,Mother-Son
59,71,Male,Female,Yes,Married,12.6,Husband,Wife,Husband-Wife
87,34,Male,Female,Yes,Widowed,16.5,Grandfather,Granddaughter,Grandfather-Granddaughter
9,3,Female,Female,Yes,Single,16.6,Sister,Sister,Sister-Sister
19,42,Female,Female,No,Single,9.7,Roommate,Roommate,Unrelated
54,14,Female,Female,Yes,Widowed,21.7,Grandmother,Granddaughter,Grandmother-Granddaughter
85,14,Female,Male,Yes,Divorced,3.1,Grandmother,Grandson,Grandmother-Grandson
69,1,Male,Female,Yes,Single,14.9,Father,Daughter,Father-Daughter
44,16,Male,Male,Yes,Single,20.0,Father,Son,Father-Son
43,38,Female,Female,Yes,Single,5.0,Sister,Sister,Sister-Sister
48,29,Male,Male,Yes,Widowed,27.2,Father,Son,Father-Son
40,39,Female,Female,Yes,Single,23.0,Sister,Sister,Sister-Sister
36,16,Female,Female,Yes,Married,12.2,Mother,Daughter,Mother-Daughter
71,18,Female,Male,Yes,Married,3.0,Grandmother,Grandson,Grandmother-Grandson
25,35,Female,Female,Yes,Single,21.4,Sister,Sister,Sister-Sister
35,38,Male,Male,Yes,Single,26.7,Brother,Brother,Brother-Brother
51,54,Male,Female,Yes,Single,16.4,Brother,Sister,Brother-Sister
35,37,Female,Female,Yes,Single,20.5,Sister,Sister,Sister-Sister
73,8,Female,Female,Yes,Single,2.9,Grandmother,Granddaughter,Grandmother-Granddaughter
26,7,Female,Male,Yes,Married,27.3,Mother,Son,Mother-Son
60,2,Male,Male,Yes,Widowed,28.2,Grandfather,Grandson,Grandfather-Grandson
38,37,Female,Female,Yes,Single,29.2,Sister,Sister,Sister-Sister
34,30,Female,Female,Yes,Single,23.9,Sister,Sister,Sister-Sister
37,25,Female,Female,No,Single,7.9,Roommate,Roommate,Unrelated
50,8,Male,Female,Yes,Single,7.6,Grandfather,Granddaughter,Grandfather-Granddaughter
61,31,Female,Female,Yes,Married,14.6,Mother,Daughter,Mother-Daughter
68,18,Male,Male,Yes,Single,9.3,Grandfather,Grandson,Grandfather-Grandson
84,0,Male,Male,Yes,Single,17.0,Grandfather,Grandson,Grandfather-Grandson
19,17,Male,Female,Yes,Single,2.6,Brother,Sister,Brother-Sister
45,57,Female,Male,No,Single,17.9,Roommate,Roommate,Unrelated
50,5,Male,Female,Yes,Single,23.3,Grandfather,Granddaughter,Grandfather-Granddaughter
38,10,Male,Male,Yes,Married,3.5,Father,Son,Father-Son
34,11,Female,Female,Yes,Single,19.3,Mother,Daughter,Mother-Daughter
29,8,Female,Female,Yes,Widowed,11.5,Mother,Daughter,Mother-Daughter
49,38,Male,Female,Yes,Married,6.5,Husband,Wife,Husband-Wife
51,67,Female,Male,No,Single,22.2,Roommate,Roommate,Unrelated
50,50,Male,Male,Yes,Single,24.1,Brother,Brother,Brother-Brother
53,23,Male,Male,Yes,Divorced,29.5,Father,Son,Father-Son
51,10,Male,Male,Yes,Married,16.4,Grandfather,Grandson,Grandfather-Grandson
51,33,Male,Female,No,Single,15.8,Roommate,Roommate,Unrelated
67,30,Male,Male,Yes,Married,7.3,Grandfather,Grandson,Grandfather-Grandson
35,4,Female,Male,Yes,Married,25.3,Mother,Son,Mother-Son
44,0,Female,Male,Yes,Married,11.5,Mother,Son,Mother-Son
58,12,Male,Female,Yes,Divorced,16.7,Grandfather,Granddaughter,Grandfather-Granddaughter
88,29,Female,Female,Yes,Married,6.3,Grandmother,Granddaughter,Grandmother-Granddaughter
88,18,Male,Female,Yes,Single,4.0,Grandfather,Granddaughter,Grandfather-Granddaughter
58,23,Female,Female,Yes,Widowed,28.3,Grandmother,Granddaughter,Grandmother-Granddaughter
28,20,Female,Female,Yes,Single,22.3,Sister,Sister,Sister-Sister
51,29,Female,Female,Yes,Single,18.4,Mother,Daughter,Mother-Daughter
66,1,Male,Male,Yes,Single,1.0,Grandfather,Grandson,Grandfather-Grandson
58,4,Male,Male,Yes,Divorced,6.0,Grandfather,Grandson,Grandfather-Grandson
86,21,Male,Male,Yes,Divorced,3.6,Grandfather,Grandson,Grandfather-Grandson
10,5,Female,Female,Yes,Single,24.9,Sister,Sister,Sister-Sister
36,0,Male,Male,Yes,Single,28.5,Father,Son,Father-Son
63,7,Male,Male,Yes,Widowed,2.9,Father,Son,Father-Son
60,41,Female,Female,Yes,Divorced,15.2,Mother,Daughter,Mother-Daughter
68,33,Male,Male,Yes,Divorced,23.0,Grandfather,Grandson,Grandfather-Grandson
60,11,Male,Female,Yes,Widowed,13.9,Father,Daughter,Father-Daughter
35,43,Male,Male,Yes,Single,6.8,Brother,Brother,Brother-Brother
52,8,Male,Female,Yes,Single,17.3,Grandfather,Granddaughter,Grandfather-Granddaughter
40,32,Male,Female,Yes,Single,18.6,Brother,Sister,Brother-Sister
88,42,Male,Male,Yes,Married,20.7,Grandfather,Grandson,Grandfather-Grandson
38,37,Female,Female,Yes,Single,20.9,Sister,Sister,Sister-Sister
35,3,Male,Female,Yes,Widowed,4.1,Father,Daughter,Father-Daughter
80,17,Male,Male,Yes,Single,4.1,Grandfather,Grandson,Grandfather-Grandson
43,24,Male,Male,Yes,Single,4.1,Father,Son,Father-Son
39,6,Male,Female,Yes,Single,23.5,Father,Daughter,Father-Daughter
34,38,Male,Female,Yes,Single,24.6,Brother,Sister,Brother-Sister
73,13,Male,Male,Yes,Married,18.2,Grandfather,Grandson,Grandfather-Grandson
52,10,Female,Female,Yes,Widowed,14.7,Grandmother,Granddaughter,Grandmother-Granddaughter
47,8,Male,Male,Yes,Divorced,29.0,Father,Son,Father-Son
28,37,Male,Female,Yes,Single,6.9,Brother,Sister,Brother-Sister
35,9,Female,Male,Yes,Married,14.0,Mother,Son,Mother-Son
64,34,Female,Female,Yes,Married,0.8,Mother,Daughter,Mother-Daughter
71,33,Female,Male,Yes,Single,8.8,Grandmother,Grandson,Grandmother-Grandson
69,27,Male,Male,Yes,Single,23.5,Father,Son,Father-Son
42,10,Male,Male,Yes,Divorced,27.1,Father,Son,Father-Son
30,29,Male,Female,Yes,Married,2.0,Husband,Wife,Husband-Wife
46,36,Female,Female,Yes,Single,12.1,Sister,Sister,Sister-Sister
54,29,Male,Male,Yes,Widowed,15.0,Father,Son,Father-Son
58,62,Male,Female,No,Single,29.6,Roommate,Roommate,Unrelated
66,1,Female,Female,Yes,Married,1.7,Grandmother,Granddaughter,Grandmother-Granddaughter
67,57,Male,Female,No,Single,14.5,Roommate,Roommate,Unrelated
31,4,Female,Male,Yes,Single,4.1,Mother,Son,Mother-Son
52,14,Male,Female,Yes,Divorced,25.1,Grandfather,Granddaughter,Grandfather-Granddaughter
31,24,Male,Male,Yes,Single,10.1,Brother,Brother,Brother-Brother
73,15,Female,Male,Yes,Divorced,0.7,Grandmother,Grandson,Grandmother-Grandson
59,24,Female,Male,Yes,Widowed,22.1,Grandmother,Grandson,Grandmother-Grandson
62,58,Male,Female,Yes,Married,13.7,Husband,Wife,Husband-Wife
76,15,Male,Female,Yes,Divorced,13.7,Grandfather,Granddaughter,Grandfather-Granddaughter
33,12,Male,Female,Yes,Single,16.0,Father,Daughter,Father-Daughter
25,5,Female,Male,Yes,Single,9.0,Mother,Son,Mother-Son
63,10,Male,Female,Yes,Married,27.1,Father,Daughter,Father-Daughter
20,18,Female,Female,Yes,Single,18.1,Sister,Sister,Sister-Sister
62,18,Male,Female,Yes,Widowed,26.1,Father,Daughter,Father-Daughter
58,37,Male,Female,Yes,Married,18.7,Father,Daughter,Father-Daughter
75,8,Male,Female,Yes,Divorced,24.7,Grandfather,Granddaughter,Grandfather-Granddaughter
60,57,Male,Female,Yes,Single,27.0,Brother,Sister,Brother-Sister
58,4,Female,Female,Yes,Single,20.4,Mother,Daughter,Mother-Daughter
65,45,Male,Female,No,Single,1.2,Roommate,Roommate,Unrelated
38,7,Female,Female,Yes,Divorced,3.5,Mother,Daughter,Mother-Daughter
59,7,Female,Male,Yes,Married,15.6,Mother,Son,Mother-Son
25,3,Female,Male,Yes,Married,8.5,Mother,Son,Mother-Son
55,52,Female,Female,Yes,Single,21.0,Sister,Sister,Sister-Sister
85,1,Female,Female,Yes,Single,13.1,Grandmother,Granddaughter,Grandmother-Granddaughter
56,4,Male,Female,Yes,Widowed,19.9,Father,Daughter,Father-Daughter
56,18,Female,Female,Yes,Single,6.7,Grandmother,Granddaughter,Grandmother-Granddaughter
22,26,Male,Male,Yes,Single,5.5,Brother,Brother,Brother-Brother
48,8,Female,Female,Yes,Single,2.7,Mother,Daughter,Mother-Daughter
25,1,Female,Female,Yes,Divorced,5.2,Mother,Daughter,Mother-Daughter
33,2,Female,Male,Yes,Single,17.0,Mother,Son,Mother-Son
24,14,Male,Female,Yes,Single,14.6,Brother,Sister,Brother-Sister
59,5,Female,Male,Yes,Married,12.6,Mother,Son,Mother-Son
29,18,Male,Female,Yes,Married,23.8,Husband,Wife,Husband-Wife
48,27,Male,Male,Yes,Divorced,19.1,Father,Son,Father-Son
50,44,Male,Female,Yes,Married,18.9,Husband,Wife,Husband-Wife
19,29,Male,Female,Yes,Single,21.1,Brother,Sister,Brother-Sister
34,44,Male,Female,Yes,Married,19.0,Husband,Wife,Husband-Wife
78,1,Male,Female,Yes,Divorced,11.3,Grandfather,Granddaughter,Grandfather-Granddaughter
31,24,Male,Male,Yes,Single,19.9,Brother,Brother,Brother-Brother
50,9,Female,Female,Yes,Married,28.1,Grandmother,Granddaughter,Grandmother-Granddaughter
67,9,Male,Male,Yes,Single,5.2,Father,Son,Father-Son
73,5,Female,Male,Yes,Divorced,14.2,Grandmother,Grandson,Grandmother-Grandson
42,49,Male,Female,Yes,Married,27.5,Husband,Wife,Husband-Wife
57,6,Male,Male,Yes,Widowed,29.1,Grandfather,Grandson,Grandfather-Grandson
88,43,Male,Female,Yes,Widowed,8.8,Grandfather,Granddaughter,Grandfather-Granddaughter
47,52,Male,Female,Yes,Single,7.3,Brother,Sister,Brother-Sister
60,28,Female,Male,Yes,Divorced,24.5,Mother,Son,Mother-Son
51,46,Male,Female,Yes,Single,4.4,Brother,Sister,Brother-Sister
68,45,Male,Male,Yes,Divorced,21.3,Father,Son,Father-Son
68,58,Male,Female,Yes,Married,18.8,Husband,Wife,Husband-Wife
49,28,Female,Female,Yes,Single,7.2,Mother,Daughter,Mother-Daughter
73,24,Male,Female,Yes,Widowed,20.3,Grandfather,Granddaughter,Grandfather-Granddaughter
88,7,Female,Female,Yes,Married,3.2,Grandmother,Granddaughter,Grandmother-Granddaughter
33,12,Male,Female,Yes,Divorced,12.2,Father,Daughter,Father-Daughter
55,1,Male,Male,Yes,Widowed,28.1,Grandfather,Grandson,Grandfather-Grandson
35,39,Male,Female,Yes,Single,1.2,Brother,Sister,Brother-Sister
79,5,Male,Male,Yes,Single,0.7,Grandfather,Grandson,Grandfather-Grandson
31,41,Male,Female,Yes,Single,20.3,Brother,Sister,Brother-Sister
52,0,Female,Male,Yes,Married,6.5,Mother,Son,Mother-Son
20,11,Male,Male,Yes,Single,7.3,Brother,Brother,Brother-Brother
28,36,Female,Female,Yes,Single,9.1,Sister,Sister,Sister-Sister
25,31,Female,Female,Yes,Single,10.3,Sister,Sister,Sister-Sister
29,1,Male,Female,Yes,Widowed,17.3,Father,Daughter,Father-Daughter
48,2,Female,Female,Yes,Single,28.6,Mother,Daughter,Mother-Daughter
50,4,Male,Female,Yes,Single,27.5,Grandfather,Granddaughter,Grandfather-Granddaughter
65,2,Male,Female,Yes,Widowed,25.7,Grandfather,Granddaughter,Grandfather-Granddaughter
55,8,Female,Male,Yes,Single,19.4,Mother,Son,Mother-Son
59,37,Male,Male,Yes,Married,15.3,Father,Son,Father-Son
50,50,Male,Female,Yes,Single,22.1,Brother,Sister,Brother-Sister
29,35,Female,Female,Yes,Single,10.4,Sister,Sister,Sister-Sister
37,6,Female,Male,Yes,Married,20.5,Mother,Son,Mother-Son
53,11,Male,Male,Yes,Single,5.6,Grandfather,Grandson,Grandfather-Grandson
45,36,Female,Female,Yes,Single,19.5,Sister,Sister,Sister-Sister
37,9,Male,Male,Yes,Married,10.8,Father,Son,Father-Son
33,1,Female,Male,Yes,Married,18.0,Mother,Son,Mother-Son
8,18,Male,Male,Yes,Single,14.9,Brother,Brother,Brother-Brother
28,4,Female,Male,Yes,Divorced,25.2,Mother,Son,Mother-Son
47,55,Male,Female,Yes,Single,7.2,Roommate,Roommate,Unrelated
63,25,Female,Male,Yes,Widowed,5.5,Grandmother,Grandson,Grandmother-Grandson
33,3,Female,Male,Yes,Single,9.3,Mother,Son,Mother-Son
46,8,Male,Female,Yes,Married,17.6,Father,Daughter,Father-Daughter
23,31,Female,Female,Yes,Single,1.5,Sister,Sister,Sister-Sister
82,47,Female,Female,Yes,Divorced,21.8,Grandmother,Granddaughter,Grandmother-Granddaughter
31,21,Female,Female,Yes,Single,17.0,Sister,Sister,Sister-Sister
45,49,Female,Female,Yes,Single,7.8,Sister,Sister,Sister-Sister
50,11,Female,Female,Yes,Widowed,13.1,Grandmother,Granddaughter,Grandmother-Granddaughter
58,13,Male,Female,Yes,Married,0.6,Father,Daughter,Father-Daughter
46,16,Female,Female,Yes,Single,9.5,Mother,Daughter,Mother-Daughter
30,6,Female,Male,Yes,Married,14.9,Mother,Son,Mother-Son
55,55,Male,Female,Yes,Married,3.8,Husband,Wife,Husband-Wife
32,7,Male,Male,Yes,Married,18.9,Father,Son,Father-Son
36,6,Male,Female,Yes,Married,7.0,Father,Daughter,Father-Daughter
45,38,Male,Female,Yes,Single,26.6,Brother,Sister,Brother-Sister
61,23,Female,Male,Yes,Widowed,10.3,Mother,Son,Mother-Son
41,11,Male,Female,Yes,Divorced,13.8,Father,Daughter,Father-Daughter
22,32,Male,Female,Yes,Single,27.5,Brother,Sister,Brother-Sister
78,43,Male,Male,Yes,Divorced,4.4,Grandfather,Grandson,Grandfather-Grandson
36,44,Male,Female,Yes,Single,6.6,Brother,Sister,Brother-Sister
65,40,Female,Female,Yes,Single,12.8,Mother,Daughter,Mother-Daughter
45,45,Female,Female,Yes,Single,13.1,Sister,Sister,Sister-Sister
40,10,Female,Male,Yes,Widowed,21.4,Mother,Son,Mother-Son
44,51,Male,Female,Yes,Single,5.3,Brother,Sister,Brother-Sister
54,2,Male,Male,Yes,Married,11.7,Grandfather,Grandson,Grandfather-Grandson
33,41,Male,Male,Yes,Single,10.9,Brother,Brother,Brother-Brother
25,31,Male,Female,Yes,Married,16.6,Husband,Wife,Husband-Wife
71,34,Male,Male,Yes,Widowed,5.2,Grandfather,Grandson,Grandfather-Grandson
86,21,Male,Female,Yes,Single,14.1,Grandfather,Granddaughter,Grandfather-Granddaughter
71,26,Male,Male,Yes,Married,19.5,Grandfather,Grandson,Grandfather-Grandson
78,37,Male,Male,Yes,Divorced,22.9,Grandfather,Grandson,Grandfather-Grandson
12,16,Male,Male,Yes,Single,17.5,Brother,Brother,Brother-Brother
28,18,Male,Female,Yes,Married,6.6,Husband,Wife,Husband-Wife
28,4,Male,Male,Yes,Married,18.9,Father,Son,Father-Son
54,50,Female,Female,Yes,Single,5.8,Sister,Sister,Sister-Sister
36,12,Female,Female,Yes,Married,13.2,Mother,Daughter,Mother-Daughter
50,10,Female,Male,Yes,Widowed,22.0,Grandmother,Grandson,Grandmother-Grandson
60,21,Male,Male,Yes,Divorced,15.3,Grandfather,Grandson,Grandfather-Grandson
86,9,Female,Female,Yes,Single,2.4,Grandmother,Granddaughter,Grandmother-Granddaughter
28,22,Female,Female,Yes,Single,26.7,Sister,Sister,Sister-Sister
12,11,Male,Female,Yes,Single,15.3,Brother,Sister,Brother-Sister
30,41,Male,Female,Yes,Married,6.2,Husband,Wife,Husband-Wife
40,42,Male,Female,Yes,Single,20.4,Brother,Sister,Brother-Sister
40,20,Male,Female,Yes,Single,18.0,Father,Daughter,Father-Daughter
78,1,Male,Female,Yes,Divorced,20.8,Grandfather,Granddaughter,Grandfather-Granddaughter
36,2,Female,Male,Yes,Single,1.9,Mother,Son,Mother-Son
27,0,Female,Male,Yes,Married,14.4,Mother,Son,Mother-Son
57,19,Male,Female,Yes,Married,18.5,Grandfather,Granddaughter,Grandfather-Granddaughter
53,1,Male,Female,Yes,Divorced,24.5,Grandfather,Granddaughter,Grandfather-Granddaughter
72,35,Male,Female,Yes,Married,24.5,Grandfather,Granddaughter,Grandfather-Granddaughter
53,40,Female,Female,No,Single,21.5,Roommate,Roommate,Unrelated
47,26,Female,Male,Yes,Widowed,17.8,Mother,Son,Mother-Son
39,16,Male,Male,Yes,Married,15.6,Father,Son,Father-Son
84,25,Female,Male,Yes,Widowed,12.1,Grandmother,Grandson,Grandmother-Grandson
64,36,Female,Male,Yes,Widowed,19.9,Mother,Son,Mother-Son
11,7,Male,Female,Yes,Single,24.7,Brother,Sister,Brother-Sister
19,21,Male,Female,Yes,Single,22.9,Brother,Sister,Brother-Sister
54,19,Male,Female,Yes,Divorced,18.6,Grandfather,Granddaughter,Grandfather-Granddaughter
84,47,Male,Male,Yes,Married,0.7,Grandfather,Grandson,Grandfather-Grandson
52,0,Female,Male,Yes,Divorced,19.6,Grandmother,Grandson,Grandmother-Grandson
28,5,Female,Female,Yes,Widowed,23.3,Mother,Daughter,Mother-Daughter
47,28,Female,Male,Yes,Widowed,17.7,Mother,Son,Mother-Son
21,23,Male,Female,Yes,Married,7.4,Husband,Wife,Husband-Wife
5,8,Male,Female,Yes,Single,18.7,Brother,Sister,Brother-Sister
58,20,Female,Female,Yes,Widowed,18.7,Grandmother,Granddaughter,Grandmother-Granddaughter
64,27,Male,Female,Yes,Divorced,16.8,Grandfather,Granddaughter,Grandfather-Granddaughter
58,68,Male,Female,Yes,Single,3.4,Brother,Sister,Brother-Sister
89,16,Female,Female,Yes,Single,14.4,Grandmother,Granddaughter,Grandmother-Granddaughter
51,4,Female,Male,Yes,Widowed,9.5,Grandmother,Grandson,Grandmother-Grandson
63,37,Male,Female,Yes,Divorced,15.2,Father,Daughter,Father-Daughter
52,0,Male,Male,Yes,Single,27.2,Grandfather,Grandson,Grandfather-Grandson
73,18,Male,Male,Yes,Married,5.1,Grandfather,Grandson,Grandfather-Grandson
19,22,Male,Male,Yes,Single,29.2,Brother,Brother,Brother-Brother
81,18,Female,Male,Yes,Single,12.6,Grandmother,Grandson,Grandmother-Grandson
28,28,Male,Male,Yes,Single,29.9,Brother,Brother,Brother-Brother
32,11,Male,Male,Yes,Single,16.5,Father,Son,Father-Son
39,58,Male,Male,No,Single,26.5,Roommate,Roommate,Unrelated
86,33,Male,Female,Yes,Married,10.0,Grandfather,Granddaughter,Grandfather-Granddaughter
62,72,Male,Female,Yes,Married,19.6,Husband,Wife,Husband-Wife
32,7,Male,Male,Yes,Married,2.6,Father,Son,Father-Son
74,1,Female,Female,Yes,Widowed,3.9,Grandmother,Granddaughter,Grandmother-Granddaughter
56,51,Male,Female,Yes,Single,2.3,Brother,Sister,Brother-Sister
89,38,Male,Female,Yes,Married,12.2,Grandfather,Granddaughter,Grandfather-Granddaughter
51,16,Female,Male,Yes,Widowed,2.0,Grandmother,Grandson,Grandmother-Grandson
55,5,Male,Male,Yes,Single,9.5,Grandfather,Grandson,Grandfather-Grandson
13,21,Male,Male,Yes,Single,14.8,Brother,Brother,Brother-Brother
64,57,Male,Male,No,Single,26.8,Roommate,Roommate,Unrelated
78,0,Female,Female,Yes,Divorced,16.8,Grandmother,Granddaughter,Grandmother-Granddaughter
21,22,Female,Female,Yes,Single,25.9,Sister,Sister,Sister-Sister
36,12,Male,Male,Yes,Married,1.8,Father,Son,Father-Son
59,18,Male,Male,Yes,Widowed,21.8,Grandfather,Grandson,Grandfather-Grandson
51,4,Female,Female,Yes,Married,17.4,Grandmother,Granddaughter,Grandmother-Granddaughter
43,49,Female,Female,Yes,Single,14.8,Sister,Sister,Sister-Sister
7,3,Male,Female,Yes,Single,18.8,Brother,Sister,Brother-Sister
42,6,Male,Female,Yes,Single,25.9,Father,Daughter,Father-Daughter
36,27,Male,Male,Yes,Single,1.5,Brother,Brother,Brother-Brother
72,1,Male,Female,Yes,Single,13.2,Grandfather,Granddaughter,Grandfather-Granddaughter
52,11,Male,Male,Yes,Single,16.9,Grandfather,Grandson,Grandfather-Grandson
44,43,Female,Female,Yes,Single,6.5,Sister,Sister,Sister-Sister
49,40,Male,Male,Yes,Single,1.0,Brother,Brother,Brother-Brother
81,7,Female,Male,Yes,Married,24.2,Grandmother,Grandson,Grandmother-Grandson
43,65,Female,Male,No,Single,23.8,Roommate,Roommate,Unrelated
30,34,Male,Female,Yes,Married,20.4,Husband,Wife,Husband-Wife
56,52,Female,Female,Yes,Single,26.4,Sister,Sister,Sister-Sister
41,41,Male,Female,Yes,Married,6.7,Husband,Wife,Husband-Wife
51,8,Male,Female,Yes,Married,13.1,Father,Daughter,Father-Daughter
70,82,Male,Female,Yes,Married,22.1,Husband,Wife,Husband-Wife
83,16,Male,Male,Yes,Married,27.2,Grandfather,Grandson,Grandfather-Grandson
11,13,Male,Female,Yes,Single,7.3,Brother,Sister,Brother-Sister
25,26,Male,Female,Yes,Single,29.4,Brother,Sister,Brother-Sister
54,55,Female,Female,Yes,Single,21.3,Sister,Sister,Sister-Sister
76,22,Male,Female,Yes,Married,13.1,Grandfather,Granddaughter,Grandfather-Granddaughter
69,10,Male,Female,Yes,Widowed,20.1,Grandfather,Granddaughter,Grandfather-Granddaughter
64,52,Male,Female,Yes,Married,29.5,Husband,Wife,Husband-Wife
74,22,Female,Male,Yes,Single,11.9,Grandmother,Grandson,Grandmother-Grandson
34,13,Male,Male,Yes,Single,24.6,Father,Son,Father-Son
48,38,Male,Female,Yes,Single,16.9,Brother,Sister,Brother-Sister
42,43,Female,Female,Yes,Single,18.1,Sister,Sister,Sister-Sister
57,19,Male,Male,Yes,Single,7.3,Grandfather,Grandson,Grandfather-Grandson
22,31,Male,Female,Yes,Single,2.8,Brother,Sister,Brother-Sister
28,6,Male,Female,Yes,Married,29.1,Father,Daughter,Father-Daughter
34,35,Female,Male,Yes,Single,1.5,Roommate,Roommate,Unrelated
82,20,Male,Female,Yes,Single,10.6,Grandfather,Granddaughter,Grandfather-Granddaughter
60,19,Female,Male,Yes,Single,7.0,Grandmother,Grandson,Grandmother-Grandson
80,6,Male,Male,Yes,Divorced,2.1,Grandfather,Grandson,Grandfather-Grandson
45,1,Male,Male,Yes,Widowed,26.8,Father,Son,Father-Son
45,22,Female,Male,Yes,Divorced,28.1,Mother,Son,Mother-Son
64,26,Female,Male,No,Single,3.5,Roommate,Roommate,Unrelated
54,24,Female,Female,Yes,Widowed,9.0,Mother,Daughter,Mother-Daughter
27,7,Female,Male,Yes,Married,18.5,Mother,Son,Mother-Son
84,24,Female,Male,Yes,Married,16.3,Grandmother,Grandson,Grandmother-Grandson
74,4,Female,Female,Yes,Divorced,2.3,Grandmother,Granddaughter,Grandmother-Granddaughter
55,2,Male,Female,Yes,Widowed,9.5,Grandfather,Granddaughter,Grandfather-Granddaughter
28,6,Male,Female,Yes,Divorced,8.6,Father,Daughter,Father-Daughter
81,39,Male,Male,Yes,Widowed,1.6,Grandfather,Grandson,Grandfather-Grandson
76,39,Female,Female,Yes,Divorced,26.9,Grandmother,Granddaughter,Grandmother-Granddaughter
54,18,Male,Male,Yes,Married,11.2,Grandfather,Grandson,Grandfather-Grandson
20,18,Male,Female,Yes,Married,22.8,Husband,Wife,Husband-Wife
29,10,Female,Female,Yes,Divorced,2.3,Mother,Daughter,Mother-Daughter
51,43,Male,Female,Yes,Married,17.5,Husband,Wife,Husband-Wife
60,55,Female,Male,No,Single,9.2,Roommate,Roommate,Unrelated
69,31,Female,Female,Yes,Married,4.7,Grandmother,Granddaughter,Grandmother-Granddaughter
57,7,Female,Female,Yes,Widowed,20.5,Mother,Daughter,Mother-Daughter
34,40,Female,Female,Yes,Single,13.6,Sister,Sister,Sister-Sister
63,28,Male,Male,Yes,Widowed,11.9,Father,Son,Father-Son
41,5,Female,Male,Yes,Single,18.9,Mother,Son,Mother-Son
48,64,Female,Male,No,Single,15.1,Roommate,Roommate,Unrelated
45,53,Female,Female,Yes,Single,11.6,Sister,Sister,Sister-Sister
57,3,Male,Female,Yes,Divorced,7.8,Father,Daughter,Father-Daughter
26,6,Female,Male,Yes,Single,4.7,Mother,Son,Mother-Son
20,19,Male,Female,Yes,Married,17.6,Husband,Wife,Husband-Wife
5,6,Male,Male,Yes,Single,8.7,Brother,Brother,Brother-Brother
42,6,Female,Male,Yes,Divorced,18.4,Mother,Son,Mother-Son
52,16,Male,Male,Yes,Single,19.3,Father,Son,Father-Son
30,35,Female,Female,No,Single,29.0,Roommate,Roommate,Unrelated
53,7,Female,Female,Yes,Married,28.9,Grandmother,Granddaughter,Grandmother-Granddaughter
31,12,Male,Male,Yes,Single,24.9,Father,Son,Father-Son
67,32,Female,Female,Yes,Widowed,10.1,Grandmother,Granddaughter,Grandmother-Granddaughter
63,73,Male,Female,Yes,Married,29.3,Husband,Wife,Husband-Wife
79,25,Male,Male,Yes,Single,18.2,Grandfather,Grandson,Grandfather-Grandson
57,0,Male,Male,Yes,Single,10.4,Grandfather,Grandson,Grandfather-Grandson
63,25,Female,Female,Yes,Widowed,13.6,Mother,Daughter,Mother-Daughter
50,2,Female,Female,Yes,Widowed,27.7,Grandmother,Granddaughter,Grandmother-Granddaughter
25,2,Female,Male,Yes,Married,21.9,Mother,Son,Mother-Son
58,4,Male,Female,Yes,Married,25.4,Father,Daughter,Father-Daughter
64,29,Male,Female,No,Single,7.2,Roommate,Roommate,Unrelated
59,8,Male,Female,Yes,Married,15.5,Father,Daughter,Father-Daughter
32,7,Female,Female,Yes,Divorced,11.9,Mother,Daughter,Mother-Daughter
65,0,Female,Female,Yes,Single,3.3,Grandmother,Granddaughter,Grandmother-Granddaughter
87,52,Female,Female,Yes,Widowed,9.0,Grandmother,Granddaughter,Grandmother-Granddaughter
43,11,Male,Female,Yes,Single,4.7,Father,Daughter,Father-Daughter
46,45,Male,Male,Yes,Single,29.9,Brother,Brother,Brother-Brother
79,9,Female,Male,Yes,Widowed,7.9,Grandmother,Grandson,Grandmother-Grandson
13,19,Female,Female,Yes,Single,29.2,Sister,Sister,Sister-Sister
76,9,Female,Female,Yes,Single,12.0,Grandmother,Granddaughter,Grandmother-Granddaughter
27,2,Female,Male,Yes,Divorced,26.2,Mother,Son,Mother-Son
55,25,Male,Female,Yes,Widowed,29.5,Father,Daughter,Father-Daughter
68,63,Male,Female,Yes,Married,19.7,Husband,Wife,Husband-Wife
75,10,Female,Female,Yes,Widowed,18.4,Grandmother,Granddaughter,Grandmother-Granddaughter
84,24,Male,Female,Yes,Single,0.5,Grandfather,Granddaughter,Grandfather-Granddaughter
28,32,Female,Female,Yes,Single,16.2,Sister,Sister,Sister-Sister
44,13,Male,Female,Yes,Married,1.3,Father,Daughter,Father-Daughter
82,42,Female,Female,Yes,Widowed,2.0,Grandmother,Granddaughter,Grandmother-Granddaughter
89,48,Female,Female,Yes,Widowed,18.0,Grandmother,Granddaughter,Grandmother-Granddaughter
54,20,Male,Female,No,Single,1.4,Roommate,Roommate,Unrelated
88,41,Male,Female,Yes,Single,8.4,Grandfather,Granddaughter,Grandfather-Granddaughter
33,28,Female,Female,Yes,Single,22.8,Sister,Sister,Sister-Sister
52,32,Male,Male,Yes,Single,29.1,Father,Son,Father-Son
69,0,Female,Male,Yes,Widowed,10.3,Grandmother,Grandson,Grandmother-Grandson
84,0,Female,Male,Yes,Single,17.9,Grandmother,Grandson,Grandmother-Grandson
59,68,Male,Female,Yes,Married,28.6,Husband,Wife,Husband-Wife
90,40,Male,Female,Yes,Widowed,0.5,Grandfather,Granddaughter,Grandfather-Granddaughter
48,29,Male,Male,Yes,Widowed,9.8,Father,Son,Father-Son
57,7,Male,Female,Yes,Married,1.9,Father,Daughter,Father-Daughter
86,12,Female,Male,Yes,Widowed,18.4,Grandmother,Grandson,Grandmother-Grandson
51,42,Male,Female,Yes,Married,9.8,Husband,Wife,Husband-Wife
34,36,Male,Female,Yes,Married,17.2,Husband,Wife,Husband-Wife
57,16,Male,Female,Yes,Single,13.5,Grandfather,Granddaughter,Grandfather-Granddaughter
42,54,Female,Male,No,Single,26.3,Roommate,Roommate,Unrelated
46,47,Female,Female,No,Single,24.8,Roommate,Roommate,Unrelated
72,0,Female,Male,Yes,Divorced,24.9,Grandmother,Grandson,Grandmother-Grandson
32,36,Male,Female,Yes,Married,16.2,Husband,Wife,Husband-Wife
17,26,Male,Female,Yes,Single,22.2,Brother,Sister,Brother-Sister
24,17,Female,Female,Yes,Single,22.9,Sister,Sister,Sister-Sister
8,5,Male,Female,Yes,Single,9.2,Brother,Sister,Brother-Sister
67,27,Male,Male,No,Single,29.4,Roommate,Roommate,Unrelated
26,26,Male,Female,Yes,Married,28.4,Husband,Wife,Husband-Wife
58,37,Female,Female,Yes,Married,9.0,Mother,Daughter,Mother-Daughter
54,10,Female,Male,Yes,Divorced,4.8,Mother,Son,Mother-Son
67,11,Male,Male,Yes,Married,24.8,Grandfather,Grandson,Grandfather-Grandson
48,11,Female,Male,Yes,Single,10.5,Mother,Son,Mother-Son
22,20,Male,Female,Yes,Single,3.1,Brother,Sister,Brother-Sister
28,23,Male,Female,Yes,Married,1.9,Husband,Wife,Husband-Wife
38,44,Male,Male,Yes,Single,14.3,Brother,Brother,Brother-Brother
10,20,Male,Male,Yes,Single,11.3,Brother,Brother,Brother-Brother
54,58,Male,Male,Yes,Single,2.5,Brother,Brother,Brother-Brother
18,23,Male,Female,Yes,Single,18.1,Brother,Sister,Brother-Sister
37,2,Male,Male,Yes,Married,2.2,Father,Son,Father-Son
70,22,Male,Female,Yes,Single,1.4,Father,Daughter,Father-Daughter
39,4,Male,Female,Yes,Widowed,19.4,Father,Daughter,Father-Daughter
34,37,Male,Female,Yes,Single,27.0,Brother,Sister,Brother-Sister
36,6,Female,Female,Yes,Divorced,3.8,Mother,Daughter,Mother-Daughter
65,67,Male,Female,Yes,Married,18.7,Husband,Wife,Husband-Wife
34,1,Female,Male,Yes,Married,23.4,Mother,Son,Mother-Son
88,51,Female,Male,Yes,Divorced,17.2,Grandmother,Grandson,Grandmother-Grandson
84,18,Male,Female,Yes,Married,5.9,Grandfather,Granddaughter,Grandfather-Granddaughter
55,46,Female,Female,Yes,Single,22.9,Sister,Sister,Sister-Sister
27,7,Female,Female,Yes,Widowed,28.9,Mother,Daughter,Mother-Daughter
61,40,Female,Male,Yes,Single,18.5,Mother,Son,Mother-Son
12,8,Male,Male,Yes,Single,6.1,Brother,Brother,Brother-Brother
54,48,Female,Female,No,Single,12.2,Roommate,Roommate,Unrelated
37,28,Female,Female,Yes,Single,15.5,Sister,Sister,Sister-Sister
83,32,Male,Male,Yes,Married,6.3,Grandfather,Grandson,Grandfather-Grandson
44,9,Female,Female,Yes,Single,28.3,Mother,Daughter,Mother-Daughter
49,28,Female,Female,Yes,Divorced,28.9,Mother,Daughter,Mother-Daughter
18,26,Female,Female,Yes,Single,10.4,Sister,Sister,Sister-Sister
65,44,Female,Female,Yes,Single,19.6,Mother,Daughter,Mother-Daughter
47,45,Female,Female,Yes,Single,6.3,Sister,Sister,Sister-Sister
50,24,Male,Female,Yes,Widowed,13.2,Father,Daughter,Father-Daughter
44,51,Male,Female,Yes,Single,20.3,Brother,Sister,Brother-Sister
11,15,Female,Female,Yes,Single,4.6,Sister,Sister,Sister-Sister
41,46,Male,Male,Yes,Single,14.7,Brother,Brother,Brother-Brother
35,12,Male,Female,Yes,Married,9.9,Father,Daughter,Father-Daughter
49,49,Male,Male,Yes,Single,0.7,Brother,Brother,Brother-Brother
63,36,Male,Male,No,Single,22.9,Roommate,Roommate,Unrelated
68,48,Male,Male,Yes,Married,21.0,Father,Son,Father-Son
57,18,Male,Female,Yes,Married,4.3,Grandfather,Granddaughter,Grandfather-Granddaughter
82,0,Female,Female,Yes,Divorced,18.3,Grandmother,Granddaughter,Grandmother-Granddaughter
64,28,Female,Male,Yes,Married,12.7,Grandmother,Grandson,Grandmother-Grandson
75,17,Male,Female,Yes,Divorced,26.9,Grandfather,Granddaughter,Grandfather-Granddaughter
44,18,Female,Male,Yes,Divorced,11.7,Mother,Son,Mother-Son
60,3,Female,Male,Yes,Divorced,7.1,Grandmother,Grandson,Grandmother-Grandson
67,38,Male,Male,Yes,Single,24.5,Father,Son,Father-Son
25,28,Male,Female,Yes,Single,24.5,Brother,Sister,Brother-Sister
66,27,Female,Female,Yes,Single,2.6,Grandmother,Granddaughter,Grandmother-Granddaughter
55,8,Male,Female,Yes,Divorced,13.1,Father,Daughter,Father-Daughter
65,56,Male,Female,Yes,Married,10.1,Husband,Wife,Husband-Wife
18,44,Female,Female,No,Single,1.2,Roommate,Roommate,Unrelated
41,10,Female,Male,Yes,Widowed,18.2,Mother,Son,Mother-Son
62,59,Male,Female,Yes,Single,15.4,Roommate,Roommate,Unrelated
39,6,Male,Male,Yes,Widowed,3.3,Father,Son,Father-Son
86,34,Female,Male,Yes,Single,8.5,Grandmother,Grandson,Grandmother-Grandson
6,16,Male,Male,Yes,Single,17.3,Brother,Brother,Brother-Brother
44,16,Female,Male,Yes,Divorced,13.8,Mother,Son,Mother-Son
88,2,Male,Male,Yes,Widowed,20.3,Grandfather,Grandson,Grandfather-Grandson
41,47,Male,Female,Yes,Single,13.5,Brother,Sister,Brother-Sister
24,26,Female,Female,Yes,Single,2.6,Sister,Sister,Sister-Sister
60,65,Male,Female,Yes,Single,8.9,Brother,Sister,Brother-Sister
29,39,Male,Female,Yes,Married,14.0,Husband,Wife,Husband-Wife
34,9,Female,Male,Yes,Widowed,5.2,Mother,Son,Mother-Son
46,18,Male,Female,Yes,Divorced,4.5,Father,Daughter,Father-Daughter
79,23,Female,Female,Yes,Married,27.9,Grandmother,Granddaughter,Grandmother-Granddaughter
46,41,Male,Male,Yes,Single,14.2,Brother,Brother,Brother-Brother
48,1,Male,Female,Yes,Married,23.5,Father,Daughter,Father-Daughter
42,0,Male,Male,Yes,Divorced,25.6,Father,Son,Father-Son
39,19,Male,Male,Yes,Married,7.4,Father,Son,Father-Son
35,36,Male,Female,Yes,Married,1.7,Husband,Wife,Husband-Wife
26,21,Male,Male,Yes,Single,13.3,Brother,Brother,Brother-Brother
36,0,Female,Female,Yes,Widowed,23.5,Mother,Daughter,Mother-Daughter
56,29,Female,Female,No,Single,28.7,Roommate,Roommate,Unrelated
17,9,Female,Female,Yes,Single,23.0,Sister,Sister,Sister-Sister
58,18,Female,Female,Yes,Single,14.0,Grandmother,Granddaughter,Grandmother-Granddaughter
89,30,Male,Male,Yes,Divorced,2.6,Grandfather,Grandson,Grandfather-Grandson
86,8,Female,Male,Yes,Married,16.1,Grandmother,Grandson,Grandmother-Grandson
62,1,Female,Female,Yes,Married,6.8,Grandmother,Granddaughter,Grandmother-Granddaughter
17,10,Male,Female,Yes,Single,13.5,Brother,Sister,Brother-Sister
35,44,Female,Female,Yes,Single,4.6,Sister,Sister,Sister-Sister
11,2,Female,Female,Yes,Single,5.5,Sister,Sister,Sister-Sister
58,56,Male,Female,Yes,Married,15.4,Husband,Wife,Husband-Wife
47,36,Male,Female,Yes,Married,20.4,Husband,Wife,Husband-Wife
61,71,Male,Female,Yes,Married,18.1,Husband,Wife,Husband-Wife
68,1,Male,Male,Yes,Divorced,7.7,Father,Son,Father-Son
26,4,Female,Female,Yes,Married,0.9,Mother,Daughter,Mother-Daughter
52,47,Male,Female,Yes,Single,16.9,Brother,Sister,Brother-Sister
63,32,Male,Female,Yes,Widowed,3.6,Father,Daughter,Father-Daughter
61,3,Female,Female,Yes,Married,9.1,Mother,Daughter,Mother-Daughter
36,13,Male,Male,Yes,Widowed,3.9,Father,Son,Father-Son
50,7,Female,Male,Yes,Single,22.6,Grandmother,Grandson,Grandmother-Grandson
32,22,Male,Male,Yes,Single,18.4,Brother,Brother,Brother-Brother
50,13,Male,Male,Yes,Married,1.3,Grandfather,Grandson,Grandfather-Grandson
31,52,Male,Male,No,Single,4.6,Roommate,Roommate,Unrelated
43,45,Male,Male,Yes,Single,18.4,Brother,Brother,Brother-Brother
8,10,Male,Female,Yes,Single,0.6,Brother,Sister,Brother-Sister
73,10,Male,Female,Yes,Widowed,10.1,Grandfather,Granddaughter,Grandfather-Granddaughter
87,23,Female,Male,Yes,Married,21.3,Grandmother,Grandson,Grandmother-Grandson
51,24,Female,Male,Yes,Widowed,21.5,Mother,Son,Mother-Son
72,11,Male,Male,Yes,Single,11.1,Grandfather,Grandson,Grandfather-Grandson
35,10,Female,Male,Yes,Widowed,7.5,Mother,Son,Mother-Son
34,11,Male,Male,Yes,Married,28.4,Father,Son,Father-Son
26,40,Male,Male,No,Single,8.3,Roommate,Roommate,Unrelated
54,51,Male,Female,Yes,Single,20.2,Brother,Sister,Brother-Sister
42,52,Male,Male,Yes,Single,6.7,Brother,Brother,Brother-Brother
75,24,Female,Female,Yes,Single,18.1,Grandmother,Granddaughter,Grandmother-Granddaughter
66,54,Male,Female,Yes,Married,26.1,Husband,Wife,Husband-Wife
61,36,Female,Male,Yes,Married,13.3,Mother,Son,Mother-Son
41,21,Female,Female,Yes,Married,6.7,Mother,Daughter,Mother-Daughter
45,21,Male,Male,Yes,Married,2.7,Father,Son,Father-Son
64,36,Male,Female,Yes,Divorced,0.7,Father,Daughter,Father-Daughter
37,11,Male,Male,Yes,Married,16.6,Father,Son,Father-Son
48,4,Male,Female,Yes,Divorced,24.1,Father,Daughter,Father-Daughter
46,47,Male,Female,Yes,Single,6.4,Brother,Sister,Brother-Sister
48,0,Male,Female,Yes,Widowed,7.3,Father,Daughter,Father-Daughter
52,19,Female,Female,Yes,Widowed,11.4,Mother,Daughter,Mother-Daughter
79,32,Male,Female,Yes,Single,11.2,Grandfather,Granddaughter,Grandfather-Granddaughter
60,2,Female,Female,Yes,Divorced,5.0,Mother,Daughter,Mother-Daughter
20,18,Male,Female,Yes,Married,29.3,Husband,Wife,Husband-Wife
36,5,Male,Female,Yes,Divorced,12.5,Father,Daughter,Father-Daughter
87,29,Female,Male,Yes,Widowed,1.7,Grandmother,Grandson,Grandmother-Grandson
11,10,Female,Female,Yes,Single,10.6,Sister,Sister,Sister-Sister
49,18,Female,Female,Yes,Single,16.5,Mother,Daughter,Mother-Daughter
53,48,Female,Female,Yes,Single,28.3,Sister,Sister,Sister-Sister
33,8,Male,Male,Yes,Married,23.9,Father,Son,Father-Son
58,12,Male,Female,Yes,Single,7.8,Father,Daughter,Father-Daughter
63,0,Male,Male,Yes,Divorced,15.1,Father,Son,Father-Son
32,14,Male,Female,Yes,Single,21.8,Father,Daughter,Father-Daughter
82,16,Female,Female,Yes,Married,25.7,Grandmother,Granddaughter,Grandmother-Granddaughter
52,42,Female,Female,Yes,Single,8.9,Sister,Sister,Sister-Sister
59,11,Female,Male,Yes,Married,18.6,Mother,Son,Mother-Son
63,21,Female,Female,Yes,Divorced,5.4,Mother,Daughter,Mother-Daughter
36,2,Male,Male,Yes,Married,8.1,Father,Son,Father-Son
35,34,Male,Female,Yes,Single,16.9,Brother,Sister,Brother-Sister
48,42,Male,Female,Yes,Married,28.8,Husband,Wife,Husband-Wife
81,30,Male,Male,Yes,Single,22.0,Grandfather,Grandson,Grandfather-Grandson
42,51,Male,Female,Yes,Single,12.1,Brother,Sister,Brother-Sister
60,5,Male,Female,Yes,Divorced,11.5,Father,Daughter,Father-Daughter
69,31,Male,Female,Yes,Widowed,25.3,Grandfather,Granddaughter,Grandfather-Granddaughter
55,2,Male,Male,Yes,Divorced,1.1,Grandfather,Grandson,Grandfather-Grandson
35,7,Male,Male,Yes,Widowed,8.5,Father,Son,Father-Son
69,75,Male,Female,Yes,Married,6.7,Husband,Wife,Husband-Wife
73,1,Male,Female,Yes,Divorced,15.8,Grandfather,Granddaughter,Grandfather-Granddaughter
56,21,Male,Male,No,Single,13.1,Roommate,Roommate,Unrelated
70,13,Male,Male,Yes,Single,15.4,Father,Son,Father-Son
61,29,Male,Male,Yes,Single,0.9,Father,Son,Father-Son
38,4,Female,Male,Yes,Single,16.4,Mother,Son,Mother-Son
56,1,Male,Male,Yes,Divorced,12.8,Grandfather,Grandson,Grandfather-Grandson
33,7,Male,Male,Yes,Divorced,3.2,Father,Son,Father-Son
80,5,Female,Female,Yes,Widowed,7.3,Grandmother,Granddaughter,Grandmother-Granddaughter
51,23,Female,Female,Yes,Widowed,9.3,Mother,Daughter,Mother-Daughter
56,33,Male,Female,No,Single,21.8,Roommate,Roommate,Unrelated
41,38,Female,Female,Yes,Single,2.4,Sister,Sister,Sister-Sister
30,19,Male,Female,Yes,Married,8.4,Husband,Wife,Husband-Wife
86,44,Male,Female,Yes,Divorced,18.6,Grandfather,Granddaughter,Grandfather-Granddaughter
52,0,Male,Female,Yes,Widowed,29.3,Father,Daughter,Father-Daughter
74,38,Male,Female,Yes,Married,28.4,Grandfather,Granddaughter,Grandfather-Granddaughter
38,18,Female,Male,Yes,Divorced,13.7,Mother,Son,Mother-Son
18,27,Male,Male,Yes,Single,16.8,Brother,Brother,Brother-Brother
43,1,Male,Male,Yes,Divorced,10.4,Father,Son,Father-Son
78,37,Male,Male,Yes,Single,7.9,Grandfather,Grandson,Grandfather-Grandson
48,30,Male,Male,Yes,Widowed,10.0,Father,Son,Father-Son
40,37,Male,Female,Yes,Single,28.2,Brother,Sister,Brother-Sister
63,7,Female,Female,Yes,Single,17.9,Grandmother,Granddaughter,Grandmother-Granddaughter
50,42,Male,Male,No,Single,20.4,Roommate,Roommate,Unrelated
59,21,Female,Female,No,Single,22.3,Roommate,Roommate,Unrelated
49,64,Female,Male,No,Single,8.9,Roommate,Roommate,Unrelated
18,51,Female,Male,No,Single,18.8,Roommate,Roommate,Unrelated
66,2,Female,Female,Yes,Divorced,10.5,Grandmother,Granddaughter,Grandmother-Granddaughter
51,27,Female,Male,Yes,Divorced,24.4,Mother,Son,Mother-Son
77,39,Male,Female,Yes,Married,4.6,Grandfather,Granddaughter,Grandfather-Granddaughter
59,65,Male,Female,Yes,Married,1.4,Husband,Wife,Husband-Wife
36,26,Male,Female,Yes,Single,16.4,Brother,Sister,Brother-Sister
28,19,Male,Female,Yes,Single,22.2,Brother,Sister,Brother-Sister
60,11,Male,Male,Yes,Single,23.8,Grandfather,Grandson,Grandfather-Grandson
71,21,Male,Female,Yes,Single,11.1,Grandfather,Granddaughter,Grandfather-Granddaughter
64,24,Male,Female,Yes,Single,21.8,Grandfather,Granddaughter,Grandfather-Granddaughter
18,11,Male,Male,Yes,Single,6.1,Brother,Brother,Brother-Brother
58,54,Male,Female,Yes,Married,29.0,Husband,Wife,Husband-Wife
43,34,Female,Female,Yes,Single,18.1,Sister,Sister,Sister-Sister
28,10,Female,Male,Yes,Single,2.4,Mother,Son,Mother-Son
46,4,Male,Female,Yes,Widowed,12.9,Father,Daughter,Father-Daughter
67,29,Female,Male,Yes,Single,17.7,Grandmother,Grandson,Grandmother-Grandson
29,32,Male,Male,Yes,Single,24.2,Brother,Brother,Brother-Brother
53,26,Male,Male,Yes,Widowed,18.7,Father,Son,Father-Son
32,27,Male,Male,Yes,Single,25.4,Brother,Brother,Brother-Brother
26,31,Male,Male,Yes,Single,6.7,Brother,Brother,Brother-Brother
9,10,Female,Female,Yes,Single,5.8,Sister,Sister,Sister-Sister
48,4,Female,Female,Yes,Single,22.1,Mother,Daughter,Mother-Daughter
42,34,Male,Female,Yes,Married,19.1,Husband,Wife,Husband-Wife
48,5,Male,Female,Yes,Divorced,18.8,Father,Daughter,Father-Daughter
77,28,Male,Female,Yes,Single,26.5,Grandfather,Granddaughter,Grandfather-Granddaughter
39,61,Male,Male,No,Single,20.2,Roommate,Roommate,Unrelated
40,19,Female,Female,Yes,Married,12.1,Mother,Daughter,Mother-Daughter
67,27,Male,Female,Yes,Widowed,19.8,Grandfather,Granddaughter,Grandfather-Granddaughter
24,18,Male,Female,Yes,Married,18.3,Husband,Wife,Husband-Wife
59,51,Female,Female,Yes,Single,2.0,Sister,Sister,Sister-Sister
47,24,Female,Female,Yes,Divorced,14.8,Mother,Daughter,Mother-Daughter
56,14,Female,Female,Yes,Married,29.4,Grandmother,Granddaughter,Grandmother-Granddaughter
48,13,Male,Male,Yes,Single,3.5,Father,Son,Father-Son
61,1,Male,Female,Yes,Divorced,18.2,Grandfather,Granddaughter,Grandfather-Granddaughter
60,10,Male,Female,Yes,Widowed,26.0,Grandfather,Granddaughter,Grandfather-Granddaughter
82,12,Female,Female,Yes,Single,10.1,Grandmother,Granddaughter,Grandmother-Granddaughter
32,8,Male,Male,Yes,Single,27.3,Father,Son,Father-Son
6,15,Male,Male,Yes,Single,26.8,Brother,Brother,Brother-Brother
30,6,Female,Male,Yes,Divorced,16.8,Mother,Son,Mother-Son
56,21,Male,Female,Yes,Widowed,8.5,Father,Daughter,Father-Daughter
58,32,Male,Female,No,Single,23.5,Roommate,Roommate,Unrelated
67,27,Male,Female,Yes,Married,7.2,Father,Daughter,Father-Daughter
30,31,Female,Female,Yes,Single,21.7,Sister,Sister,Sister-Sister
29,34,Male,Male,Yes,Single,2.7,Brother,Brother,Brother-Brother
65,36,Male,Female,Yes,Widowed,13.6,Father,Daughter,Father-Daughter
38,9,Male,Male,Yes,Single,21.5,Father,Son,Father-Son
53,45,Male,Female,Yes,Married,10.3,Husband,Wife,Husband-Wife
60,17,Female,Female,Yes,Married,5.8,Grandmother,Granddaughter,Grandmother-Granddaughter
35,31,Female,Female,Yes,Single,28.5,Sister,Sister,Sister-Sister
23,32,Male,Male,Yes,Single,24.7,Brother,Brother,Brother-Brother
68,18,Male,Female,Yes,Divorced,28.0,Father,Daughter,Father-Daughter
63,23,Male,Male,Yes,Married,15.3,Grandfather,Grandson,Grandfather-Grandson
74,24,Female,Female,Yes,Single,21.8,Grandmother,Granddaughter,Grandmother-Granddaughter
45,14,Male,Male,Yes,Married,3.8,Father,Son,Father-Son
53,47,Male,Female,Yes,Single,3.5,Brother,Sister,Brother-Sister
52,10,Female,Female,Yes,Married,21.8,Grandmother,Granddaughter,Grandmother-Granddaughter
36,0,Female,Female,Yes,Divorced,8.2,Mother,Daughter,Mother-Daughter
25,27,Female,Female,Yes,Single,3.1,Sister,Sister,Sister-Sister
32,10,Female,Female,Yes,Divorced,5.0,Mother,Daughter,Mother-Daughter
20,18,Male,Female,Yes,Married,9.6,Husband,Wife,Husband-Wife
74,1,Male,Male,Yes,Single,17.0,Grandfather,Grandson,Grandfather-Grandson
56,26,Female,Female,Yes,Married,2.7,Mother,Daughter,Mother-Daughter
64,1,Female,Male,Yes,Married,7.2,Grandmother,Grandson,Grandmother-Grandson
69,21,Male,Male,Yes,Married,1.4,Grandfather,Grandson,Grandfather-Grandson
64,36,Male,Male,Yes,Married,23.3,Father,Son,Father-Son
46,2,Male,Male,Yes,Single,18.7,Father,Son,Father-Son
30,4,Male,Female,Yes,Single,14.9,Father,Daughter,Father-Daughter
37,58,Male,Female,No,Single,28.1,Roommate,Roommate,Unrelated
71,29,Female,Female,Yes,Married,14.5,Grandmother,Granddaughter,Grandmother-Granddaughter
13,6,Male,Male,Yes,Single,12.6,Brother,Brother,Brother-Brother
57,35,Female,Male,No,Single,29.0,Roommate,Roommate,Unrelated
53,61,Male,Male,Yes,Single,21.8,Brother,Brother,Brother-Brother
61,20,Female,Male,Yes,Divorced,14.8,Grandmother,Grandson,Grandmother-Grandson
53,60,Male,Female,Yes,Single,17.2,Brother,Sister,Brother-Sister
23,26,Male,Female,Yes,Married,1.0,Husband,Wife,Husband-Wife
50,7,Female,Female,Yes,Widowed,7.0,Grandmother,Granddaughter,Grandmother-Granddaughter
60,22,Male,Female,Yes,Single,19.9,Father,Daughter,Father-Daughter
87,41,Female,Male,Yes,Single,7.9,Grandmother,Grandson,Grandmother-Grandson
38,14,Male,Male,Yes,Widowed,21.9,Father,Son,Father-Son
28,27,Male,Male,No,Single,7.7,Roommate,Roommate,Unrelated
47,54,Male,Male,Yes,Single,20.0,Brother,Brother,Brother-Brother
32,36,Male,Female,Yes,Single,10.1,Brother,Sister,Brother-Sister
65,19,Female,Female,Yes,Married,27.2,Mother,Daughter,Mother-Daughter
32,28,Male,Male,Yes,Single,10.6,Brother,Brother,Brother-Brother
81,42,Male,Female,Yes,Single,10.0,Grandfather,Granddaughter,Grandfather-Granddaughter
63,18,Female,Female,Yes,Single,14.0,Grandmother,Granddaughter,Grandmother-Granddaughter
56,36,Female,Male,Yes,Single,12.6,Roommate,Roommate,Unrelated
66,30,Female,Male,Yes,Widowed,26.5,Grandmother,Grandson,Grandmother-Grandson
6,11,Female,Female,Yes,Single,4.2,Sister,Sister,Sister-Sister
43,67,Female,Female,No,Single,16.1,Roommate,Roommate,Unrelated
80,16,Female,Male,Yes,Widowed,8.7,Grandmother,Grandson,Grandmother-Grandson
33,5,Female,Female,Yes,Widowed,25.5,Mother,Daughter,Mother-Daughter
57,19,Female,Female,Yes,Single,16.8,Grandmother,Granddaughter,Grandmother-Granddaughter
58,61,Male,Male,Yes,Single,0.8,Brother,Brother,Brother-Brother
65,26,Male,Female,Yes,Married,25.2,Grandfather,Granddaughter,Grandfather-Granddaughter
34,52,Male,Female,No,Single,10.2,Roommate,Roommate,Unrelated
37,40,Male,Male,Yes,Single,5.4,Brother,Brother,Brother-Brother
46,37,Female,Female,No,Single,8.9,Roommate,Roommate,Unrelated
25,2,Female,Female,Yes,Single,0.9,Mother,Daughter,Mother-Daughter
59,0,Male,Male,Yes,Single,20.2,Grandfather,Grandson,Grandfather-Grandson
23,22,Male,Male,Yes,Single,13.3,Brother,Brother,Brother-Brother
53,3,Male,Male,Yes,Married,24.3,Grandfather,Grandson,Grandfather-Grandson
23,35,Male,Female,Yes,Married,26.4,Husband,Wife,Husband-Wife
65,44,Male,Male,Yes,Single,19.7,Father,Son,Father-Son
13,10,Female,Female,Yes,Single,6.4,Sister,Sister,Sister-Sister
59,0,Male,Female,Yes,Divorced,1.8,Grandfather,Granddaughter,Grandfather-Granddaughter
60,27,Male,Female,No,Single,20.8,Roommate,Roommate,Unrelated
46,26,Female,Female,Yes,Divorced,18.6,Mother,Daughter,Mother-Daughter
35,17,Female,Female,Yes,Widowed,28.3,Mother,Daughter,Mother-Daughter
68,9,Male,Female,Yes,Married,23.0,Father,Daughter,Father-Daughter
57,1,Male,Male,Yes,Divorced,23.9,Father,Son,Father-Son
76,11,Male,Male,Yes,Widowed,27.6,Grandfather,Grandson,Grandfather-Grandson
61,8,Female,Male,Yes,Widowed,19.7,Mother,Son,Mother-Son
51,0,Female,Female,Yes,Divorced,9.6,Grandmother,Granddaughter,Grandmother-Granddaughter
85,11,Male,Male,Yes,Single,14.8,Grandfather,Grandson,Grandfather-Grandson
43,36,Male,Male,Yes,Single,16.1,Brother,Brother,Brother-Brother
32,30,Male,Female,Yes,Single,6.3,Brother,Sister,Brother-Sister
43,18,Male,Female,Yes,Married,25.0,Father,Daughter,Father-Daughter
47,0,Male,Male,Yes,Married,5.5,Father,Son,Father-Son
61,7,Male,Male,Yes,Widowed,13.7,Father,Son,Father-Son
68,26,Female,Female,Yes,Married,21.2,Grandmother,Granddaughter,Grandmother-Granddaughter
51,45,Male,Male,Yes,Single,5.2,Brother,Brother,Brother-Brother
45,27,Female,Female,Yes,Widowed,29.0,Mother,Daughter,Mother-Daughter
57,38,Male,Male,Yes,Married,23.8,Father,Son,Father-Son
35,4,Male,Female,Yes,Married,10.1,Father,Daughter,Father-Daughter
54,30,Male,Male,Yes,Widowed,13.2,Father,Son,Father-Son
50,24,Male,Female,Yes,Widowed,1.2,Father,Daughter,Father-Daughter
33,6,Female,Female,Yes,Divorced,1.3,Mother,Daughter,Mother-Daughter
26,16,Male,Male,Yes,Single,0.8,Brother,Brother,Brother-Brother
22,26,Male,Female,Yes,Single,16.8,Brother,Sister,Brother-Sister
41,48,Male,Female,Yes,Married,15.1,Husband,Wife,Husband-Wife
44,61,Female,Female,Yes,Single,0.7,Roommate,Roommate,Unrelated
72,14,Male,Female,Yes,Married,4.4,Grandfather,Granddaughter,Grandfather-Granddaughter
31,8,Female,Female,Yes,Single,14.7,Mother,Daughter,Mother-Daughter
56,48,Male,Female,Yes,Single,24.9,Brother,Sister,Brother-Sister
52,24,Male,Male,Yes,Widowed,12.9,Father,Son,Father-Son
59,24,Male,Female,Yes,Widowed,12.8,Grandfather,Granddaughter,Grandfather-Granddaughter
33,23,Male,Female,Yes,Married,15.8,Husband,Wife,Husband-Wife
78,28,Male,Female,Yes,Single,16.5,Grandfather,Granddaughter,Grandfather-Granddaughter
50,11,Female,Male,Yes,Divorced,14.0,Mother,Son,Mother-Son
53,17,Male,Male,Yes,Widowed,7.0,Grandfather,Grandson,Grandfather-Grandson
85,36,Female,Male,Yes,Widowed,28.0,Grandmother,Grandson,Grandmother-Grandson
67,17,Female,Female,Yes,Married,26.8,Grandmother,Granddaughter,Grandmother-Granddaughter
67,20,Female,Male,Yes,Widowed,1.1,Grandmother,Grandson,Grandmother-Grandson
69,50,Female,Male,No,Single,24.9,Roommate,Roommate,Unrelated
50,10,Male,Female,Yes,Divorced,21.2,Father,Daughter,Father-Daughter
52,55,Male,Male,Yes,Single,2.5,Brother,Brother,Brother-Brother
50,23,Female,Female,Yes,Single,29.0,Mother,Daughter,Mother-Daughter
25,26,Female,Female,Yes,Single,29.5,Sister,Sister,Sister-Sister
61,2,Male,Male,Yes,Widowed,16.8,Grandfather,Grandson,Grandfather-Grandson
70,21,Female,Male,Yes,Widowed,15.0,Grandmother,Grandson,Grandmother-Grandson
41,36,Female,Female,Yes,Single,2.9,Sister,Sister,Sister-Sister
49,52,Male,Female,Yes,Single,22.0,Brother,Sister,Brother-Sister
30,12,Female,Female,Yes,Widowed,20.5,Mother,Daughter,Mother-Daughter
66,24,Female,Male,Yes,Widowed,29.1,Grandmother,Grandson,Grandmother-Grandson
33,9,Male,Female,Yes,Divorced,17.0,Father,Daughter,Father-Daughter
57,61,Male,Female,Yes,Single,24.1,Brother,Sister,Brother-Sister
46,3,Male,Female,Yes,Single,18.9,Father,Daughter,Father-Daughter
36,13,Male,Female,Yes,Married,21.3,Father,Daughter,Father-Daughter
60,70,Male,Male,No,Single,13.4,Roommate,Roommate,Unrelated
32,24,Male,Male,Yes,Single,8.6,Brother,Brother,Brother-Brother
70,30,Male,Male,Yes,Married,3.1,Father,Son,Father-Son
79,14,Female,Male,Yes,Married,22.1,Grandmother,Grandson,Grandmother-Grandson
56,12,Female,Female,Yes,Single,15.7,Grandmother,Granddaughter,Grandmother-Granddaughter
65,27,Female,Female,Yes,Single,16.5,Grandmother,Granddaughter,Grandmother-Granddaughter
47,4,Female,Male,Yes,Widowed,28.3,Mother,Son,Mother-Son
58,14,Male,Female,Yes,Married,28.5,Grandfather,Granddaughter,Grandfather-Granddaughter
64,10,Female,Female,Yes,Married,26.6,Grandmother,Granddaughter,Grandmother-Granddaughter
50,6,Male,Female,Yes,Divorced,7.6,Grandfather,Granddaughter,Grandfather-Granddaughter
48,1,Female,Female,Yes,Widowed,10.3,Mother,Daughter,Mother-Daughter
40,5,Female,Male,Yes,Widowed,0.8,Mother,Son,Mother-Son
82,21,Female,Male,Yes,Married,0.6,Grandmother,Grandson,Grandmother-Grandson
15,11,Female,Female,Yes,Single,15.9,Sister,Sister,Sister-Sister
11,12,Male,Female,Yes,Single,1.3,Brother,Sister,Brother-Sister
41,39,Female,Female,Yes,Single,5.5,Sister,Sister,Sister-Sister
49,10,Male,Male,Yes,Single,14.1,Father,Son,Father-Son
51,8,Male,Male,Yes,Single,14.1,Grandfather,Grandson,Grandfather-Grandson
30,2,Female,Male,Yes,Single,5.7,Mother,Son,Mother-Son
60,23,Male,Male,Yes,Widowed,25.2,Father,Son,Father-Son
86,48,Male,Male,Yes,Single,18.1,Grandfather,Grandson,Grandfather-Grandson
45,37,Male,Female,Yes,Single,11.3,Brother,Sister,Brother-Sister
28,39,Male,Female,Yes,Married,15.2,Husband,Wife,Husband-Wife
50,8,Female,Male,Yes,Married,7.4,Grandmother,Grandson,Grandmother-Grandson
53,3,Female,Male,Yes,Married,12.9,Grandmother,Grandson,Grandmother-Grandson
37,15,Male,Male,Yes,Divorced,21.2,Father,Son,Father-Son
15,8,Female,Female,Yes,Single,7.8,Sister,Sister,Sister-Sister
20,65,Male,Male,Yes,Single,8.9,Roommate,Roommate,Unrelated
46,14,Male,Male,Yes,Married,24.0,Father,Son,Father-Son
41,18,Female,Male,Yes,Divorced,13.0,Mother,Son,Mother-Son
61,42,Female,Female,Yes,Divorced,21.3,Mother,Daughter,Mother-Daughter
43,43,Male,Female,Yes,Married,13.7,Husband,Wife,Husband-Wife
82,40,Female,Male,Yes,Married,15.6,Grandmother,Grandson,Grandmother-Grandson
35,14,Male,Male,Yes,Married,27.1,Father,Son,Father-Son
85,38,Female,Female,Yes,Divorced,24.3,Grandmother,Granddaughter,Grandmother-Granddaughter
56,31,Male,Female,Yes,Divorced,20.3,Father,Daughter,Father-Daughter
90,7,Male,Female,Yes,Divorced,28.4,Grandfather,Granddaughter,Grandfather-Granddaughter
90,15,Male,Female,Yes,Married,20.3,Grandfather,Granddaughter,Grandfather-Granddaughter
42,45,Male,Male,Yes,Single,14.3,Brother,Brother,Brother-Brother
56,9,Female,Male,Yes,Widowed,4.4,Grandmother,Grandson,Grandmother-Grandson
42,33,Female,Female,Yes,Single,15.3,Sister,Sister,Sister-Sister
51,42,Male,Female,Yes,Married,29.4,Husband,Wife,Husband-Wife
77,19,Female,Female,Yes,Widowed,17.6,Grandmother,Granddaughter,Grandmother-Granddaughter
56,5,Male,Male,Yes,Widowed,9.0,Father,Son,Father-Son
51,49,Male,Female,Yes,Married,6.9,Husband,Wife,Husband-Wife
50,3,Female,Male,Yes,Divorced,24.2,Grandmother,Grandson,Grandmother-Grandson
35,14,Female,Female,Yes,Divorced,27.3,Mother,Daughter,Mother-Daughter
69,79,Male,Female,Yes,Married,18.7,Husband,Wife,Husband-Wife
32,13,Male,Male,Yes,Widowed,2.7,Father,Son,Father-Son
69,11,Female,Female,Yes,Married,16.5,Grandmother,Granddaughter,Grandmother-Granddaughter
89,30,Female,Female,Yes,Married,27.3,Grandmother,Granddaughter,Grandmother-Granddaughter
48,62,Male,Female,Yes,Single,30.0,Roommate,Roommate,Unrelated
16,24,Male,Male,Yes,Single,24.3,Brother,Brother,Brother-Brother
53,3,Female,Female,Yes,Married,28.4,Mother,Daughter,Mother-Daughter
69,34,Male,Male,Yes,Widowed,24.6,Father,Son,Father-Son
23,62,Male,Male,No,Single,22.8,Roommate,Roommate,Unrelated
46,36,Male,Male,Yes,Single,28.0,Brother,Brother,Brother-Brother
82,4,Male,Male,Yes,Divorced,3.4,Grandfather,Grandson,Grandfather-Grandson
66,65,Male,Female,Yes,Married,15.0,Husband,Wife,Husband-Wife
79,24,Male,Male,Yes,Married,22.4,Grandfather,Grandson,Grandfather-Grandson
54,14,Female,Female,Yes,Single,7.9,Grandmother,Granddaughter,Grandmother-Granddaughter
54,57,Male,Female,Yes,Single,16.7,Brother,Sister,Brother-Sister
28,38,Female,Female,Yes,Single,10.6,Sister,Sister,Sister-Sister
56,56,Female,Female,Yes,Single,27.9,Sister,Sister,Sister-Sister
37,36,Male,Male,Yes,Single,8.8,Brother,Brother,Brother-Brother
48,40,Male,Female,Yes,Married,3.5,Husband,Wife,Husband-Wife
63,1,Female,Male,Yes,Divorced,7.1,Mother,Son,Mother-Son
58,36,Female,Male,Yes,Divorced,19.9,Mother,Son,Mother-Son
34,0,Female,Female,Yes,Divorced,19.3,Mother,Daughter,Mother-Daughter
15,22,Male,Female,Yes,Single,13.5,Brother,Sister,Brother-Sister
43,41,Male,Male,Yes,Single,5.5,Brother,Brother,Brother-Brother
40,37,Male,Female,Yes,Single,28.4,Brother,Sister,Brother-Sister
76,24,Female,Female,Yes,Married,16.6,Grandmother,Granddaughter,Grandmother-Granddaughter
42,23,Male,Female,Yes,Divorced,21.4,Father,Daughter,Father-Daughter
51,45,Male,Male,Yes,Single,18.0,Brother,Brother,Brother-Brother
29,29,Male,Female,Yes,Married,4.8,Husband,Wife,Husband-Wife
57,28,Male,Female,Yes,Single,14.5,Father,Daughter,Father-Daughter
70,11,Male,Male,Yes,Single,15.9,Grandfather,Grandson,Grandfather-Grandson
41,17,Male,Male,Yes,Widowed,29.6,Father,Son,Father-Son
51,41,Male,Female,Yes,Married,8.3,Husband,Wife,Husband-Wife
50,28,Female,Female,Yes,Married,2.3,Mother,Daughter,Mother-Daughter
57,11,Female,Female,Yes,Married,4.5,Grandmother,Granddaughter,Grandmother-Granddaughter
43,2,Female,Male,Yes,Single,21.0,Mother,Son,Mother-Son
57,3,Female,Male,Yes,Widowed,2.2,Grandmother,Grandson,Grandmother-Grandson
47,51,Male,Female,Yes,Married,29.2,Husband,Wife,Husband-Wife
50,16,Male,Female,Yes,Widowed,29.6,Father,Daughter,Father-Daughter
9,9,Male,Male,Yes,Single,22.9,Brother,Brother,Brother-Brother
19,9,Male,Male,Yes,Single,19.3,Brother,Brother,Brother-Brother
49,30,Female,Female,No,Single,25.9,Roommate,Roommate,Unrelated
72,37,Female,Female,Yes,Divorced,21.8,Grandmother,Granddaughter,Grandmother-Granddaughter
31,8,Female,Female,Yes,Single,9.9,Mother,Daughter,Mother-Daughter
41,44,Male,Female,Yes,Married,28.0,Husband,Wife,Husband-Wife
55,13,Female,Male,Yes,Widowed,16.6,Mother,Son,Mother-Son
17,8,Male,Male,Yes,Single,28.6,Brother,Brother,Brother-Brother
66,2,Male,Male,Yes,Married,24.4,Grandfather,Grandson,Grandfather-Grandson
86,23,Male,Male,Yes,Single,23.1,Grandfather,Grandson,Grandfather-Grandson
36,17,Male,Male,Yes,Married,3.2,Father,Son,Father-Son
16,7,Male,Male,Yes,Single,25.7,Brother,Brother,Brother-Brother
32,29,Male,Male,Yes,Single,25.1,Brother,Brother,Brother-Brother
78,28,Male,Male,Yes,Widowed,18.4,Grandfather,Grandson,Grandfather-Grandson
85,29,Male,Female,Yes,Widowed,25.1,Grandfather,Granddaughter,Grandfather-Granddaughter
77,28,Male,Male,Yes,Married,14.2,Grandfather,Grandson,Grandfather-Grandson
32,9,Female,Female,Yes,Widowed,2.4,Mother,Daughter,Mother-Daughter
64,27,Male,Male,Yes,Divorced,16.8,Father,Son,Father-Son
56,17,Male,Female,Yes,Single,15.2,Father,Daughter,Father-Daughter
49,43,Male,Female,Yes,Single,1.0,Brother,Sister,Brother-Sister
28,66,Female,Female,No,Single,7.9,Roommate,Roommate,Unrelated
45,35,Male,Female,Yes,Single,23.6,Brother,Sister,Brother-Sister
25,2,Female,Male,Yes,Divorced,13.4,Mother,Son,Mother-Son
49,56,Male,Female,Yes,Married,28.3,Husband,Wife,Husband-Wife
49,19,Male,Male,Yes,Divorced,28.2,Father,Son,Father-Son
53,48,Male,Female,Yes,Married,11.7,Husband,Wife,Husband-Wife
13,19,Male,Female,Yes,Single,20.9,Brother,Sister,Brother-Sister
73,36,Male,Female,Yes,Divorced,12.6,Grandfather,Granddaughter,Grandfather-Granddaughter
70,75,Male,Female,Yes,Married,5.2,Husband,Wife,Husband-Wife
65,54,Male,Female,Yes,Married,12.5,Husband,Wife,Husband-Wife
28,38,Male,Male,Yes,Single,22.1,Brother,Brother,Brother-Brother
53,56,Male,Female,Yes,Single,4.9,Brother,Sister,Brother-Sister
89,3,Male,Female,Yes,Widowed,19.5,Grandfather,Granddaughter,Grandfather-Granddaughter
52,49,Male,Female,No,Single,6.0,Roommate,Roommate,Unrelated
41,9,Male,Male,Yes,Single,7.1,Father,Son,Father-Son
65,4,Female,Male,Yes,Divorced,14.8,Mother,Son,Mother-Son
84,25,Male,Male,Yes,Married,2.9,Grandfather,Grandson,Grandfather-Grandson
54,25,Female,Female,Yes,Widowed,11.7,Mother,Daughter,Mother-Daughter
58,2,Male,Female,Yes,Married,11.4,Grandfather,Granddaughter,Grandfather-Granddaughter
84,23,Male,Male,Yes,Married,20.9,Grandfather,Grandson,Grandfather-Grandson
42,13,Male,Female,Yes,Divorced,14.5,Father,Daughter,Father-Daughter
39,34,Male,Female,Yes,Single,12.8,Brother,Sister,Brother-Sister
15,9,Male,Male,Yes,Single,17.5,Brother,Brother,Brother-Brother
60,68,Female,Female,Yes,Single,7.5,Sister,Sister,Sister-Sister
30,8,Female,Female,Yes,Widowed,21.9,Mother,Daughter,Mother-Daughter
31,35,Female,Female,Yes,Single,9.9,Sister,Sister,Sister-Sister
18,27,Male,Male,Yes,Single,7.0,Brother,Brother,Brother-Brother
29,6,Male,Female,Yes,Divorced,12.2,Father,Daughter,Father-Daughter
43,50,Female,Female,Yes,Single,21.8,Sister,Sister,Sister-Sister
70,31,Female,Female,Yes,Divorced,17.5,Grandmother,Granddaughter,Grandmother-Granddaughter
56,13,Female,Male,Yes,Married,2.2,Grandmother,Grandson,Grandmother-Grandson
36,9,Male,Male,Yes,Divorced,10.0,Father,Son,Father-Son
47,50,Male,Female,Yes,Single,12.2,Brother,Sister,Brother-Sister
36,27,Male,Male,Yes,Single,14.0,Brother,Brother,Brother-Brother
58,56,Male,Female,Yes,Single,2.5,Brother,Sister,Brother-Sister
67,25,Female,Female,Yes,Divorced,14.4,Grandmother,Granddaughter,Grandmother-Granddaughter
45,2,Male,Female,Yes,Married,21.0,Father,Daughter,Father-Daughter
60,15,Male,Male,Yes,Divorced,22.0,Grandfather,Grandson,Grandfather-Grandson
8,16,Male,Female,Yes,Single,26.2,Brother,Sister,Brother-Sister
34,1,Male,Female,Yes,Divorced,9.8,Father,Daughter,Father-Daughter
56,55,Female,Female,Yes,Single,16.3,Sister,Sister,Sister-Sister
50,54,Male,Male,Yes,Single,19.2,Roommate,Roommate,Unrelated
34,44,Female,Female,Yes,Single,10.5,Sister,Sister,Sister-Sister
39,35,Female,Female,Yes,Single,15.4,Sister,Sister,Sister-Sister
57,66,Female,Male,Yes,Single,9.0,Roommate,Roommate,Unrelated
77,35,Female,Female,Yes,Widowed,27.7,Grandmother,Granddaughter,Grandmother-Granddaughter
59,3,Female,Female,Yes,Divorced,15.1,Grandmother,Granddaughter,Grandmother-Granddaughter
40,8,Female,Male,Yes,Divorced,10.7,Mother,Son,Mother-Son
85,39,Male,Male,Yes,Divorced,28.9,Grandfather,Grandson,Grandfather-Grandson
56,29,Male,Male,Yes,Single,16.2,Father,Son,Father-Son
36,14,Female,Female,Yes,Single,27.9,Mother,Daughter,Mother-Daughter
50,47,Male,Male,Yes,Single,2.8,Brother,Brother,Brother-Brother
63,40,Female,Male,Yes,Married,19.2,Mother,Son,Mother-Son
55,10,Female,Male,Yes,Widowed,9.0,Grandmother,Grandson,Grandmother-Grandson
57,4,Male,Male,Yes,Single,2.1,Grandfather,Grandson,Grandfather-Grandson
50,2,Female,Female,Yes,Divorced,25.5,Mother,Daughter,Mother-Daughter
72,22,Female,Female,Yes,Widowed,25.4,Grandmother,Granddaughter,Grandmother-Granddaughter
78,17,Male,Female,Yes,Single,20.4,Grandfather,Granddaughter,Grandfather-Granddaughter
84,21,Male,Female,Yes,Married,15.3,Grandfather,Granddaughter,Grandfather-Granddaughter
51,41,Male,Female,Yes,Single,17.4,Brother,Sister,Brother-Sister
69,15,Female,Male,Yes,Single,21.4,Grandmother,Grandson,Grandmother-Grandson
51,57,Male,Male,Yes,Single,25.5,Brother,Brother,Brother-Brother
50,4,Male,Male,Yes,Married,8.2,Grandfather,Grandson,Grandfather-Grandson
21,24,Male,Male,Yes,Single,4.6,Brother,Brother,Brother-Brother
31,3,Male,Female,Yes,Single,19.1,Father,Daughter,Father-Daughter
39,32,Male,Female,Yes,Single,22.0,Brother,Sister,Brother-Sister
31,29,Male,Female,Yes,Single,21.2,Brother,Sister,Brother-Sister
78,14,Female,Female,Yes,Married,24.5,Grandmother,Granddaughter,Grandmother-Granddaughter
33,8,Female,Female,Yes,Widowed,29.4,Mother,Daughter,Mother-Daughter
46,16,Female,Male,Yes,Divorced,22.0,Mother,Son,Mother-Son
72,37,Male,Female,Yes,Single,14.4,Grandfather,Granddaughter,Grandfather-Granddaughter
24,21,Male,Male,Yes,Single,7.6,Brother,Brother,Brother-Brother
43,53,Male,Female,Yes,Single,5.6,Brother,Sister,Brother-Sister
69,8,Female,Female,Yes,Widowed,13.0,Grandmother,Granddaughter,Grandmother-Granddaughter
82,43,Female,Male,Yes,Widowed,12.7,Grandmother,Grandson,Grandmother-Grandson
32,5,Female,Female,Yes,Married,15.1,Mother,Daughter,Mother-Daughter
82,31,Female,Male,Yes,Single,27.2,Grandmother,Grandson,Grandmother-Grandson
63,35,Male,Female,Yes,Single,6.6,Father,Daughter,Father-Daughter
19,17,Female,Female,Yes,Single,16.6,Sister,Sister,Sister-Sister
60,26,Male,Male,No,Single,28.7,Roommate,Roommate,Unrelated
58,19,Female,Female,Yes,Married,11.3,Grandmother,Granddaughter,Grandmother-Granddaughter
61,10,Male,Female,Yes,Divorced,4.5,Grandfather,Granddaughter,Grandfather-Granddaughter
73,28,Male,Male,Yes,Single,11.9,Grandfather,Grandson,Grandfather-Grandson
52,15,Male,Female,Yes,Married,15.8,Father,Daughter,Father-Daughter
37,17,Female,Female,Yes,Married,20.5,Mother,Daughter,Mother-Daughter
81,21,Female,Male,Yes,Married,29.3,Grandmother,Grandson,Grandmother-Grandson
30,18,Female,Female,No,Single,21.6,Roommate,Roommate,Unrelated
43,15,Female,Male,Yes,Single,0.9,Mother,Son,Mother-Son
29,8,Female,Male,Yes,Married,2.6,Mother,Son,Mother-Son
57,57,Male,Male,Yes,Single,13.8,Brother,Brother,Brother-Brother
23,23,Male,Female,Yes,Single,15.2,Brother,Sister,Brother-Sister
37,44,Male,Female,Yes,Single,7.6,Brother,Sister,Brother-Sister
59,59,Male,Male,Yes,Single,2.3,Brother,Brother,Brother-Brother
26,21,Female,Female,Yes,Single,27.3,Sister,Sister,Sister-Sister
57,53,Female,Female,Yes,Single,23.7,Sister,Sister,Sister-Sister
32,14,Male,Male,Yes,Single,9.9,Father,Son,Father-Son
43,20,Male,Male,Yes,Divorced,4.6,Father,Son,Father-Son
42,22,Female,Female,No,Single,4.3,Roommate,Roommate,Unrelated
61,11,Female,Male,Yes,Married,6.7,Grandmother,Grandson,Grandmother-Grandson
53,4,Female,Male,Yes,Married,6.3,Grandmother,Grandson,Grandmother-Grandson
67,5,Male,Male,Yes,Married,4.9,Grandfather,Grandson,Grandfather-Grandson
37,57,Male,Female,No,Single,10.2,Roommate,Roommate,Unrelated
52,17,Male,Female,Yes,Divorced,26.5,Father,Daughter,Father-Daughter
88,48,Female,Male,Yes,Widowed,20.0,Grandmother,Grandson,Grandmother-Grandson
40,10,Male,Female,Yes,Single,21.6,Father,Daughter,Father-Daughter
14,6,Male,Male,Yes,Single,9.8,Brother,Brother,Brother-Brother
80,23,Female,Female,Yes,Divorced,8.9,Grandmother,Granddaughter,Grandmother-Granddaughter
73,16,Female,Female,Yes,Single,25.9,Grandmother,Granddaughter,Grandmother-Granddaughter
48,30,Male,Female,Yes,Divorced,4.1,Father,Daughter,Father-Daughter
87,38,Male,Female,Yes,Married,16.3,Grandfather,Granddaughter,Grandfather-Granddaughter
55,15,Male,Male,Yes,Single,14.8,Grandfather,Grandson,Grandfather-Grandson
55,22,Female,Female,Yes,Married,15.6,Mother,Daughter,Mother-Daughter
77,31,Male,Female,Yes,Married,16.6,Grandfather,Granddaughter,Grandfather-Granddaughter
82,27,Male,Female,Yes,Single,4.0,Grandfather,Granddaughter,Grandfather-Granddaughter
76,14,Male,Female,Yes,Divorced,26.2,Grandfather,Granddaughter,Grandfather-Granddaughter
56,12,Female,Male,Yes,Single,19.5,Mother,Son,Mother-Son
59,14,Female,Male,Yes,Married,11.2,Grandmother,Grandson,Grandmother-Grandson
62,33,Female,Female,Yes,Married,27.4,Mother,Daughter,Mother-Daughter
78,2,Female,Male,Yes,Divorced,26.0,Grandmother,Grandson,Grandmother-Grandson
32,27,Female,Female,Yes,Single,17.7,Sister,Sister,Sister-Sister
42,8,Female,Male,Yes,Divorced,21.7,Mother,Son,Mother-Son
41,19,Male,Female,Yes,Divorced,24.6,Father,Daughter,Father-Daughter
27,2,Female,Female,Yes,Widowed,8.2,Mother,Daughter,Mother-Daughter
30,36,Female,Female,Yes,Single,23.4,Sister,Sister,Sister-Sister
35,23,Male,Female,No,Single,8.0,Roommate,Roommate,Unrelated
55,58,Male,Female,No,Single,9.0,Roommate,Roommate,Unrelated
50,6,Female,Female,Yes,Divorced,2.4,Grandmother,Granddaughter,Grandmother-Granddaughter
38,53,Male,Female,No,Single,3.6,Roommate,Roommate,Unrelated
40,40,Male,Female,Yes,Married,25.5,Husband,Wife,Husband-Wife
86,11,Male,Female,Yes,Married,12.3,Grandfather,Granddaughter,Grandfather-Granddaughter
7,15,Male,Male,Yes,Single,5.8,Brother,Brother,Brother-Brother
26,19,Male,Female,Yes,Single,12.2,Brother,Sister,Brother-Sister
60,63,Male,Female,Yes,Single,1.3,Brother,Sister,Brother-Sister
48,39,Male,Male,Yes,Single,6.6,Brother,Brother,Brother-Brother
50,26,Female,Male,Yes,Married,18.1,Mother,Son,Mother-Son
56,0,Male,Male,Yes,Widowed,12.4,Father,Son,Father-Son
22,26,Male,Male,No,Single,6.2,Roommate,Roommate,Unrelated
45,17,Male,Female,Yes,Married,22.4,Father,Daughter,Father-Daughter
36,16,Female,Male,Yes,Divorced,29.6,Mother,Son,Mother-Son
79,3,Male,Female,Yes,Single,10.5,Grandfather,Granddaughter,Grandfather-Granddaughter
24,29,Male,Male,Yes,Single,5.4,Brother,Brother,Brother-Brother
44,42,Male,Female,Yes,Married,15.4,Husband,Wife,Husband-Wife
41,41,Female,Female,Yes,Single,9.3,Sister,Sister,Sister-Sister
36,38,Female,Female,Yes,Single,11.9,Sister,Sister,Sister-Sister
57,7,Female,Male,Yes,Married,23.3,Grandmother,Grandson,Grandmother-Grandson
37,27,Male,Female,No,Single,8.0,Roommate,Roommate,Unrelated
30,7,Female,Male,Yes,Single,3.0,Mother,Son,Mother-Son
69,17,Female,Female,Yes,Married,4.8,Grandmother,Granddaughter,Grandmother-Granddaughter
63,2,Male,Male,Yes,Widowed,2.0,Father,Son,Father-Son
41,37,Female,Female,Yes,Single,17.8,Roommate,Roommate,Unrelated
77,42,Male,Male,Yes,Married,14.8,Grandfather,Grandson,Grandfather-Grandson
70,6,Female,Male,Yes,Divorced,21.3,Grandmother,Grandson,Grandmother-Grandson
42,52,Male,Female,Yes,Single,28.1,Brother,Sister,Brother-Sister
16,14,Male,Female,Yes,Single,24.9,Brother,Sister,Brother-Sister
27,2,Female,Female,Yes,Divorced,1.6,Mother,Daughter,Mother-Daughter
84,23,Male,Male,Yes,Married,14.2,Grandfather,Grandson,Grandfather-Grandson
6,8,Male,Male,Yes,Single,17.7,Brother,Brother,Brother-Brother
54,6,Male,Female,Yes,Divorced,18.0,Father,Daughter,Father-Daughter
11,8,Male,Female,Yes,Single,15.8,Brother,Sister,Brother-Sister
53,4,Female,Male,Yes,Widowed,23.9,Grandmother,Grandson,Grandmother-Grandson
55,61,Male,Female,Yes,Married,29.5,Husband,Wife,Husband-Wife
32,8,Male,Male,Yes,Married,1.8,Father,Son,Father-Son
61,13,Female,Male,Yes,Married,21.1,Grandmother,Grandson,Grandmother-Grandson
41,31,Male,Male,Yes,Single,5.6,Brother,Brother,Brother-Brother
18,27,Female,Female,Yes,Single,4.9,Sister,Sister,Sister-Sister
7,8,Male,Female,Yes,Single,10.6,Brother,Sister,Brother-Sister
69,29,Male,Female,Yes,Married,16.1,Grandfather,Granddaughter,Grandfather-Granddaughter
40,20,Male,Female,Yes,Widowed,21.1,Father,Daughter,Father-Daughter
50,63,Male,Female,Yes,Single,2.5,Roommate,Roommate,Unrelated
40,58,Female,Male,No,Single,3.6,Roommate,Roommate,Unrelated
84,46,Female,Female,Yes,Single,16.3,Grandmother,Granddaughter,Grandmother-Granddaughter
78,10,Female,Male,Yes,Single,28.2,Grandmother,Grandson,Grandmother-Grandson
22,13,Female,Female,Yes,Single,3.7,Sister,Sister,Sister-Sister
60,0,Female,Male,Yes,Divorced,1.0,Grandmother,Grandson,Grandmother-Grandson
75,36,Male,Male,Yes,Widowed,27.6,Grandfather,Grandson,Grandfather-Grandson
35,63,Male,Male,No,Single,8.1,Roommate,Roommate,Unrelated
80,29,Female,Male,Yes,Single,13.0,Grandmother,Grandson,Grandmother-Grandson
15,8,Female,Female,Yes,Single,17.6,Sister,Sister,Sister-Sister
52,16,Male,Male,Yes,Widowed,6.4,Grandfather,Grandson,Grandfather-Grandson
40,5,Male,Male,Yes,Divorced,5.0,Father,Son,Father-Son
56,21,Male,Male,Yes,Widowed,18.7,Grandfather,Grandson,Grandfather-Grandson
64,61,Male,Female,Yes,Married,29.5,Husband,Wife,Husband-Wife
82,2,Male,Female,Yes,Widowed,2.7,Grandfather,Granddaughter,Grandfather-Granddaughter
60,41,Male,Male,Yes,Single,6.7,Father,Son,Father-Son
58,37,Female,Male,No,Single,19.2,Roommate,Roommate,Unrelated
56,32,Male,Male,Yes,Divorced,20.9,Father,Son,Father-Son
22,26,Male,Female,Yes,Married,15.0,Husband,Wife,Husband-Wife
36,28,Female,Male,No,Single,8.7,Roommate,Roommate,Unrelated
13,9,Male,Male,Yes,Single,20.9,Brother,Brother,Brother-Brother
28,0,Male,Female,Yes,Married,17.7,Father,Daughter,Father-Daughter
55,15,Male,Female,Yes,Single,17.0,Grandfather,Granddaughter,Grandfather-Granddaughter
83,45,Male,Male,Yes,Married,28.1,Grandfather,Grandson,Grandfather-Grandson
79,40,Male,Male,Yes,Divorced,6.1,Grandfather,Grandson,Grandfather-Grandson
36,41,Male,Male,Yes,Single,6.2,Brother,Brother,Brother-Brother
59,66,Female,Female,Yes,Single,0.9,Sister,Sister,Sister-Sister
20,28,Male,Female,Yes,Married,17.3,Husband,Wife,Husband-Wife
83,5,Female,Male,Yes,Single,16.1,Grandmother,Grandson,Grandmother-Grandson
48,1,Male,Male,Yes,Single,21.5,Father,Son,Father-Son
71,3,Male,Female,Yes,Widowed,3.0,Grandfather,Granddaughter,Grandfather-Granddaughter
41,32,Male,Female,Yes,Married,29.8,Husband,Wife,Husband-Wife
34,58,Female,Male,No,Single,18.9,Roommate,Roommate,Unrelated
6,15,Male,Male,Yes,Single,26.0,Brother,Brother,Brother-Brother
38,18,Female,Male,Yes,Married,25.0,Mother,Son,Mother-Son
26,5,Female,Female,Yes,Widowed,2.1,Mother,Daughter,Mother-Daughter
70,21,Male,Male,Yes,Single,24.5,Father,Son,Father-Son
41,33,Male,Female,Yes,Married,12.5,Husband,Wife,Husband-Wife
48,22,Male,Female,Yes,Married,27.6,Father,Daughter,Father-Daughter
90,41,Male,Female,Yes,Married,5.4,Grandfather,Granddaughter,Grandfather-Granddaughter
6,11,Female,Female,Yes,Single,22.4,Sister,Sister,Sister-Sister
18,8,Male,Male,Yes,Single,15.5,Brother,Brother,Brother-Brother
30,6,Female,Female,Yes,Single,15.1,Mother,Daughter,Mother-Daughter
52,17,Female,Male,Yes,Divorced,3.5,Mother,Son,Mother-Son
68,63,Male,Female,No,Single,6.4,Roommate,Roommate,Unrelated
56,29,Male,Female,Yes,Single,28.6,Father,Daughter,Father-Daughter
23,25,Male,Female,Yes,Single,28.7,Brother,Sister,Brother-Sister
66,58,Male,Female,Yes,Married,22.9,Husband,Wife,Husband-Wife
49,41,Male,Male,Yes,Single,11.8,Brother,Brother,Brother-Brother
77,3,Female,Male,Yes,Divorced,10.8,Grandmother,Grandson,Grandmother-Grandson
31,21,Male,Male,Yes,Single,20.6,Brother,Brother,Brother-Brother
62,57,Male,Female,Yes,Married,5.4,Husband,Wife,Husband-Wife
55,3,Male,Male,Yes,Single,11.7,Grandfather,Grandson,Grandfather-Grandson
21,46,Male,Female,No,Single,0.6,Roommate,Roommate,Unrelated
59,2,Female,Male,Yes,Single,3.4,Grandmother,Grandson,Grandmother-Grandson
29,34,Male,Female,Yes,Single,15.0,Brother,Sister,Brother-Sister
68,20,Male,Male,Yes,Divorced,10.9,Father,Son,Father-Son
15,11,Male,Male,Yes,Single,5.3,Brother,Brother,Brother-Brother
39,16,Female,Female,Yes,Single,21.6,Mother,Daughter,Mother-Daughter
22,15,Male,Female,Yes,Single,17.7,Brother,Sister,Brother-Sister
17,25,Male,Male,Yes,Single,25.2,Brother,Brother,Brother-Brother
70,7,Male,Male,Yes,Divorced,7.6,Father,Son,Father-Son
14,4,Male,Female,Yes,Single,19.2,Brother,Sister,Brother-Sister
44,20,Male,Male,Yes,Widowed,3.9,Father,Son,Father-Son
83,48,Female,Female,Yes,Single,20.2,Grandmother,Granddaughter,Grandmother-Granddaughter
53,45,Male,Female,Yes,Married,19.9,Husband,Wife,Husband-Wife
56,30,Female,Male,Yes,Single,11.3,Mother,Son,Mother-Son
27,8,Female,Female,Yes,Divorced,24.0,Mother,Daughter,Mother-Daughter
58,39,Male,Male,Yes,Married,6.0,Father,Son,Father-Son
39,38,Female,Female,Yes,Single,6.6,Sister,Sister,Sister-Sister
21,31,Female,Female,Yes,Single,4.0,Sister,Sister,Sister-Sister
45,10,Female,Female,Yes,Married,17.6,Mother,Daughter,Mother-Daughter
61,6,Female,Female,Yes,Widowed,12.7,Grandmother,Granddaughter,Grandmother-Granddaughter
11,19,Male,Male,Yes,Single,13.3,Brother,Brother,Brother-Brother
32,13,Female,Female,Yes,Widowed,2.6,Mother,Daughter,Mother-Daughter
26,2,Female,Female,Yes,Widowed,12.8,Mother,Daughter,Mother-Daughter
59,12,Male,Male,Yes,Single,6.4,Grandfather,Grandson,Grandfather-Grandson
88,49,Female,Female,Yes,Widowed,24.2,Grandmother,Granddaughter,Grandmother-Granddaughter
72,12,Female,Male,Yes,Single,28.4,Grandmother,Grandson,Grandmother-Grandson
45,45,Female,Female,Yes,Single,13.3,Sister,Sister,Sister-Sister
44,35,Female,Female,Yes,Single,27.8,Sister,Sister,Sister-Sister
30,29,Male,Female,Yes,Married,18.6,Husband,Wife,Husband-Wife
45,13,Female,Male,Yes,Married,22.4,Mother,Son,Mother-Son
71,14,Female,Male,Yes,Widowed,14.8,Grandmother,Grandson,Grandmother-Grandson
70,65,Male,Female,Yes,Married,6.1,Husband,Wife,Husband-Wife
85,26,Female,Male,Yes,Divorced,7.0,Grandmother,Grandson,Grandmother-Grandson
11,9,Female,Female,Yes,Single,26.9,Sister,Sister,Sister-Sister
85,30,Female,Male,Yes,Married,17.2,Grandmother,Grandson,Grandmother-Grandson
59,18,Male,Female,Yes,Divorced,20.8,Grandfather,Granddaughter,Grandfather-Granddaughter
57,32,Male,Male,Yes,Divorced,10.9,Father,Son,Father-Son
53,8,Male,Female,Yes,Married,13.3,Grandfather,Granddaughter,Grandfather-Granddaughter
79,6,Male,Male,Yes,Divorced,24.9,Grandfather,Grandson,Grandfather-Grandson
56,19,Female,Male,Yes,Married,5.5,Grandmother,Grandson,Grandmother-Grandson
67,40,Male,Male,Yes,Divorced,13.5,Father,Son,Father-Son
27,9,Female,Male,Yes,Married,7.6,Mother,Son,Mother-Son
43,8,Male,Male,Yes,Divorced,1.4,Father,Son,Father-Son
74,19,Male,Female,Yes,Widowed,6.4,Grandfather,Granddaughter,Grandfather-Granddaughter
26,28,Male,Female,Yes,Married,8.9,Husband,Wife,Husband-Wife
37,9,Female,Female,Yes,Widowed,19.1,Mother,Daughter,Mother-Daughter
21,18,Male,Female,Yes,Married,17.9,Husband,Wife,Husband-Wife
77,30,Female,Male,Yes,Divorced,13.5,Grandmother,Grandson,Grandmother-Grandson
10,0,Female,Female,Yes,Single,4.8,Sister,Sister,Sister-Sister
32,32,Female,Male,No,Single,10.0,Roommate,Roommate,Unrelated
7,0,Male,Male,Yes,Single,11.9,Brother,Brother,Brother-Brother
7,16,Male,Male,Yes,Single,9.3,Brother,Brother,Brother-Brother
73,14,Male,Male,Yes,Single,22.3,Grandfather,Grandson,Grandfather-Grandson
51,46,Male,Female,Yes,Married,13.7,Husband,Wife,Husband-Wife
38,30,Male,Female,Yes,Single,15.0,Roommate,Roommate,Unrelated
79,36,Male,Male,Yes,Divorced,19.5,Grandfather,Grandson,Grandfather-Grandson
52,2,Male,Female,Yes,Single,1.9,Father,Daughter,Father-Daughter
68,11,Male,Male,Yes,Married,29.4,Grandfather,Grandson,Grandfather-Grandson
58,28,Female,Male,Yes,Divorced,20.2,Mother,Son,Mother-Son
49,14,Female,Male,Yes,Widowed,12.8,Mother,Son,Mother-Son
38,33,Male,Female,Yes,Married,10.9,Husband,Wife,Husband-Wife
43,38,Male,Female,Yes,Married,2.9,Husband,Wife,Husband-Wife
37,43,Male,Male,Yes,Single,21.1,Brother,Brother,Brother-Brother
55,53,Female,Female,Yes,Single,4.3,Sister,Sister,Sister-Sister
46,37,Male,Female,Yes,Married,8.4,Husband,Wife,Husband-Wife
58,9,Male,Male,Yes,Married,3.0,Grandfather,Grandson,Grandfather-Grandson
37,53,Female,Male,No,Single,21.3,Roommate,Roommate,Unrelated
43,36,Male,Female,Yes,Single,17.7,Brother,Sister,Brother-Sister
58,13,Male,Male,Yes,Single,6.2,Grandfather,Grandson,Grandfather-Grandson
34,36,Female,Female,Yes,Single,7.2,Sister,Sister,Sister-Sister
48,54,Male,Female,No,Single,6.1,Roommate,Roommate,Unrelated
64,3,Female,Male,Yes,Divorced,15.4,Mother,Son,Mother-Son
40,65,Female,Female,No,Single,2.6,Roommate,Roommate,Unrelated
30,51,Male,Female,No,Single,26.4,Roommate,Roommate,Unrelated
36,26,Male,Female,Yes,Single,1.8,Brother,Sister,Brother-Sister
56,4,Female,Female,Yes,Widowed,12.6,Grandmother,Granddaughter,Grandmother-Granddaughter
53,23,Male,Female,Yes,Divorced,9.2,Father,Daughter,Father-Daughter
81,28,Female,Female,Yes,Widowed,23.3,Grandmother,Granddaughter,Grandmother-Granddaughter
89,47,Female,Female,Yes,Divorced,20.8,Grandmother,Granddaughter,Grandmother-Granddaughter
54,65,Male,Male,Yes,Single,24.1,Roommate,Roommate,Unrelated
53,50,Male,Female,Yes,Single,22.9,Brother,Sister,Brother-Sister
21,11,Male,Male,Yes,Single,13.0,Brother,Brother,Brother-Brother
30,38,Female,Female,Yes,Single,6.3,Sister,Sister,Sister-Sister
85,17,Female,Female,Yes,Married,16.4,Grandmother,Granddaughter,Grandmother-Granddaughter
28,56,Female,Female,No,Single,12.3,Roommate,Roommate,Unrelated
87,13,Female,Male,Yes,Widowed,9.4,Grandmother,Grandson,Grandmother-Grandson
38,14,Male,Female,Yes,Married,10.0,Father,Daughter,Father-Daughter
29,28,Male,Male,Yes,Single,14.2,Brother,Brother,Brother-Brother
39,39,Female,Female,Yes,Single,22.6,Sister,Sister,Sister-Sister
68,17,Female,Male,Yes,Divorced,8.6,Grandmother,Grandson,Grandmother-Grandson
63,14,Female,Male,Yes,Married,17.9,Mother,Son,Mother-Son
36,35,Male,Male,Yes,Single,6.4,Brother,Brother,Brother-Brother
45,23,Female,Female,Yes,Widowed,3.6,Mother,Daughter,Mother-Daughter
24,29,Male,Female,Yes,Single,29.0,Brother,Sister,Brother-Sister
60,21,Male,Female,Yes,Widowed,4.1,Grandfather,Granddaughter,Grandfather-Granddaughter
27,4,Female,Female,Yes,Widowed,2.0,Mother,Daughter,Mother-Daughter
78,34,Male,Female,Yes,Married,15.6,Grandfather,Granddaughter,Grandfather-Granddaughter
56,16,Female,Female,Yes,Married,7.8,Mother,Daughter,Mother-Daughter
72,32,Female,Male,Yes,Widowed,11.0,Grandmother,Grandson,Grandmother-Grandson
25,67,Male,Female,No,Single,21.1,Roommate,Roommate,Unrelated
60,53,Male,Female,Yes,Single,5.7,Brother,Sister,Brother-Sister
52,3,Female,Male,Yes,Single,7.5,Grandmother,Grandson,Grandmother-Grandson
60,55,Male,Female,Yes,Single,2.9,Brother,Sister,Brother-Sister
60,31,Female,Female,Yes,Divorced,3.1,Mother,Daughter,Mother-Daughter
35,43,Male,Female,Yes,Single,7.0,Brother,Sister,Brother-Sister
63,19,Female,Male,Yes,Divorced,1.1,Grandmother,Grandson,Grandmother-Grandson
23,27,Male,Female,Yes,Single,25.8,Brother,Sister,Brother-Sister
31,8,Male,Female,Yes,Divorced,22.2,Father,Daughter,Father-Daughter
75,31,Male,Male,Yes,Divorced,15.9,Grandfather,Grandson,Grandfather-Grandson
40,29,Male,Female,Yes,Married,23.3,Husband,Wife,Husband-Wife
44,38,Male,Female,Yes,Married,29.5,Husband,Wife,Husband-Wife
58,23,Female,Female,Yes,Married,8.2,Grandmother,Granddaughter,Grandmother-Granddaughter
41,46,Male,Female,Yes,Married,10.9,Husband,Wife,Husband-Wife
87,49,Male,Female,Yes,Single,25.9,Grandfather,Granddaughter,Grandfather-Granddaughter
29,23,Male,Female,Yes,Single,5.2,Brother,Sister,Brother-Sister
36,1,Male,Female,Yes,Married,23.2,Father,Daughter,Father-Daughter
72,5,Male,Female,Yes,Divorced,28.7,Grandfather,Granddaughter,Grandfather-Granddaughter
34,29,Male,Female,Yes,Married,19.6,Husband,Wife,Husband-Wife
38,31,Female,Female,Yes,Single,20.9,Sister,Sister,Sister-Sister
56,22,Male,Male,Yes,Married,20.3,Father,Son,Father-Son
33,4,Female,Female,Yes,Single,20.7,Mother,Daughter,Mother-Daughter
53,16,Female,Female,Yes,Married,23.2,Grandmother,Granddaughter,Grandmother-Granddaughter
47,38,Female,Female,Yes,Single,5.5,Sister,Sister,Sister-Sister
48,26,Male,Male,Yes,Married,6.4,Father,Son,Father-Son
52,15,Male,Female,Yes,Divorced,25.4,Grandfather,Granddaughter,Grandfather-Granddaughter
51,42,Male,Female,Yes,Single,16.7,Brother,Sister,Brother-Sister
42,2,Female,Female,Yes,Divorced,25.5,Mother,Daughter,Mother-Daughter
60,24,Male,Female,Yes,Divorced,20.2,Father,Daughter,Father-Daughter
30,7,Female,Female,Yes,Married,15.3,Mother,Daughter,Mother-Daughter
40,4,Male,Female,Yes,Divorced,2.0,Father,Daughter,Father-Daughter
26,38,Male,Female,Yes,Married,5.6,Husband,Wife,Husband-Wife
72,35,Male,Male,Yes,Widowed,27.8,Grandfather,Grandson,Grandfather-Grandson
29,23,Female,Female,Yes,Single,28.2,Sister,Sister,Sister-Sister
38,30,Male,Female,Yes,Single,6.0,Brother,Sister,Brother-Sister
40,3,Male,Female,Yes,Widowed,5.0,Father,Daughter,Father-Daughter
90,3,Male,Male,Yes,Widowed,26.0,Grandfather,Grandson,Grandfather-Grandson
56,34,Female,Female,Yes,Single,12.5,Mother,Daughter,Mother-Daughter
43,14,Male,Male,Yes,Widowed,3.9,Father,Son,Father-Son
55,6,Male,Male,Yes,Single,24.7,Father,Son,Father-Son
41,31,Male,Female,Yes,Single,15.4,Brother,Sister,Brother-Sister
8,13,Male,Female,Yes,Single,20.3,Brother,Sister,Brother-Sister
40,17,Female,Female,Yes,Single,7.9,Mother,Daughter,Mother-Daughter
29,8,Male,Female,Yes,Married,8.2,Father,Daughter,Father-Daughter
36,18,Female,Female,No,Single,20.3,Roommate,Roommate,Unrelated
31,10,Female,Female,Yes,Single,23.3,Mother,Daughter,Mother-Daughter
23,19,Male,Female,Yes,Single,25.1,Brother,Sister,Brother-Sister
56,5,Female,Female,Yes,Widowed,16.9,Grandmother,Granddaughter,Grandmother-Granddaughter
84,49,Male,Male,Yes,Married,28.5,Grandfather,Grandson,Grandfather-Grandson
64,43,Female,Female,Yes,Widowed,26.4,Mother,Daughter,Mother-Daughter
48,42,Male,Female,Yes,Single,0.7,Brother,Sister,Brother-Sister
90,19,Female,Male,Yes,Single,21.0,Grandmother,Grandson,Grandmother-Grandson
55,7,Female,Female,Yes,Widowed,4.0,Mother,Daughter,Mother-Daughter
85,41,Male,Male,Yes,Widowed,3.0,Grandfather,Grandson,Grandfather-Grandson
42,24,Male,Male,Yes,Widowed,16.9,Father,Son,Father-Son
68,47,Male,Female,Yes,Married,9.8,Father,Daughter,Father-Daughter
45,4,Female,Female,Yes,Single,23.0,Mother,Daughter,Mother-Daughter
32,34,Female,Female,Yes,Single,17.2,Sister,Sister,Sister-Sister
31,11,Female,Female,Yes,Widowed,12.5,Mother,Daughter,Mother-Daughter
68,26,Male,Female,Yes,Divorced,24.3,Father,Daughter,Father-Daughter
60,17,Female,Female,Yes,Married,8.8,Mother,Daughter,Mother-Daughter
19,17,Male,Male,Yes,Single,2.2,Brother,Brother,Brother-Brother
60,39,Female,Male,Yes,Married,24.6,Mother,Son,Mother-Son
22,27,Male,Female,Yes,Single,15.4,Brother,Sister,Brother-Sister
53,4,Female,Male,Yes,Widowed,3.6,Grandmother,Grandson,Grandmother-Grandson
64,5,Female,Female,Yes,Married,14.8,Grandmother,Granddaughter,Grandmother-Granddaughter
51,15,Male,Male,Yes,Widowed,23.2,Father,Son,Father-Son
51,7,Female,Female,Yes,Divorced,15.2,Grandmother,Granddaughter,Grandmother-Granddaughter
68,66,Male,Female,Yes,Married,5.0,Husband,Wife,Husband-Wife
51,9,Male,Female,Yes,Single,3.1,Grandfather,Granddaughter,Grandfather-Granddaughter
46,11,Male,Male,Yes,Married,7.6,Father,Son,Father-Son
44,39,Female,Male,No,Single,16.2,Roommate,Roommate,Unrelated
28,5,Female,Female,Yes,Widowed,8.7,Mother,Daughter,Mother-Daughter
26,36,Male,Female,Yes,Single,10.8,Brother,Sister,Brother-Sister
63,16,Female,Female,Yes,Widowed,18.9,Mother,Daughter,Mother-Daughter
57,31,Female,Male,Yes,Divorced,15.4,Mother,Son,Mother-Son
31,30,Male,Female,Yes,Single,17.8,Brother,Sister,Brother-Sister
51,42,Male,Female,Yes,Married,13.5,Husband,Wife,Husband-Wife
66,9,Male,Male,Yes,Married,18.8,Father,Son,Father-Son
30,18,Male,Male,No,Single,22.7,Roommate,Roommate,Unrelated
50,5,Female,Male,Yes,Single,17.8,Grandmother,Grandson,Grandmother-Grandson
44,12,Female,Female,Yes,Single,29.8,Mother,Daughter,Mother-Daughter
42,4,Female,Male,Yes,Single,18.0,Mother,Son,Mother-Son
19,11,Female,Female,Yes,Single,27.2,Sister,Sister,Sister-Sister
63,15,Male,Male,Yes,Married,1.0,Grandfather,Grandson,Grandfather-Grandson
90,9,Male,Male,Yes,Single,2.9,Grandfather,Grandson,Grandfather-Grandson
7,9,Female,Female,Yes,Single,10.0,Sister,Sister,Sister-Sister
76,39,Male,Female,Yes,Married,6.2,Grandfather,Granddaughter,Grandfather-Granddaughter
39,13,Female,Female,Yes,Single,4.3,Mother,Daughter,Mother-Daughter
33,52,Male,Female,No,Single,25.1,Roommate,Roommate,Unrelated
54,2,Female,Female,Yes,Single,22.9,Mother,Daughter,Mother-Daughter
52,9,Female,Male,Yes,Married,26.6,Mother,Son,Mother-Son
50,44,Male,Male,Yes,Single,16.3,Brother,Brother,Brother-Brother
50,10,Female,Male,Yes,Single,9.8,Grandmother,Grandson,Grandmother-Grandson
30,31,Male,Female,Yes,Married,21.4,Husband,Wife,Husband-Wife
86,49,Male,Female,Yes,Single,11.0,Grandfather,Granddaughter,Grandfather-Granddaughter
26,36,Male,Female,Yes,Single,5.3,Brother,Sister,Brother-Sister
51,16,Female,Male,Yes,Widowed,2.0,Grandmother,Grandson,Grandmother-Grandson
15,22,Female,Female,Yes,Single,5.9,Sister,Sister,Sister-Sister
63,16,Female,Female,Yes,Single,25.9,Grandmother,Granddaughter,Grandmother-Granddaughter
54,17,Female,Female,Yes,Married,20.8,Mother,Daughter,Mother-Daughter
41,14,Male,Male,Yes,Divorced,13.2,Father,Son,Father-Son
44,18,Male,Female,Yes,Divorced,22.1,Father,Daughter,Father-Daughter
44,37,Female,Female,Yes,Single,24.7,Sister,Sister,Sister-Sister
63,0,Male,Male,Yes,Widowed,26.9,Father,Son,Father-Son
34,12,Female,Female,Yes,Single,10.6,Mother,Daughter,Mother-Daughter
74,27,Male,Male,Yes,Widowed,23.5,Grandfather,Grandson,Grandfather-Grandson
88,51,Female,Male,Yes,Widowed,19.8,Grandmother,Grandson,Grandmother-Grandson
49,24,Female,Male,Yes,Married,20.2,Mother,Son,Mother-Son
30,12,Female,Male,Yes,Single,4.4,Mother,Son,Mother-Son
9,17,Male,Female,Yes,Single,1.9,Brother,Sister,Brother-Sister
64,8,Female,Male,Yes,Divorced,8.2,Grandmother,Grandson,Grandmother-Grandson
52,65,Female,Female,No,Single,21.6,Roommate,Roommate,Unrelated
55,58,Male,Female,Yes,Single,5.2,Brother,Sister,Brother-Sister
29,4,Female,Male,Yes,Married,25.7,Mother,Son,Mother-Son
37,47,Male,Male,Yes,Single,26.5,Brother,Brother,Brother-Brother
86,11,Female,Female,Yes,Divorced,29.2,Grandmother,Granddaughter,Grandmother-Granddaughter
59,24,Female,Female,Yes,Widowed,27.3,Grandmother,Granddaughter,Grandmother-Granddaughter
45,18,Female,Female,Yes,Single,20.8,Mother,Daughter,Mother-Daughter
50,4,Male,Male,Yes,Single,18.9,Father,Son,Father-Son
60,1,Female,Male,Yes,Married,28.5,Grandmother,Grandson,Grandmother-Grandson
71,4,Female,Female,Yes,Divorced,10.2,Grandmother,Granddaughter,Grandmother-Granddaughter
38,14,Male,Female,Yes,Divorced,23.2,Father,Daughter,Father-Daughter
18,64,Female,Male,No,Single,6.6,Roommate,Roommate,Unrelated
48,3,Male,Female,Yes,Widowed,24.3,Father,Daughter,Father-Daughter
67,18,Male,Male,Yes,Widowed,28.4,Father,Son,Father-Son
43,48,Male,Female,Yes,Single,23.5,Brother,Sister,Brother-Sister
50,59,Male,Female,Yes,Single,25.5,Brother,Sister,Brother-Sister
40,40,Female,Female,Yes,Single,1.8,Sister,Sister,Sister-Sister
42,59,Female,Male,No,Single,24.2,Roommate,Roommate,Unrelated
66,44,Male,Female,Yes,Widowed,4.6,Father,Daughter,Father-Daughter
80,16,Male,Female,Yes,Widowed,7.6,Grandfather,Granddaughter,Grandfather-Granddaughter
48,5,Female,Female,Yes,Widowed,19.6,Mother,Daughter,Mother-Daughter
60,54,Male,Female,Yes,Single,17.0,Brother,Sister,Brother-Sister
9,15,Male,Male,Yes,Single,20.8,Brother,Brother,Brother-Brother
23,34,Male,Male,No,Single,16.3,Roommate,Roommate,Unrelated
11,2,Male,Female,Yes,Single,16.7,Brother,Sister,Brother-Sister
57,27,Female,Male,Yes,Widowed,5.4,Mother,Son,Mother-Son
69,35,Male,Female,Yes,Married,1.4,Father,Daughter,Father-Daughter
59,6,Female,Male,Yes,Married,19.3,Mother,Son,Mother-Son
24,24,Male,Female,No,Single,18.3,Roommate,Roommate,Unrelated
84,5,Female,Female,Yes,Divorced,11.3,Grandmother,Granddaughter,Grandmother-Granddaughter
54,9,Female,Female,Yes,Divorced,4.5,Mother,Daughter,Mother-Daughter
31,34,Male,Female,Yes,Single,24.1,Brother,Sister,Brother-Sister
29,4,Female,Male,Yes,Single,6.6,Mother,Son,Mother-Son
50,47,Male,Female,Yes,Single,4.4,Brother,Sister,Brother-Sister
64,28,Female,Female,Yes,Widowed,12.1,Mother,Daughter,Mother-Daughter
29,1,Male,Male,Yes,Widowed,23.4,Father,Son,Father-Son
9,11,Female,Female,Yes,Single,8.2,Sister,Sister,Sister-Sister
43,34,Male,Female,Yes,Married,3.4,Husband,Wife,Husband-Wife
64,7,Male,Female,Yes,Married,4.2,Grandfather,Granddaughter,Grandfather-Granddaughter
36,8,Male,Male,Yes,Married,28.9,Father,Son,Father-Son
38,9,Female,Female,Yes,Single,11.9,Mother,Daughter,Mother-Daughter
83,40,Male,Female,Yes,Widowed,0.8,Grandfather,Granddaughter,Grandfather-Granddaughter
57,2,Male,Female,Yes,Divorced,4.6,Grandfather,Granddaughter,Grandfather-Granddaughter
20,16,Male,Female,Yes,Single,0.8,Brother,Sister,Brother-Sister
77,42,Male,Male,Yes,Married,11.3,Grandfather,Grandson,Grandfather-Grandson
7,0,Male,Female,Yes,Single,19.6,Brother,Sister,Brother-Sister
45,17,Female,Male,Yes,Single,25.3,Mother,Son,Mother-Son
32,70,Male,Male,Yes,Single,10.8,Roommate,Roommate,Unrelated
33,15,Male,Female,Yes,Married,17.0,Father,Daughter,Father-Daughter
55,59,Female,Female,Yes,Single,17.0,Sister,Sister,Sister-Sister
55,1,Male,Female,Yes,Widowed,25.9,Grandfather,Granddaughter,Grandfather-Granddaughter
56,8,Male,Male,Yes,Married,17.4,Grandfather,Grandson,Grandfather-Grandson
53,42,Male,Female,No,Single,10.5,Roommate,Roommate,Unrelated
58,15,Female,Male,Yes,Married,15.0,Grandmother,Grandson,Grandmother-Grandson
12,18,Male,Female,Yes,Single,20.0,Brother,Sister,Brother-Sister
55,19,Male,Male,Yes,Single,29.3,Grandfather,Grandson,Grandfather-Grandson
60,18,Male,Female,Yes,Single,0.8,Grandfather,Granddaughter,Grandfather-Granddaughter
32,2,Male,Male,Yes,Married,16.7,Father,Son,Father-Son
31,3,Male,Male,Yes,Widowed,16.1,Father,Son,Father-Son
56,52,Male,Female,Yes,Married,17.4,Husband,Wife,Husband-Wife
51,54,Male,Female,Yes,Single,13.5,Brother,Sister,Brother-Sister
57,27,Male,Male,Yes,Widowed,26.8,Father,Son,Father-Son
72,15,Female,Male,Yes,Married,7.8,Grandmother,Grandson,Grandmother-Grandson
28,26,Male,Female,No,Single,15.6,Roommate,Roommate,Unrelated
53,26,Female,Female,Yes,Married,7.1,Mother,Daughter,Mother-Daughter
33,3,Male,Female,Yes,Married,23.8,Father,Daughter,Father-Daughter
86,42,Female,Male,Yes,Single,29.8,Grandmother,Grandson,Grandmother-Grandson
71,8,Female,Female,Yes,Divorced,16.6,Grandmother,Granddaughter,Grandmother-Granddaughter
41,46,Male,Male,Yes,Single,6.0,Brother,Brother,Brother-Brother
50,48,Male,Female,Yes,Single,9.2,Brother,Sister,Brother-Sister
59,27,Male,Male,Yes,Single,29.1,Father,Son,Father-Son
54,24,Female,Female,Yes,Single,21.5,Mother,Daughter,Mother-Daughter
28,10,Female,Male,Yes,Divorced,6.5,Mother,Son,Mother-Son
59,6,Female,Female,Yes,Divorced,20.8,Grandmother,Granddaughter,Grandmother-Granddaughter
64,38,Male,Female,Yes,Divorced,5.0,Father,Daughter,Father-Daughter
29,8,Male,Female,Yes,Divorced,21.0,Father,Daughter,Father-Daughter
69,10,Female,Male,Yes,Married,23.7,Grandmother,Grandson,Grandmother-Grandson
67,34,Male,Male,Yes,Divorced,12.1,Father,Son,Father-Son
46,44,Male,Female,Yes,Single,11.8,Brother,Sister,Brother-Sister
43,11,Male,Female,Yes,Single,11.5,Father,Daughter,Father-Daughter
69,0,Male,Female,Yes,Widowed,25.1,Grandfather,Granddaughter,Grandfather-Granddaughter
85,50,Female,Male,Yes,Widowed,7.2,Grandmother,Grandson,Grandmother-Grandson
50,7,Female,Male,Yes,Single,9.1,Mother,Son,Mother-Son
43,34,Female,Female,Yes,Single,3.6,Sister,Sister,Sister-Sister
71,33,Female,Female,Yes,Married,22.1,Grandmother,Granddaughter,Grandmother-Granddaughter
22,26,Male,Female,Yes,Single,1.7,Brother,Sister,Brother-Sister
8,11,Female,Female,Yes,Single,18.1,Sister,Sister,Sister-Sister
36,38,Male,Male,Yes,Single,13.1,Brother,Brother,Brother-Brother
53,14,Male,Female,Yes,Divorced,12.0,Grandfather,Granddaughter,Grandfather-Granddaughter
89,16,Female,Male,Yes,Single,12.2,Grandmother,Grandson,Grandmother-Grandson
20,19,Male,Male,Yes,Single,19.5,Brother,Brother,Brother-Brother
19,48,Female,Female,No,Single,13.1,Roommate,Roommate,Unrelated
33,48,Male,Female,No,Single,6.6,Roommate,Roommate,Unrelated
61,22,Female,Male,Yes,Married,14.4,Mother,Son,Mother-Son
70,16,Male,Female,Yes,Widowed,11.3,Grandfather,Granddaughter,Grandfather-Granddaughter
44,54,Male,Female,Yes,Married,29.0,Husband,Wife,Husband-Wife
60,31,Female,Female,Yes,Divorced,20.4,Mother,Daughter,Mother-Daughter
62,20,Female,Female,Yes,Married,18.3,Mother,Daughter,Mother-Daughter
37,1,Female,Male,Yes,Divorced,20.1,Mother,Son,Mother-Son
82,36,Female,Male,Yes,Divorced,24.3,Grandmother,Grandson,Grandmother-Grandson
48,14,Female,Male,Yes,Widowed,3.7,Mother,Son,Mother-Son
54,0,Female,Male,Yes,Widowed,12.5,Grandmother,Grandson,Grandmother-Grandson
67,36,Male,Male,Yes,Married,20.3,Father,Son,Father-Son
76,2,Male,Male,Yes,Married,6.7,Grandfather,Grandson,Grandfather-Grandson
63,13,Male,Male,Yes,Widowed,9.1,Grandfather,Grandson,Grandfather-Grandson
27,34,Male,Male,Yes,Single,7.6,Brother,Brother,Brother-Brother
39,7,Female,Female,Yes,Divorced,6.0,Mother,Daughter,Mother-Daughter
54,51,Male,Male,Yes,Single,11.1,Brother,Brother,Brother-Brother
73,33,Male,Female,Yes,Single,23.4,Grandfather,Granddaughter,Grandfather-Granddaughter
74,25,Female,Female,Yes,Single,20.4,Grandmother,Granddaughter,Grandmother-Granddaughter
67,24,Female,Male,No,Single,16.7,Roommate,Roommate,Unrelated
83,6,Male,Female,Yes,Divorced,6.7,Grandfather,Granddaughter,Grandfather-Granddaughter
5,13,Male,Female,Yes,Single,2.0,Brother,Sister,Brother-Sister
47,54,Male,Female,Yes,Married,19.6,Husband,Wife,Husband-Wife
11,3,Male,Male,Yes,Single,13.2,Brother,Brother,Brother-Brother
70,12,Female,Female,Yes,Divorced,8.6,Grandmother,Granddaughter,Grandmother-Granddaughter
64,6,Female,Male,Yes,Married,11.7,Grandmother,Grandson,Grandmother-Grandson
6,0,Female,Female,Yes,Single,6.1,Sister,Sister,Sister-Sister
33,35,Male,Female,Yes,Married,23.6,Husband,Wife,Husband-Wife
42,0,Female,Female,Yes,Widowed,15.0,Mother,Daughter,Mother-Daughter
74,31,Male,Male,Yes,Single,13.1,Grandfather,Grandson,Grandfather-Grandson
61,8,Female,Female,Yes,Widowed,20.9,Mother,Daughter,Mother-Daughter
52,44,Female,Female,Yes,Single,11.6,Sister,Sister,Sister-Sister
58,14,Female,Male,Yes,Widowed,3.5,Grandmother,Grandson,Grandmother-Grandson
31,37,Male,Male,Yes,Single,5.1,Brother,Brother,Brother-Brother
54,54,Female,Male,No,Single,3.5,Roommate,Roommate,Unrelated
69,66,Male,Female,Yes,Married,28.8,Husband,Wife,Husband-Wife
74,35,Female,Female,Yes,Married,16.9,Grandmother,Granddaughter,Grandmother-Granddaughter
89,27,Female,Male,Yes,Single,2.6,Grandmother,Grandson,Grandmother-Grandson
7,9,Female,Female,Yes,Single,15.8,Sister,Sister,Sister-Sister
6,10,Male,Female,Yes,Single,14.4,Brother,Sister,Brother-Sister
55,15,Female,Female,Yes,Widowed,10.8,Mother,Daughter,Mother-Daughter
37,33,Male,Female,Yes,Single,17.7,Brother,Sister,Brother-Sister
32,11,Male,Female,Yes,Married,29.9,Father,Daughter,Father-Daughter
11,17,Male,Male,Yes,Single,14.5,Brother,Brother,Brother-Brother
33,3,Male,Female,Yes,Widowed,4.0,Father,Daughter,Father-Daughter
5,13,Female,Female,Yes,Single,16.6,Sister,Sister,Sister-Sister
28,19,Female,Female,Yes,Single,12.9,Sister,Sister,Sister-Sister
76,24,Female,Female,Yes,Single,20.3,Grandmother,Granddaughter,Grandmother-Granddaughter
90,2,Female,Female,Yes,Widowed,5.3,Grandmother,Granddaughter,Grandmother-Granddaughter
59,49,Female,Female,Yes,Single,29.7,Sister,Sister,Sister-Sister
49,55,Male,Female,Yes,Single,5.5,Brother,Sister,Brother-Sister
63,56,Male,Female,No,Single,23.6,Roommate,Roommate,Unrelated
35,9,Male,Male,Yes,Divorced,18.8,Father,Son,Father-Son
50,58,Female,Female,Yes,Single,29.7,Sister,Sister,Sister-Sister
29,8,Female,Female,Yes,Single,1.9,Mother,Daughter,Mother-Daughter
53,60,Male,Female,Yes,Single,5.7,Brother,Sister,Brother-Sister
30,27,Male,Female,Yes,Single,12.2,Brother,Sister,Brother-Sister
21,30,Male,Male,Yes,Single,15.0,Brother,Brother,Brother-Brother
78,8,Male,Male,Yes,Single,2.0,Grandfather,Grandson,Grandfather-Grandson
29,58,Male,Female,No,Single,8.6,Roommate,Roommate,Unrelated
24,33,Male,Female,Yes,Married,22.7,Husband,Wife,Husband-Wife
51,7,Female,Female,Yes,Divorced,24.4,Grandmother,Granddaughter,Grandmother-Granddaughter
57,48,Male,Female,Yes,Single,26.0,Brother,Sister,Brother-Sister
20,29,Male,Male,Yes,Single,7.3,Brother,Brother,Brother-Brother
59,63,Female,Male,No,Single,13.8,Roommate,Roommate,Unrelated
55,14,Female,Male,Yes,Widowed,15.6,Mother,Son,Mother-Son
60,23,Male,Male,Yes,Widowed,23.3,Father,Son,Father-Son
58,52,Male,Female,Yes,Single,24.9,Brother,Sister,Brother-Sister
49,14,Female,Female,Yes,Widowed,20.2,Mother,Daughter,Mother-Daughter
78,20,Female,Female,Yes,Single,15.1,Grandmother,Granddaughter,Grandmother-Granddaughter
90,17,Female,Female,Yes,Divorced,19.1,Grandmother,Granddaughter,Grandmother-Granddaughter
32,5,Female,Female,Yes,Divorced,2.4,Mother,Daughter,Mother-Daughter
70,24,Female,Female,Yes,Married,7.9,Grandmother,Granddaughter,Grandmother-Granddaughter
46,48,Male,Male,Yes,Single,12.6,Brother,Brother,Brother-Brother
76,27,Male,Male,Yes,Widowed,22.6,Grandfather,Grandson,Grandfather-Grandson
86,11,Female,Male,Yes,Married,14.7,Grandmother,Grandson,Grandmother-Grandson
44,49,Male,Female,Yes,Single,28.2,Brother,Sister,Brother-Sister
43,1,Male,Female,Yes,Divorced,17.7,Father,Daughter,Father-Daughter
74,39,Female,Male,Yes,Married,13.5,Grandmother,Grandson,Grandmother-Grandson
45,53,Male,Male,Yes,Single,22.6,Brother,Brother,Brother-Brother
65,25,Female,Male,Yes,Widowed,17.8,Grandmother,Grandson,Grandmother-Grandson
31,6,Male,Female,Yes,Married,28.4,Father,Daughter,Father-Daughter
32,26,Female,Female,Yes,Single,13.7,Sister,Sister,Sister-Sister
44,20,Male,Male,Yes,Single,19.0,Father,Son,Father-Son
56,50,Male,Female,Yes,Married,8.1,Husband,Wife,Husband-Wife
25,68,Male,Male,No,Single,8.3,Roommate,Roommate,Unrelated
43,38,Male,Female,Yes,Married,11.9,Husband,Wife,Husband-Wife
36,18,Female,Male,Yes,Single,7.0,Mother,Son,Mother-Son
41,43,Female,Female,Yes,Single,23.2,Sister,Sister,Sister-Sister
42,14,Male,Male,Yes,Married,25.8,Father,Son,Father-Son
56,24,Male,Female,Yes,Divorced,21.7,Father,Daughter,Father-Daughter
44,42,Female,Female,Yes,Single,1.7,Sister,Sister,Sister-Sister
88,33,Female,Female,Yes,Married,14.8,Grandmother,Granddaughter,Grandmother-Granddaughter
23,18,Male,Female,Yes,Married,29.5,Husband,Wife,Husband-Wife
31,52,Female,Male,Yes,Single,14.9,Roommate,Roommate,Unrelated
54,13,Male,Male,Yes,Married,2.0,Father,Son,Father-Son
21,47,Male,Female,No,Single,6.8,Roommate,Roommate,Unrelated
41,40,Male,Female,Yes,Single,27.5,Brother,Sister,Brother-Sister
84,37,Male,Female,Yes,Divorced,7.6,Grandfather,Granddaughter,Grandfather-Granddaughter
32,1,Male,Male,Yes,Widowed,6.8,Father,Son,Father-Son
55,22,Female,Female,Yes,Married,12.9,Mother,Daughter,Mother-Daughter
34,31,Male,Male,Yes,Single,0.7,Brother,Brother,Brother-Brother
57,66,Male,Female,Yes,Married,11.3,Husband,Wife,Husband-Wife
50,55,Male,Male,Yes,Single,19.1,Brother,Brother,Brother-Brother
77,31,Male,Male,Yes,Widowed,24.3,Grandfather,Grandson,Grandfather-Grandson
31,24,Male,Female,Yes,Married,14.1,Husband,Wife,Husband-Wife
50,45,Female,Female,Yes,Single,10.3,Sister,Sister,Sister-Sister
39,40,Male,Female,Yes,Single,10.3,Brother,Sister,Brother-Sister
61,27,Male,Male,No,Single,16.8,Roommate,Roommate,Unrelated
16,19,Male,Female,Yes,Single,14.6,Brother,Sister,Brother-Sister
26,29,Male,Female,No,Single,21.7,Roommate,Roommate,Unrelated
41,16,Male,Female,Yes,Divorced,1.2,Father,Daughter,Father-Daughter
37,6,Female,Female,Yes,Married,1.8,Mother,Daughter,Mother-Daughter
27,2,Female,Male,Yes,Single,5.6,Mother,Son,Mother-Son
48,42,Male,Male,Yes,Single,27.8,Brother,Brother,Brother-Brother
31,2,Male,Male,Yes,Divorced,19.1,Father,Son,Father-Son
47,4,Male,Female,Yes,Divorced,8.1,Father,Daughter,Father-Daughter
41,21,Male,Male,No,Single,0.9,Roommate,Roommate,Unrelated
65,4,Female,Male,Yes,Married,11.8,Grandmother,Grandson,Grandmother-Grandson
23,31,Female,Female,Yes,Single,16.8,Sister,Sister,Sister-Sister
5,0,Female,Female,Yes,Single,9.7,Sister,Sister,Sister-Sister
50,55,Male,Female,Yes,Single,26.3,Brother,Sister,Brother-Sister
66,21,Female,Male,Yes,Divorced,25.0,Grandmother,Grandson,Grandmother-Grandson
37,1,Male,Female,Yes,Widowed,23.6,Father,Daughter,Father-Daughter
45,20,Female,Male,Yes,Divorced,5.0,Mother,Son,Mother-Son
69,76,Male,Female,Yes,Married,14.1,Husband,Wife,Husband-Wife
53,12,Female,Female,Yes,Divorced,12.9,Grandmother,Granddaughter,Grandmother-Granddaughter
61,35,Female,Male,Yes,Married,11.8,Mother,Son,Mother-Son
28,2,Female,Male,Yes,Married,15.2,Mother,Son,Mother-Son
69,42,Male,Female,Yes,Married,8.5,Father,Daughter,Father-Daughter
9,13,Male,Female,Yes,Single,21.6,Brother,Sister,Brother-Sister
60,21,Male,Female,Yes,Divorced,19.5,Grandfather,Granddaughter,Grandfather-Granddaughter
87,25,Male,Male,Yes,Married,27.9,Grandfather,Grandson,Grandfather-Grandson
30,10,Female,Male,Yes,Married,9.4,Mother,Son,Mother-Son
56,15,Female,Male,Yes,Single,12.9,Mother,Son,Mother-Son
26,7,Female,Male,Yes,Widowed,1.0,Mother,Son,Mother-Son
65,2,Male,Female,Yes,Single,16.2,Father,Daughter,Father-Daughter
27,7,Female,Female,Yes,Married,13.3,Mother,Daughter,Mother-Daughter
78,40,Male,Female,Yes,Widowed,10.1,Grandfather,Granddaughter,Grandfather-Granddaughter
61,21,Female,Female,Yes,Married,10.0,Grandmother,Granddaughter,Grandmother-Granddaughter
52,33,Male,Female,Yes,Single,5.2,Father,Daughter,Father-Daughter
38,4,Male,Female,Yes,Divorced,5.8,Father,Daughter,Father-Daughter
45,8,Male,Female,Yes,Married,24.0,Father,Daughter,Father-Daughter
54,53,Male,Male,Yes,Single,7.9,Brother,Brother,Brother-Brother
40,38,Male,Female,Yes,Single,10.7,Brother,Sister,Brother-Sister
45,55,Male,Female,Yes,Single,9.6,Brother,Sister,Brother-Sister
54,9,Female,Female,Yes,Divorced,15.7,Grandmother,Granddaughter,Grandmother-Granddaughter
18,17,Female,Female,Yes,Single,29.3,Sister,Sister,Sister-Sister
60,7,Male,Male,Yes,Married,17.7,Father,Son,Father-Son
28,8,Female,Male,Yes,Married,29.3,Mother,Son,Mother-Son
12,20,Male,Female,Yes,Single,26.1,Brother,Sister,Brother-Sister
18,18,Female,Female,Yes,Single,9.5,Sister,Sister,Sister-Sister
39,48,Male,Male,No,Single,14.2,Roommate,Roommate,Unrelated
45,46,Male,Female,Yes,Married,24.7,Husband,Wife,Husband-Wife
58,59,Female,Female,Yes,Single,24.7,Sister,Sister,Sister-Sister
82,31,Male,Male,Yes,Widowed,15.5,Grandfather,Grandson,Grandfather-Grandson
63,23,Male,Male,Yes,Widowed,24.5,Father,Son,Father-Son
59,64,Male,Male,Yes,Single,21.8,Brother,Brother,Brother-Brother
57,14,Female,Male,Yes,Married,27.0,Grandmother,Grandson,Grandmother-Grandson
62,12,Male,Female,Yes,Single,19.7,Father,Daughter,Father-Daughter
33,15,Male,Female,Yes,Divorced,28.3,Father,Daughter,Father-Daughter
81,6,Female,Female,Yes,Widowed,11.9,Grandmother,Granddaughter,Grandmother-Granddaughter
35,6,Female,Female,Yes,Widowed,19.6,Mother,Daughter,Mother-Daughter
33,34,Male,Female,Yes,Single,11.9,Brother,Sister,Brother-Sister
34,9,Female,Female,Yes,Single,21.6,Mother,Daughter,Mother-Daughter
65,32,Male,Female,Yes,Single,26.1,Father,Daughter,Father-Daughter
34,3,Male,Female,Yes,Divorced,12.8,Father,Daughter,Father-Daughter
17,12,Female,Female,Yes,Single,22.4,Sister,Sister,Sister-Sister
27,9,Female,Male,Yes,Single,23.0,Mother,Son,Mother-Son
6,7,Male,Female,Yes,Single,0.5,Brother,Sister,Brother-Sister
35,11,Male,Female,Yes,Married,17.6,Father,Daughter,Father-Daughter
47,57,Female,Female,Yes,Single,8.1,Sister,Sister,Sister-Sister
47,39,Female,Female,Yes,Single,13.6,Sister,Sister,Sister-Sister
48,27,Female,Male,Yes,Divorced,16.9,Mother,Son,Mother-Son
70,35,Male,Male,Yes,Divorced,16.5,Grandfather,Grandson,Grandfather-Grandson
28,9,Male,Male,Yes,Widowed,17.9,Father,Son,Father-Son
90,34,Male,Female,Yes,Single,26.9,Grandfather,Granddaughter,Grandfather-Granddaughter
62,56,Female,Male,No,Single,26.6,Roommate,Roommate,Unrelated
9,17,Male,Male,Yes,Single,3.8,Brother,Brother,Brother-Brother
21,27,Male,Female,Yes,Single,15.6,Brother,Sister,Brother-Sister
82,16,Female,Male,Yes,Single,25.1,Grandmother,Grandson,Grandmother-Grandson
31,1,Male,Female,Yes,Married,5.3,Father,Daughter,Father-Daughter
39,19,Male,Female,Yes,Single,21.4,Father,Daughter,Father-Daughter
68,56,Male,Female,Yes,Married,26.3,Husband,Wife,Husband-Wife
52,10,Male,Female,Yes,Married,0.9,Father,Daughter,Father-Daughter
17,25,Female,Female,Yes,Single,14.9,Sister,Sister,Sister-Sister
30,20,Male,Female,Yes,Single,5.3,Brother,Sister,Brother-Sister
32,25,Male,Female,Yes,Single,10.5,Brother,Sister,Brother-Sister
63,10,Female,Female,Yes,Married,4.3,Grandmother,Granddaughter,Grandmother-Granddaughter
9,16,Male,Male,Yes,Single,28.3,Brother,Brother,Brother-Brother
31,37,Male,Male,Yes,Single,29.1,Brother,Brother,Brother-Brother
61,0,Female,Male,Yes,Married,5.2,Grandmother,Grandson,Grandmother-Grandson
65,21,Female,Female,Yes,Married,28.5,Grandmother,Granddaughter,Grandmother-Granddaughter
52,20,Female,Female,No,Single,1.4,Roommate,Roommate,Unrelated
64,2,Female,Female,Yes,Divorced,6.5,Grandmother,Granddaughter,Grandmother-Granddaughter
32,34,Male,Female,Yes,Single,20.8,Brother,Sister,Brother-Sister
7,12,Male,Female,Yes,Single,25.6,Brother,Sister,Brother-Sister
36,66,Female,Male,No,Single,5.2,Roommate,Roommate,Unrelated
40,3,Female,Female,Yes,Married,18.3,Mother,Daughter,Mother-Daughter
51,60,Female,Female,Yes,Single,9.8,Sister,Sister,Sister-Sister
49,23,Female,Male,Yes,Married,26.8,Mother,Son,Mother-Son
66,21,Male,Male,Yes,Single,24.9,Grandfather,Grandson,Grandfather-Grandson
47,59,Male,Female,Yes,Married,29.0,Husband,Wife,Husband-Wife
51,11,Female,Female,Yes,Married,23.4,Mother,Daughter,Mother-Daughter
70,16,Female,Female,Yes,Divorced,15.3,Grandmother,Granddaughter,Grandmother-Granddaughter
11,3,Male,Male,Yes,Single,17.6,Brother,Brother,Brother-Brother
27,18,Female,Female,Yes,Single,17.7,Sister,Sister,Sister-Sister
35,13,Male,Female,Yes,Divorced,1.6,Father,Daughter,Father-Daughter
27,32,Female,Female,Yes,Single,22.4,Sister,Sister,Sister-Sister
73,23,Male,Female,Yes,Widowed,6.1,Grandfather,Granddaughter,Grandfather-Granddaughter
35,38,Male,Female,Yes,Married,25.2,Husband,Wife,Husband-Wife
59,7,Male,Female,Yes,Married,12.2,Grandfather,Granddaughter,Grandfather-Granddaughter
84,3,Male,Male,Yes,Widowed,26.5,Grandfather,Grandson,Grandfather-Grandson
47,45,Female,Female,Yes,Single,26.0,Sister,Sister,Sister-Sister
28,19,Male,Female,Yes,Married,4.7,Husband,Wife,Husband-Wife
36,3,Female,Male,Yes,Single,24.1,Mother,Son,Mother-Son
80,14,Male,Male,Yes,Married,18.4,Grandfather,Grandson,Grandfather-Grandson
12,15,Male,Female,Yes,Single,3.4,Brother,Sister,Brother-Sister
43,24,Male,Male,Yes,Widowed,15.3,Father,Son,Father-Son
66,20,Female,Female,Yes,Divorced,0.6,Grandmother,Granddaughter,Grandmother-Granddaughter
70,52,Male,Male,Yes,Single,9.0,Father,Son,Father-Son
77,26,Male,Female,Yes,Widowed,8.2,Grandfather,Granddaughter,Grandfather-Granddaughter
72,4,Female,Male,Yes,Widowed,22.4,Grandmother,Grandson,Grandmother-Grandson
64,32,Female,Female,Yes,Divorced,19.0,Mother,Daughter,Mother-Daughter
36,47,Male,Female,Yes,Married,19.3,Husband,Wife,Husband-Wife
68,15,Female,Male,Yes,Married,0.9,Grandmother,Grandson,Grandmother-Grandson
57,20,Male,Male,Yes,Widowed,2.4,Grandfather,Grandson,Grandfather-Grandson
60,3,Female,Female,Yes,Single,25.5,Mother,Daughter,Mother-Daughter
57,53,Female,Female,Yes,Single,14.8,Sister,Sister,Sister-Sister
52,28,Female,Female,Yes,Divorced,16.8,Mother,Daughter,Mother-Daughter
43,13,Female,Female,Yes,Single,12.1,Mother,Daughter,Mother-Daughter
56,63,Female,Female,Yes,Single,4.8,Sister,Sister,Sister-Sister
23,59,Male,Male,No,Single,12.4,Roommate,Roommate,Unrelated
78,1,Female,Female,Yes,Widowed,26.3,Grandmother,Granddaughter,Grandmother-Granddaughter
68,9,Male,Female,Yes,Divorced,0.7,Father,Daughter,Father-Daughter
64,43,Male,Male,Yes,Divorced,10.1,Father,Son,Father-Son
60,11,Female,Female,Yes,Single,16.2,Grandmother,Granddaughter,Grandmother-Granddaughter
54,14,Female,Female,Yes,Divorced,26.7,Grandmother,Granddaughter,Grandmother-Granddaughter
53,4,Female,Male,Yes,Single,9.6,Grandmother,Grandson,Grandmother-Grandson
54,12,Female,Male,Yes,Married,13.6,Mother,Son,Mother-Son
18,15,Female,Female,Yes,Single,17.3,Sister,Sister,Sister-Sister
39,37,Male,Female,Yes,Single,28.3,Brother,Sister,Brother-Sister
77,37,Female,Female,Yes,Single,0.5,Grandmother,Granddaughter,Grandmother-Granddaughter
23,27,Male,Female,Yes,Married,25.8,Husband,Wife,Husband-Wife
34,0,Male,Female,Yes,Widowed,12.2,Father,Daughter,Father-Daughter
69,12,Male,Female,Yes,Divorced,7.5,Father,Daughter,Father-Daughter
41,9,Female,Female,Yes,Divorced,18.9,Mother,Daughter,Mother-Daughter
36,15,Female,Male,Yes,Widowed,8.9,Mother,Son,Mother-Son
67,1,Male,Male,Yes,Divorced,22.8,Grandfather,Grandson,Grandfather-Grandson
64,61,Male,Female,Yes,Married,23.5,Husband,Wife,Husband-Wife
57,20,Male,Male,Yes,Widowed,28.7,Father,Son,Father-Son
70,18,Male,Female,Yes,Divorced,7.0,Father,Daughter,Father-Daughter
46,2,Female,Female,Yes,Married,1.6,Mother,Daughter,Mother-Daughter
44,18,Female,Female,Yes,Divorced,16.6,Mother,Daughter,Mother-Daughter
56,57,Male,Male,Yes,Single,18.6,Brother,Brother,Brother-Brother
54,17,Female,Male,Yes,Widowed,4.7,Grandmother,Grandson,Grandmother-Grandson
50,10,Male,Male,Yes,Widowed,11.5,Grandfather,Grandson,Grandfather-Grandson
70,25,Male,Male,Yes,Married,16.0,Grandfather,Grandson,Grandfather-Grandson
69,31,Female,Female,Yes,Married,16.5,Grandmother,Granddaughter,Grandmother-Granddaughter
64,20,Male,Male,Yes,Married,3.9,Grandfather,Grandson,Grandfather-Grandson
62,56,Female,Female,No,Single,22.5,Roommate,Roommate,Unrelated
60,3,Male,Female,Yes,Widowed,8.2,Father,Daughter,Father-Daughter
31,26,Female,Female,Yes,Single,23.6,Sister,Sister,Sister-Sister
49,25,Female,Female,Yes,Divorced,13.0,Mother,Daughter,Mother-Daughter
21,15,Male,Female,Yes,Single,12.3,Brother,Sister,Brother-Sister
70,15,Female,Male,Yes,Married,4.3,Grandmother,Grandson,Grandmother-Grandson
63,18,Female,Female,Yes,Divorced,4.8,Grandmother,Granddaughter,Grandmother-Granddaughter
14,18,Male,Male,Yes,Single,29.1,Brother,Brother,Brother-Brother
38,33,Female,Female,Yes,Single,28.8,Sister,Sister,Sister-Sister
43,6,Male,Male,Yes,Single,0.6,Father,Son,Father-Son
36,40,Male,Male,Yes,Single,10.4,Brother,Brother,Brother-Brother
32,1,Female,Female,Yes,Widowed,18.0,Mother,Daughter,Mother-Daughter
59,54,Male,Female,Yes,Single,5.3,Brother,Sister,Brother-Sister
50,44,Female,Female,Yes,Single,29.3,Sister,Sister,Sister-Sister
62,13,Male,Female,Yes,Married,21.1,Father,Daughter,Father-Daughter
77,19,Female,Female,Yes,Divorced,10.1,Grandmother,Granddaughter,Grandmother-Granddaughter
39,9,Male,Male,Yes,Widowed,11.1,Father,Son,Father-Son
34,15,Female,Male,Yes,Single,25.7,Mother,Son,Mother-Son
58,28,Male,Male,Yes,Married,28.1,Father,Son,Father-Son
58,0,Male,Male,Yes,Single,9.8,Grandfather,Grandson,Grandfather-Grandson
41,22,Male,Male,No,Single,4.6,Roommate,Roommate,Unrelated
28,5,Male,Female,Yes,Widowed,19.2,Father,Daughter,Father-Daughter
34,57,Female,Male,Yes,Single,17.0,Roommate,Roommate,Unrelated
70,78,Male,Female,Yes,Married,13.9,Husband,Wife,Husband-Wife
59,38,Female,Male,Yes,Married,18.3,Mother,Son,Mother-Son
58,20,Female,Female,No,Single,8.8,Roommate,Roommate,Unrelated
62,69,Male,Female,Yes,Married,12.3,Husband,Wife,Husband-Wife
58,6,Female,Male,Yes,Widowed,16.4,Grandmother,Grandson,Grandmother-Grandson
27,33,Male,Female,No,Single,0.9,Roommate,Roommate,Unrelated
71,18,Female,Male,Yes,Married,1.4,Grandmother,Grandson,Grandmother-Grandson
53,1,Male,Male,Yes,Single,26.7,Father,Son,Father-Son
58,3,Female,Female,Yes,Single,14.6,Grandmother,Granddaughter,Grandmother-Granddaughter
87,17,Male,Male,Yes,Widowed,26.9,Grandfather,Grandson,Grandfather-Grandson
62,67,Male,Female,No,Single,17.2,Roommate,Roommate,Unrelated
46,18,Male,Female,Yes,Married,6.0,Father,Daughter,Father-Daughter
54,3,Male,Male,Yes,Single,15.8,Father,Son,Father-Son
71,2,Male,Female,Yes,Divorced,9.6,Grandfather,Granddaughter,Grandfather-Granddaughter
59,63,Male,Female,Yes,Single,2.9,Brother,Sister,Brother-Sister
56,9,Male,Male,Yes,Married,19.0,Grandfather,Grandson,Grandfather-Grandson
70,60,Male,Female,Yes,Married,13.2,Husband,Wife,Husband-Wife
30,20,Male,Male,Yes,Single,21.0,Brother,Brother,Brother-Brother
41,67,Male,Male,No,Single,12.1,Roommate,Roommate,Unrelated
35,8,Female,Female,Yes,Married,9.2,Mother,Daughter,Mother-Daughter
38,36,Male,Female,Yes,Single,17.5,Brother,Sister,Brother-Sister
35,8,Female,Female,Yes,Single,29.8,Mother,Daughter,Mother-Daughter
67,28,Male,Male,Yes,Single,10.3,Grandfather,Grandson,Grandfather-Grandson
86,9,Male,Male,Yes,Single,12.9,Grandfather,Grandson,Grandfather-Grandson
40,34,Male,Male,No,Single,20.8,Roommate,Roommate,Unrelated
35,0,Female,Female,Yes,Single,23.3,Mother,Daughter,Mother-Daughter
20,20,Male,Male,Yes,Single,18.1,Brother,Brother,Brother-Brother
55,20,Female,Male,Yes,Married,12.1,Grandmother,Grandson,Grandmother-Grandson
10,13,Male,Female,Yes,Single,12.0,Brother,Sister,Brother-Sister
42,2,Male,Male,Yes,Single,4.7,Father,Son,Father-Son
85,4,Female,Male,Yes,Married,14.0,Grandmother,Grandson,Grandmother-Grandson
59,12,Male,Male,Yes,Divorced,2.3,Father,Son,Father-Son
32,3,Male,Female,Yes,Married,8.3,Father,Daughter,Father-Daughter
23,25,Male,Male,Yes,Single,6.5,Brother,Brother,Brother-Brother
27,23,Male,Male,Yes,Single,3.3,Brother,Brother,Brother-Brother
16,20,Male,Male,Yes,Single,23.4,Brother,Brother,Brother-Brother
34,9,Male,Female,Yes,Widowed,27.5,Father,Daughter,Father-Daughter
39,56,Male,Female,Yes,Single,11.0,Roommate,Roommate,Unrelated
61,5,Female,Female,Yes,Divorced,10.0,Mother,Daughter,Mother-Daughter
63,66,Male,Female,Yes,Married,7.9,Husband,Wife,Husband-Wife
78,27,Male,Male,Yes,Divorced,22.3,Grandfather,Grandson,Grandfather-Grandson
68,11,Male,Male,Yes,Married,11.4,Father,Son,Father-Son
64,21,Female,Male,Yes,Widowed,29.3,Mother,Son,Mother-Son
43,5,Female,Male,Yes,Divorced,19.2,Mother,Son,Mother-Son
57,34,Male,Female,Yes,Divorced,12.3,Father,Daughter,Father-Daughter
31,25,Male,Male,Yes,Single,5.5,Brother,Brother,Brother-Brother
44,46,Female,Female,Yes,Single,11.7,Sister,Sister,Sister-Sister
39,7,Male,Female,Yes,Single,18.4,Father,Daughter,Father-Daughter
62,9,Female,Male,Yes,Widowed,11.0,Grandmother,Grandson,Grandmother-Grandson
33,29,Female,Female,Yes,Single,9.4,Sister,Sister,Sister-Sister
9,10,Female,Female,Yes,Single,16.0,Sister,Sister,Sister-Sister
26,37,Male,Female,Yes,Married,9.6,Husband,Wife,Husband-Wife
32,27,Male,Male,Yes,Single,13.8,Brother,Brother,Brother-Brother
88,49,Male,Female,Yes,Widowed,28.9,Grandfather,Granddaughter,Grandfather-Granddaughter
37,4,Female,Male,Yes,Widowed,3.8,Mother,Son,Mother-Son
58,33,Male,Female,Yes,Single,24.9,Father,Daughter,Father-Daughter
82,17,Female,Male,Yes,Single,24.8,Grandmother,Grandson,Grandmother-Grandson
17,15,Male,Male,Yes,Single,17.2,Brother,Brother,Brother-Brother
58,23,Female,Female,Yes,Single,24.3,Grandmother,Granddaughter,Grandmother-Granddaughter
29,30,Male,Female,No,Single,6.8,Roommate,Roommate,Unrelated
79,34,Male,Male,Yes,Single,4.1,Grandfather,Grandson,Grandfather-Grandson
41,35,Male,Female,Yes,Single,3.0,Brother,Sister,Brother-Sister
68,26,Male,Male,Yes,Widowed,29.1,Father,Son,Father-Son
52,16,Male,Female,Yes,Single,13.4,Father,Daughter,Father-Daughter
45,51,Male,Female,Yes,Single,1.7,Brother,Sister,Brother-Sister
58,70,Male,Female,Yes,Married,27.3,Husband,Wife,Husband-Wife
30,0,Female,Female,Yes,Widowed,15.3,Mother,Daughter,Mother-Daughter
75,37,Female,Male,Yes,Married,9.2,Grandmother,Grandson,Grandmother-Grandson
73,17,Male,Female,Yes,Married,23.5,Grandfather,Granddaughter,Grandfather-Granddaughter
84,43,Male,Male,Yes,Married,28.6,Grandfather,Grandson,Grandfather-Grandson
68,69,Male,Female,No,Single,9.2,Roommate,Roommate,Unrelated
56,7,Female,Female,Yes,Widowed,21.6,Mother,Daughter,Mother-Daughter
34,10,Male,Female,Yes,Single,4.1,Father,Daughter,Father-Daughter
55,50,Female,Female,Yes,Single,13.5,Sister,Sister,Sister-Sister
75,26,Female,Male,Yes,Married,6.3,Grandmother,Grandson,Grandmother-Grandson
40,11,Female,Female,Yes,Widowed,8.9,Mother,Daughter,Mother-Daughter
56,57,Male,Female,Yes,Single,11.0,Brother,Sister,Brother-Sister
57,4,Female,Male,Yes,Married,21.0,Grandmother,Grandson,Grandmother-Grandson
66,10,Female,Female,Yes,Divorced,19.8,Grandmother,Granddaughter,Grandmother-Granddaughter
59,55,Male,Female,Yes,Single,16.7,Brother,Sister,Brother-Sister
50,8,Male,Female,Yes,Divorced,11.5,Grandfather,Granddaughter,Grandfather-Granddaughter
55,16,Male,Male,Yes,Divorced,19.7,Grandfather,Grandson,Grandfather-Grandson
40,28,Male,Female,Yes,Married,11.1,Husband,Wife,Husband-Wife
58,49,Male,Male,Yes,Single,2.8,Brother,Brother,Brother-Brother
47,54,Female,Female,Yes,Single,27.3,Sister,Sister,Sister-Sister
32,36,Male,Female,Yes,Married,8.5,Husband,Wife,Husband-Wife
54,49,Male,Male,Yes,Single,25.4,Brother,Brother,Brother-Brother
49,6,Male,Female,Yes,Married,29.0,Father,Daughter,Father-Daughter
12,12,Male,Female,Yes,Single,15.8,Brother,Sister,Brother-Sister
64,26,Female,Female,Yes,Single,9.4,Mother,Daughter,Mother-Daughter
8,7,Male,Male,Yes,Single,14.6,Brother,Brother,Brother-Brother
40,2,Female,Male,Yes,Married,6.8,Mother,Son,Mother-Son
18,43,Male,Male,No,Single,19.6,Roommate,Roommate,Unrelated
48,5,Male,Male,Yes,Single,19.1,Father,Son,Father-Son
19,23,Female,Female,Yes,Single,25.4,Sister,Sister,Sister-Sister
70,33,Male,Male,No,Single,21.1,Roommate,Roommate,Unrelated
29,2,Female,Female,Yes,Married,24.4,Mother,Daughter,Mother-Daughter
75,29,Male,Male,Yes,Single,9.2,Grandfather,Grandson,Grandfather-Grandson
74,4,Male,Male,Yes,Divorced,14.3,Grandfather,Grandson,Grandfather-Grandson
40,7,Male,Male,Yes,Widowed,8.6,Father,Son,Father-Son
68,25,Female,Male,Yes,Widowed,26.1,Grandmother,Grandson,Grandmother-Grandson
36,3,Male,Male,Yes,Divorced,2.5,Father,Son,Father-Son
35,28,Female,Female,Yes,Single,17.0,Sister,Sister,Sister-Sister
59,60,Female,Female,Yes,Single,4.1,Sister,Sister,Sister-Sister
64,2,Male,Male,Yes,Single,19.9,Father,Son,Father-Son
74,3,Female,Female,Yes,Married,28.8,Grandmother,Granddaughter,Grandmother-Granddaughter
36,14,Female,Male,Yes,Single,24.2,Mother,Son,Mother-Son
31,4,Male,Male,Yes,Divorced,12.3,Father,Son,Father-Son
67,21,Female,Female,Yes,Widowed,25.9,Grandmother,Granddaughter,Grandmother-Granddaughter
60,54,Female,Female,Yes,Single,9.8,Sister,Sister,Sister-Sister
55,16,Male,Female,Yes,Widowed,26.9,Grandfather,Granddaughter,Grandfather-Granddaughter
84,27,Female,Female,Yes,Widowed,6.8,Grandmother,Granddaughter,Grandmother-Granddaughter
22,19,Male,Female,Yes,Married,24.0,Husband,Wife,Husband-Wife
48,42,Male,Female,Yes,Married,7.6,Husband,Wife,Husband-Wife
60,18,Female,Male,Yes,Widowed,19.9,Grandmother,Grandson,Grandmother-Grandson
31,35,Female,Female,No,Single,6.3,Roommate,Roommate,Unrelated
65,57,Male,Female,Yes,Married,24.3,Husband,Wife,Husband-Wife
64,22,Male,Female,Yes,Married,6.6,Grandfather,Granddaughter,Grandfather-Granddaughter
37,41,Male,Female,Yes,Married,7.5,Husband,Wife,Husband-Wife
28,4,Female,Female,Yes,Married,5.4,Mother,Daughter,Mother-Daughter
59,14,Male,Female,Yes,Divorced,16.5,Grandfather,Granddaughter,Grandfather-Granddaughter
27,37,Male,Female,Yes,Single,18.2,Brother,Sister,Brother-Sister
71,0,Male,Male,Yes,Married,23.9,Grandfather,Grandson,Grandfather-Grandson
54,23,Female,Male,Yes,Married,14.7,Mother,Son,Mother-Son
62,7,Female,Male,Yes,Divorced,12.7,Grandmother,Grandson,Grandmother-Grandson
40,19,Female,Male,Yes,Single,7.2,Mother,Son,Mother-Son
59,28,Female,Male,No,Single,18.1,Roommate,Roommate,Unrelated
53,3,Female,Female,Yes,Single,4.5,Grandmother,Granddaughter,Grandmother-Granddaughter
42,40,Male,Female,Yes,Married,28.8,Husband,Wife,Husband-Wife
62,21,Male,Male,Yes,Divorced,14.4,Grandfather,Grandson,Grandfather-Grandson
50,1,Female,Male,Yes,Divorced,7.2,Grandmother,Grandson,Grandmother-Grandson
60,12,Male,Male,Yes,Widowed,12.1,Grandfather,Grandson,Grandfather-Grandson
36,37,Male,Female,Yes,Single,20.5,Brother,Sister,Brother-Sister
56,38,Female,Female,Yes,Divorced,25.7,Mother,Daughter,Mother-Daughter
49,6,Female,Male,Yes,Married,12.4,Mother,Son,Mother-Son
15,21,Male,Female,Yes,Single,26.3,Brother,Sister,Brother-Sister
44,23,Female,Male,Yes,Divorced,17.4,Mother,Son,Mother-Son
38,13,Male,Female,Yes,Single,1.3,Father,Daughter,Father-Daughter
67,23,Male,Female,Yes,Divorced,28.0,Grandfather,Granddaughter,Grandfather-Granddaughter
33,10,Female,Female,Yes,Single,7.9,Mother,Daughter,Mother-Daughter
28,8,Female,Male,Yes,Divorced,7.0,Mother,Son,Mother-Son
81,46,Male,Male,Yes,Single,14.2,Grandfather,Grandson,Grandfather-Grandson
82,2,Male,Male,Yes,Married,2.8,Grandfather,Grandson,Grandfather-Grandson
58,22,Male,Male,Yes,Single,23.2,Father,Son,Father-Son
55,32,Female,Male,Yes,Single,6.1,Roommate,Roommate,Unrelated
44,16,Male,Male,Yes,Married,6.3,Father,Son,Father-Son
57,20,Male,Female,Yes,Divorced,2.0,Grandfather,Granddaughter,Grandfather-Granddaughter
58,49,Male,Female,Yes,Single,1.8,Brother,Sister,Brother-Sister
53,15,Female,Female,Yes,Married,16.6,Mother,Daughter,Mother-Daughter
42,1,Male,Male,Yes,Single,15.7,Father,Son,Father-Son
17,12,Male,Female,Yes,Single,14.9,Brother,Sister,Brother-Sister
50,5,Female,Male,Yes,Single,23.3,Grandmother,Grandson,Grandmother-Grandson
62,29,Female,Female,Yes,Divorced,11.3,Mother,Daughter,Mother-Daughter
83,47,Male,Female,Yes,Married,19.3,Grandfather,Granddaughter,Grandfather-Granddaughter
50,57,Female,Female,Yes,Single,14.7,Sister,Sister,Sister-Sister
62,61,Male,Female,Yes,Married,26.0,Husband,Wife,Husband-Wife
52,11,Male,Male,Yes,Widowed,12.7,Grandfather,Grandson,Grandfather-Grandson
59,61,Male,Male,Yes,Single,26.2,Brother,Brother,Brother-Brother
30,39,Male,Female,Yes,Single,29.7,Brother,Sister,Brother-Sister
36,33,Male,Female,Yes,Single,26.6,Brother,Sister,Brother-Sister
90,13,Male,Female,Yes,Divorced,29.0,Grandfather,Granddaughter,Grandfather-Granddaughter
68,31,Male,Male,Yes,Widowed,15.9,Father,Son,Father-Son
46,48,Male,Male,Yes,Single,1.1,Brother,Brother,Brother-Brother
49,14,Female,Female,Yes,Widowed,4.1,Mother,Daughter,Mother-Daughter
18,13,Male,Female,Yes,Single,12.2,Brother,Sister,Brother-Sister
22,18,Male,Female,Yes,Married,14.8,Husband,Wife,Husband-Wife
16,14,Male,Female,Yes,Single,20.3,Brother,Sister,Brother-Sister
70,3,Male,Male,Yes,Single,26.9,Grandfather,Grandson,Grandfather-Grandson
67,40,Male,Male,Yes,Widowed,23.8,Father,Son,Father-Son
35,15,Male,Female,Yes,Single,29.2,Father,Daughter,Father-Daughter
30,68,Male,Male,No,Single,0.6,Roommate,Roommate,Unrelated
85,3,Male,Female,Yes,Widowed,16.2,Grandfather,Granddaughter,Grandfather-Granddaughter
75,29,Female,Female,Yes,Divorced,25.7,Grandmother,Granddaughter,Grandmother-Granddaughter
62,3,Male,Female,Yes,Widowed,15.8,Grandfather,Granddaughter,Grandfather-Granddaughter
13,5,Female,Female,Yes,Single,2.1,Sister,Sister,Sister-Sister
50,50,Male,Female,Yes,Single,15.2,Brother,Sister,Brother-Sister
51,21,Male,Male,Yes,Widowed,8.1,Father,Son,Father-Son
70,16,Male,Male,Yes,Divorced,3.0,Father,Son,Father-Son
76,6,Female,Female,Yes,Single,1.0,Grandmother,Granddaughter,Grandmother-Granddaughter
15,17,Female,Female,Yes,Single,5.1,Sister,Sister,Sister-Sister
52,59,Male,Female,Yes,Married,12.1,Husband,Wife,Husband-Wife
54,55,Male,Male,Yes,Single,9.1,Brother,Brother,Brother-Brother
59,2,Male,Female,Yes,Widowed,13.7,Father,Daughter,Father-Daughter
41,17,Female,Female,Yes,Divorced,15.4,Mother,Daughter,Mother-Daughter
42,9,Male,Female,Yes,Married,4.2,Father,Daughter,Father-Daughter
40,19,Female,Male,Yes,Single,19.3,Mother,Son,Mother-Son
7,7,Male,Female,Yes,Single,20.0,Brother,Sister,Brother-Sister
26,29,Male,Female,Yes,Married,14.8,Husband,Wife,Husband-Wife
21,31,Female,Female,Yes,Single,11.9,Sister,Sister,Sister-Sister
58,6,Female,Male,Yes,Single,2.2,Mother,Son,Mother-Son
22,15,Male,Male,Yes,Single,19.6,Brother,Brother,Brother-Brother
16,19,Male,Male,Yes,Single,7.4,Brother,Brother,Brother-Brother
53,56,Male,Female,Yes,Single,9.5,Brother,Sister,Brother-Sister
6,15,Male,Male,Yes,Single,18.1,Brother,Brother,Brother-Brother
82,27,Male,Male,Yes,Single,27.4,Grandfather,Grandson,Grandfather-Grandson
34,13,Female,Male,Yes,Single,16.2,Mother,Son,Mother-Son
47,10,Male,Female,Yes,Divorced,10.6,Father,Daughter,Father-Daughter
39,1,Male,Female,Yes,Single,26.2,Father,Daughter,Father-Daughter
77,31,Female,Female,Yes,Single,13.9,Grandmother,Granddaughter,Grandmother-Granddaughter
13,22,Male,Female,Yes,Single,20.0,Brother,Sister,Brother-Sister
49,10,Female,Female,Yes,Widowed,2.0,Mother,Daughter,Mother-Daughter
18,21,Female,Female,Yes,Single,14.5,Sister,Sister,Sister-Sister
65,35,Male,Male,Yes,Single,11.0,Father,Son,Father-Son
63,36,Male,Male,Yes,Divorced,14.1,Father,Son,Father-Son
38,48,Male,Female,Yes,Single,24.0,Brother,Sister,Brother-Sister
56,11,Female,Male,Yes,Divorced,24.6,Mother,Son,Mother-Son
40,22,Female,Male,Yes,Widowed,5.9,Mother,Son,Mother-Son
20,29,Male,Female,Yes,Married,4.1,Husband,Wife,Husband-Wife
80,38,Female,Male,Yes,Widowed,29.2,Grandmother,Grandson,Grandmother-Grandson
54,50,Male,Female,Yes,Single,24.8,Brother,Sister,Brother-Sister
66,29,Male,Male,Yes,Married,22.8,Grandfather,Grandson,Grandfather-Grandson
63,0,Male,Male,Yes,Single,21.4,Grandfather,Grandson,Grandfather-Grandson
54,31,Male,Male,Yes,Married,9.7,Father,Son,Father-Son
61,0,Female,Male,Yes,Married,25.9,Grandmother,Grandson,Grandmother-Grandson
40,9,Male,Female,Yes,Married,3.6,Father,Daughter,Father-Daughter
60,0,Female,Male,Yes,Single,1.8,Mother,Son,Mother-Son
29,9,Female,Female,Yes,Married,12.6,Mother,Daughter,Mother-Daughter
18,20,Female,Female,Yes,Single,25.6,Sister,Sister,Sister-Sister
30,2,Male,Male,Yes,Single,27.9,Father,Son,Father-Son
9,19,Male,Female,Yes,Single,11.1,Brother,Sister,Brother-Sister
56,32,Male,Male,Yes,Single,20.3,Father,Son,Father-Son
60,64,Female,Female,Yes,Single,11.4,Sister,Sister,Sister-Sister
45,40,Female,Female,Yes,Single,18.2,Sister,Sister,Sister-Sister
35,9,Female,Female,Yes,Single,9.2,Mother,Daughter,Mother-Daughter
48,12,Female,Female,Yes,Single,2.5,Mother,Daughter,Mother-Daughter
72,31,Male,Female,Yes,Divorced,22.5,Grandfather,Granddaughter,Grandfather-Granddaughter
38,1,Male,Female,Yes,Divorced,21.6,Father,Daughter,Father-Daughter
66,2,Male,Male,Yes,Single,3.9,Grandfather,Grandson,Grandfather-Grandson
34,25,Male,Female,Yes,Single,22.0,Brother,Sister,Brother-Sister
39,15,Male,Male,Yes,Single,11.1,Father,Son,Father-Son
54,17,Female,Female,Yes,Widowed,21.2,Mother,Daughter,Mother-Daughter
53,41,Male,Female,Yes,Single,15.6,Roommate,Roommate,Unrelated
69,46,Male,Female,Yes,Single,17.6,Father,Daughter,Father-Daughter
90,15,Female,Female,Yes,Divorced,12.2,Grandmother,Granddaughter,Grandmother-Granddaughter
79,23,Male,Female,Yes,Widowed,29.1,Grandfather,Granddaughter,Grandfather-Granddaughter
48,7,Female,Male,Yes,Single,27.9,Mother,Son,Mother-Son
57,17,Female,Female,Yes,Widowed,19.0,Mother,Daughter,Mother-Daughter
60,66,Female,Male,No,Single,5.7,Roommate,Roommate,Unrelated
80,12,Male,Female,Yes,Widowed,26.1,Grandfather,Granddaughter,Grandfather-Granddaughter
41,32,Male,Female,Yes,Married,29.9,Husband,Wife,Husband-Wife
60,4,Female,Male,Yes,Married,24.2,Mother,Son,Mother-Son
39,33,Male,Female,Yes,Married,16.1,Husband,Wife,Husband-Wife
52,22,Female,Female,Yes,Single,28.6,Mother,Daughter,Mother-Daughter
27,5,Female,Male,Yes,Single,8.6,Mother,Son,Mother-Son
30,19,Male,Female,Yes,Married,9.2,Husband,Wife,Husband-Wife
70,14,Female,Female,Yes,Single,5.7,Grandmother,Granddaughter,Grandmother-Granddaughter
38,46,Female,Female,Yes,Single,2.1,Sister,Sister,Sister-Sister
61,38,Female,Male,Yes,Single,25.3,Mother,Son,Mother-Son
43,0,Female,Male,Yes,Married,23.0,Mother,Son,Mother-Son
26,36,Male,Male,Yes,Single,29.5,Brother,Brother,Brother-Brother
36,17,Male,Male,Yes,Divorced,21.3,Father,Son,Father-Son
84,31,Male,Female,Yes,Widowed,16.5,Grandfather,Granddaughter,Grandfather-Granddaughter
90,55,Female,Female,Yes,Widowed,20.0,Grandmother,Granddaughter,Grandmother-Granddaughter
57,58,Male,Female,Yes,Married,17.3,Husband,Wife,Husband-Wife
52,46,Male,Male,Yes,Single,29.7,Brother,Brother,Brother-Brother
85,15,Female,Female,Yes,Single,18.5,Grandmother,Granddaughter,Grandmother-Granddaughter
53,57,Male,Female,Yes,Single,22.9,Brother,Sister,Brother-Sister
62,53,Male,Female,No,Single,3.7,Roommate,Roommate,Unrelated
52,33,Female,Male,Yes,Single,8.0,Mother,Son,Mother-Son
65,26,Female,Male,Yes,Single,10.4,Grandmother,Grandson,Grandmother-Grandson
40,46,Male,Female,Yes,Married,5.3,Husband,Wife,Husband-Wife
88,36,Male,Male,Yes,Widowed,16.9,Grandfather,Grandson,Grandfather-Grandson
59,58,Male,Female,Yes,Married,5.5,Husband,Wife,Husband-Wife
56,67,Male,Female,No,Single,10.9,Roommate,Roommate,Unrelated
65,3,Female,Male,Yes,Divorced,20.0,Mother,Son,Mother-Son
38,41,Male,Male,Yes,Single,9.6,Brother,Brother,Brother-Brother
64,41,Male,Male,Yes,Widowed,14.2,Father,Son,Father-Son
61,8,Male,Female,Yes,Divorced,12.4,Grandfather,Granddaughter,Grandfather-Granddaughter
32,13,Female,Female,Yes,Widowed,26.1,Mother,Daughter,Mother-Daughter
82,35,Female,Male,Yes,Single,29.3,Grandmother,Grandson,Grandmother-Grandson
18,25,Male,Female,Yes,Single,9.0,Brother,Sister,Brother-Sister
67,69,Male,Female,No,Single,14.2,Roommate,Roommate,Unrelated
51,28,Female,Female,Yes,Divorced,8.8,Mother,Daughter,Mother-Daughter
70,43,Male,Male,Yes,Divorced,28.9,Father,Son,Father-Son
51,3,Male,Female,Yes,Widowed,18.1,Father,Daughter,Father-Daughter
69,6,Female,Female,Yes,Widowed,8.5,Grandmother,Granddaughter,Grandmother-Granddaughter
60,60,Female,Female,Yes,Single,15.2,Sister,Sister,Sister-Sister
46,43,Male,Female,Yes,Single,23.6,Brother,Sister,Brother-Sister
48,16,Female,Female,Yes,Single,2.0,Mother,Daughter,Mother-Daughter
24,19,Male,Male,Yes,Single,1.4,Brother,Brother,Brother-Brother
47,24,Female,Male,Yes,Widowed,3.7,Mother,Son,Mother-Son
87,48,Male,Male,Yes,Single,26.0,Grandfather,Grandson,Grandfather-Grandson
69,16,Female,Female,Yes,Divorced,3.8,Grandmother,Granddaughter,Grandmother-Granddaughter
37,14,Male,Male,Yes,Widowed,20.0,Father,Son,Father-Son
46,15,Female,Male,Yes,Married,17.2,Mother,Son,Mother-Son
57,3,Male,Female,Yes,Married,27.7,Father,Daughter,Father-Daughter
78,19,Male,Female,Yes,Single,4.0,Grandfather,Granddaughter,Grandfather-Granddaughter
43,42,Female,Male,No,Single,16.3,Roommate,Roommate,Unrelated
59,29,Male,Female,Yes,Single,28.5,Father,Daughter,Father-Daughter
35,11,Female,Male,Yes,Widowed,9.4,Mother,Son,Mother-Son
73,11,Female,Female,Yes,Married,12.6,Grandmother,Granddaughter,Grandmother-Granddaughter
56,4,Male,Male,Yes,Single,15.8,Grandfather,Grandson,Grandfather-Grandson
42,20,Female,Female,Yes,Single,24.3,Mother,Daughter,Mother-Daughter
62,11,Male,Male,Yes,Divorced,18.8,Grandfather,Grandson,Grandfather-Grandson
28,35,Male,Female,Yes,Single,20.0,Brother,Sister,Brother-Sister
42,18,Male,Female,Yes,Single,5.2,Father,Daughter,Father-Daughter
56,56,Male,Male,Yes,Single,15.5,Brother,Brother,Brother-Brother
64,31,Male,Male,No,Single,7.8,Roommate,Roommate,Unrelated
37,1,Male,Female,Yes,Divorced,15.2,Father,Daughter,Father-Daughter
38,41,Male,Female,Yes,Single,11.5,Brother,Sister,Brother-Sister
78,5,Female,Male,Yes,Married,26.9,Grandmother,Grandson,Grandmother-Grandson
68,23,Male,Male,Yes,Divorced,24.3,Grandfather,Grandson,Grandfather-Grandson
66,14,Male,Female,Yes,Widowed,14.9,Grandfather,Granddaughter,Grandfather-Granddaughter
42,47,Female,Female,Yes,Single,3.1,Sister,Sister,Sister-Sister
60,7,Female,Male,Yes,Widowed,1.2,Grandmother,Grandson,Grandmother-Grandson
65,18,Male,Male,Yes,Married,29.6,Grandfather,Grandson,Grandfather-Grandson
60,21,Male,Male,Yes,Single,20.9,Grandfather,Grandson,Grandfather-Grandson
63,2,Female,Female,Yes,Divorced,3.0,Grandmother,Granddaughter,Grandmother-Granddaughter
49,52,Male,Female,Yes,Single,24.6,Brother,Sister,Brother-Sister
29,66,Female,Male,No,Single,18.5,Roommate,Roommate,Unrelated
42,7,Female,Female,Yes,Single,26.2,Mother,Daughter,Mother-Daughter
90,31,Female,Female,Yes,Single,25.1,Grandmother,Granddaughter,Grandmother-Granddaughter
64,3,Male,Female,Yes,Divorced,7.3,Father,Daughter,Father-Daughter
36,12,Male,Female,Yes,Married,6.3,Father,Daughter,Father-Daughter
43,2,Female,Female,Yes,Married,21.2,Mother,Daughter,Mother-Daughter
41,17,Male,Female,Yes,Divorced,18.7,Father,Daughter,Father-Daughter
56,57,Male,Female,Yes,Single,26.1,Brother,Sister,Brother-Sister
29,34,Male,Female,Yes,Married,19.0,Husband,Wife,Husband-Wife
64,13,Female,Female,Yes,Married,17.8,Grandmother,Granddaughter,Grandmother-Granddaughter
45,41,Male,Female,Yes,Married,9.8,Husband,Wife,Husband-Wife
63,41,Male,Female,Yes,Widowed,17.6,Father,Daughter,Father-Daughter
27,28,Female,Male,No,Single,3.2,Roommate,Roommate,Unrelated
33,29,Female,Female,Yes,Single,12.4,Sister,Sister,Sister-Sister
61,22,Male,Male,Yes,Married,23.1,Grandfather,Grandson,Grandfather-Grandson
27,48,Male,Female,Yes,Single,20.7,Roommate,Roommate,Unrelated
47,55,Male,Male,Yes,Single,20.2,Brother,Brother,Brother-Brother
68,19,Female,Male,No,Single,0.5,Roommate,Roommate,Unrelated
19,12,Male,Male,Yes,Single,1.0,Brother,Brother,Brother-Brother
77,31,Female,Female,Yes,Single,7.2,Grandmother,Granddaughter,Grandmother-Granddaughter
51,10,Female,Male,Yes,Widowed,2.2,Mother,Son,Mother-Son
43,20,Male,Male,Yes,Single,3.4,Father,Son,Father-Son
86,38,Male,Female,Yes,Widowed,7.4,Grandfather,Granddaughter,Grandfather-Granddaughter
81,38,Female,Female,Yes,Divorced,10.0,Grandmother,Granddaughter,Grandmother-Granddaughter
46,49,Male,Female,Yes,Married,9.2,Husband,Wife,Husband-Wife
60,9,Female,Male,Yes,Divorced,7.6,Grandmother,Grandson,Grandmother-Grandson
23,26,Female,Female,Yes,Single,5.4,Sister,Sister,Sister-Sister
53,28,Male,Male,Yes,Widowed,4.3,Father,Son,Father-Son
10,9,Male,Male,Yes,Single,19.3,Brother,Brother,Brother-Brother
31,7,Female,Female,Yes,Widowed,19.5,Mother,Daughter,Mother-Daughter
25,35,Male,Male,Yes,Single,6.3,Brother,Brother,Brother-Brother
65,27,Male,Male,Yes,Divorced,29.0,Father,Son,Father-Son
53,17,Male,Male,Yes,Divorced,18.0,Father,Son,Father-Son
90,22,Male,Female,Yes,Married,2.8,Grandfather,Granddaughter,Grandfather-Granddaughter
13,12,Male,Female,Yes,Single,9.7,Brother,Sister,Brother-Sister
54,4,Female,Male,Yes,Divorced,20.7,Mother,Son,Mother-Son
83,32,Male,Male,Yes,Widowed,18.0,Grandfather,Grandson,Grandfather-Grandson
60,53,Female,Female,Yes,Single,26.4,Sister,Sister,Sister-Sister
47,14,Male,Female,Yes,Single,7.7,Father,Daughter,Father-Daughter
57,6,Male,Male,Yes,Married,14.5,Grandfather,Grandson,Grandfather-Grandson
13,22,Male,Male,Yes,Single,23.1,Brother,Brother,Brother-Brother
34,38,Male,Female,No,Single,12.5,Roommate,Roommate,Unrelated
55,45,Male,Male,Yes,Single,25.7,Brother,Brother,Brother-Brother
21,12,Male,Female,Yes,Single,5.8,Brother,Sister,Brother-Sister
79,31,Female,Male,Yes,Married,5.2,Grandmother,Grandson,Grandmother-Grandson
64,22,Female,Female,Yes,Divorced,1.0,Grandmother,Granddaughter,Grandmother-Granddaughter
16,13,Male,Male,Yes,Single,15.3,Brother,Brother,Brother-Brother
21,59,Female,Male,Yes,Single,6.6,Roommate,Roommate,Unrelated
89,34,Male,Female,Yes,Single,18.0,Grandfather,Granddaughter,Grandfather-Granddaughter
58,34,Female,Male,Yes,Divorced,3.1,Mother,Son,Mother-Son
58,47,Male,Female,Yes,Married,15.0,Husband,Wife,Husband-Wife
28,6,Male,Male,Yes,Divorced,11.3,Father,Son,Father-Son
69,7,Female,Female,Yes,Divorced,9.0,Grandmother,Granddaughter,Grandmother-Granddaughter
51,53,Male,Female,Yes,Single,7.1,Brother,Sister,Brother-Sister
64,42,Female,Male,Yes,Married,20.9,Mother,Son,Mother-Son
32,26,Male,Female,Yes,Married,2.6,Husband,Wife,Husband-Wife
52,43,Male,Male,Yes,Single,20.9,Brother,Brother,Brother-Brother
52,4,Male,Male,Yes,Single,15.6,Grandfather,Grandson,Grandfather-Grandson
17,13,Female,Female,Yes,Single,7.4,Sister,Sister,Sister-Sister
53,16,Female,Male,Yes,Single,6.8,Mother,Son,Mother-Son
79,29,Male,Female,Yes,Widowed,4.2,Grandfather,Granddaughter,Grandfather-Granddaughter
54,49,Female,Female,Yes,Single,26.5,Sister,Sister,Sister-Sister
69,69,Male,Female,No,Single,26.2,Roommate,Roommate,Unrelated
62,14,Female,Male,Yes,Widowed,4.7,Grandmother,Grandson,Grandmother-Grandson
66,39,Male,Female,Yes,Divorced,29.9,Father,Daughter,Father-Daughter
58,25,Male,Male,Yes,Single,23.8,Father,Son,Father-Son
71,24,Female,Female,Yes,Widowed,3.5,Grandmother,Granddaughter,Grandmother-Granddaughter
65,21,Female,Male,Yes,Married,19.4,Mother,Son,Mother-Son
29,5,Male,Female,Yes,Married,26.2,Father,Daughter,Father-Daughter
42,1,Female,Male,Yes,Widowed,3.1,Mother,Son,Mother-Son
38,7,Male,Male,Yes,Single,27.4,Father,Son,Father-Son
34,13,Male,Male,Yes,Single,1.0,Father,Son,Father-Son
49,45,Male,Female,Yes,Single,27.8,Brother,Sister,Brother-Sister
9,7,Female,Female,Yes,Single,11.0,Sister,Sister,Sister-Sister
16,12,Male,Male,Yes,Single,24.9,Brother,Brother,Brother-Brother
68,27,Female,Male,Yes,Divorced,27.7,Grandmother,Grandson,Grandmother-Grandson
87,3,Male,Female,Yes,Married,23.9,Grandfather,Granddaughter,Grandfather-Granddaughter
29,37,Male,Female,Yes,Married,25.1,Husband,Wife,Husband-Wife
58,40,Female,Male,Yes,Single,24.8,Mother,Son,Mother-Son
30,3,Female,Male,Yes,Divorced,14.1,Mother,Son,Mother-Son
39,17,Male,Female,Yes,Widowed,28.9,Father,Daughter,Father-Daughter
34,51,Female,Female,No,Single,2.8,Roommate,Roommate,Unrelated
54,54,Male,Female,Yes,Single,26.4,Brother,Sister,Brother-Sister
43,23,Male,Female,Yes,Divorced,12.9,Father,Daughter,Father-Daughter
56,2,Female,Male,Yes,Married,19.5,Grandmother,Grandson,Grandmother-Grandson
42,38,Female,Male,Yes,Single,15.5,Roommate,Roommate,Unrelated
20,16,Female,Female,Yes,Single,18.5,Sister,Sister,Sister-Sister
62,37,Female,Male,Yes,Single,16.7,Mother,Son,Mother-Son
53,11,Female,Male,Yes,Single,1.3,Mother,Son,Mother-Son
22,38,Male,Male,No,Single,19.3,Roommate,Roommate,Unrelated
5,0,Male,Female,Yes,Single,27.9,Brother,Sister,Brother-Sister
68,21,Female,Female,Yes,Divorced,9.0,Grandmother,Granddaughter,Grandmother-Granddaughter
11,1,Female,Female,Yes,Single,26.0,Sister,Sister,Sister-Sister
76,39,Male,Male,Yes,Single,19.7,Grandfather,Grandson,Grandfather-Grandson
86,27,Male,Male,Yes,Single,26.5,Grandfather,Grandson,Grandfather-Grandson
84,1,Female,Male,Yes,Widowed,11.7,Grandmother,Grandson,Grandmother-Grandson
21,21,Male,Male,Yes,Single,10.8,Brother,Brother,Brother-Brother
36,7,Female,Female,Yes,Divorced,28.7,Mother,Daughter,Mother-Daughter
58,56,Female,Female,Yes,Single,26.6,Sister,Sister,Sister-Sister
53,14,Male,Female,Yes,Married,22.6,Grandfather,Granddaughter,Grandfather-Granddaughter
19,13,Female,Female,Yes,Single,26.0,Sister,Sister,Sister-Sister
89,4,Male,Male,Yes,Divorced,0.8,Grandfather,Grandson,Grandfather-Grandson
54,15,Male,Female,Yes,Single,11.0,Grandfather,Granddaughter,Grandfather-Granddaughter
29,38,Male,Female,Yes,Married,7.7,Husband,Wife,Husband-Wife
42,8,Female,Male,Yes,Divorced,7.6,Mother,Son,Mother-Son
58,9,Male,Male,Yes,Divorced,3.1,Grandfather,Grandson,Grandfather-Grandson
20,27,Male,Male,Yes,Single,9.7,Brother,Brother,Brother-Brother
12,16,Male,Female,Yes,Single,1.7,Brother,Sister,Brother-Sister
42,45,Male,Female,Yes,Married,14.8,Husband,Wife,Husband-Wife
11,18,Male,Male,Yes,Single,27.5,Brother,Brother,Brother-Brother
35,9,Male,Male,Yes,Widowed,22.8,Father,Son,Father-Son
53,51,Male,Female,Yes,Single,9.4,Brother,Sister,Brother-Sister
31,24,Male,Female,Yes,Single,28.8,Brother,Sister,Brother-Sister
46,14,Male,Female,Yes,Divorced,9.6,Father,Daughter,Father-Daughter
60,9,Male,Male,Yes,Widowed,24.8,Father,Son,Father-Son
56,25,Female,Male,Yes,Married,21.9,Mother,Son,Mother-Son
53,32,Male,Male,Yes,Married,23.9,Father,Son,Father-Son
83,23,Female,Male,Yes,Single,4.3,Grandmother,Grandson,Grandmother-Grandson
35,34,Male,Female,Yes,Single,28.1,Brother,Sister,Brother-Sister
45,44,Female,Female,Yes,Single,17.0,Sister,Sister,Sister-Sister
57,59,Male,Male,Yes,Single,28.0,Brother,Brother,Brother-Brother
58,39,Female,Male,Yes,Single,3.0,Mother,Son,Mother-Son
78,29,Female,Male,Yes,Single,15.4,Grandmother,Grandson,Grandmother-Grandson
58,1,Male,Female,Yes,Divorced,3.0,Grandfather,Granddaughter,Grandfather-Granddaughter
31,5,Male,Male,Yes,Single,16.3,Father,Son,Father-Son
63,10,Male,Female,Yes,Divorced,8.7,Grandfather,Granddaughter,Grandfather-Granddaughter
38,41,Female,Female,Yes,Single,25.3,Sister,Sister,Sister-Sister
51,8,Male,Female,Yes,Divorced,16.0,Father,Daughter,Father-Daughter
73,37,Female,Female,Yes,Married,12.2,Grandmother,Granddaughter,Grandmother-Granddaughter
66,27,Male,Female,Yes,Married,13.8,Father,Daughter,Father-Daughter
51,3,Female,Female,Yes,Married,22.5,Grandmother,Granddaughter,Grandmother-Granddaughter
46,17,Male,Male,Yes,Widowed,2.9,Father,Son,Father-Son
8,11,Male,Male,Yes,Single,6.0,Brother,Brother,Brother-Brother
32,26,Female,Female,Yes,Single,4.5,Roommate,Roommate,Unrelated
39,5,Male,Female,Yes,Single,30.0,Father,Daughter,Father-Daughter
32,3,Male,Female,Yes,Divorced,10.7,Father,Daughter,Father-Daughter
89,39,Male,Female,Yes,Divorced,10.7,Grandfather,Granddaughter,Grandfather-Granddaughter
52,20,Female,Male,Yes,Divorced,15.4,Mother,Son,Mother-Son
57,59,Male,Male,Yes,Single,28.6,Brother,Brother,Brother-Brother
73,16,Male,Male,Yes,Married,28.2,Grandfather,Grandson,Grandfather-Grandson
56,36,Male,Male,Yes,Single,5.3,Father,Son,Father-Son
84,39,Female,Male,Yes,Married,16.7,Grandmother,Grandson,Grandmother-Grandson
48,19,Male,Male,Yes,Married,27.4,Father,Son,Father-Son
56,13,Female,Female,Yes,Widowed,12.0,Grandmother,Granddaughter,Grandmother-Granddaughter
65,22,Male,Male,Yes,Divorced,25.8,Grandfather,Grandson,Grandfather-Grandson
60,22,Male,Female,Yes,Single,3.0,Grandfather,Granddaughter,Grandfather-Granddaughter
61,5,Female,Male,Yes,Married,18.9,Grandmother,Grandson,Grandmother-Grandson
41,15,Female,Male,Yes,Single,28.7,Mother,Son,Mother-Son
54,14,Male,Female,Yes,Married,20.4,Grandfather,Granddaughter,Grandfather-Granddaughter
73,30,Female,Female,Yes,Single,14.9,Grandmother,Granddaughter,Grandmother-Granddaughter
53,28,Male,Female,Yes,Single,17.2,Father,Daughter,Father-Daughter
59,1,Female,Female,Yes,Divorced,12.6,Grandmother,Granddaughter,Grandmother-Granddaughter
58,22,Male,Female,Yes,Married,19.6,Grandfather,Granddaughter,Grandfather-Granddaughter
41,2,Female,Female,Yes,Widowed,1.4,Mother,Daughter,Mother-Daughter
68,67,Female,Male,No,Single,10.5,Roommate,Roommate,Unrelated
83,40,Female,Female,Yes,Single,4.9,Grandmother,Granddaughter,Grandmother-Granddaughter
42,3,Male,Male,Yes,Single,1.2,Father,Son,Father-Son
33,12,Male,Male,Yes,Divorced,11.8,Father,Son,Father-Son
6,0,Male,Male,Yes,Single,25.9,Brother,Brother,Brother-Brother
37,8,Male,Female,Yes,Divorced,5.0,Father,Daughter,Father-Daughter
56,7,Female,Female,Yes,Widowed,4.4,Mother,Daughter,Mother-Daughter
60,48,Female,Male,No,Single,11.9,Roommate,Roommate,Unrelated
25,6,Female,Female,Yes,Married,12.5,Mother,Daughter,Mother-Daughter
69,16,Male,Female,Yes,Married,15.8,Grandfather,Granddaughter,Grandfather-Granddaughter
8,0,Female,Female,Yes,Single,2.2,Sister,Sister,Sister-Sister
43,8,Female,Male,Yes,Married,25.3,Mother,Son,Mother-Son
55,11,Male,Male,Yes,Married,13.9,Grandfather,Grandson,Grandfather-Grandson
89,18,Male,Male,Yes,Divorced,18.1,Grandfather,Grandson,Grandfather-Grandson
62,7,Male,Male,Yes,Divorced,4.0,Father,Son,Father-Son
44,41,Male,Female,Yes,Married,27.2,Husband,Wife,Husband-Wife
52,22,Male,Female,Yes,Widowed,17.2,Father,Daughter,Father-Daughter
53,34,Female,Male,Yes,Divorced,29.9,Mother,Son,Mother-Son
68,50,Male,Male,Yes,Divorced,1.7,Father,Son,Father-Son
21,22,Male,Female,Yes,Single,20.5,Brother,Sister,Brother-Sister
23,17,Male,Female,Yes,Single,4.5,Brother,Sister,Brother-Sister
49,14,Female,Male,Yes,Single,8.3,Mother,Son,Mother-Son
42,37,Female,Female,Yes,Single,0.7,Sister,Sister,Sister-Sister
29,6,Female,Male,Yes,Single,6.5,Mother,Son,Mother-Son
58,40,Female,Male,Yes,Widowed,23.8,Mother,Son,Mother-Son
19,24,Male,Male,Yes,Single,29.9,Brother,Brother,Brother-Brother
70,22,Female,Female,Yes,Divorced,0.9,Grandmother,Granddaughter,Grandmother-Granddaughter
49,18,Female,Female,No,Single,18.7,Roommate,Roommate,Unrelated
46,23,Male,Male,Yes,Widowed,9.9,Father,Son,Father-Son
32,14,Female,Male,Yes,Married,5.9,Mother,Son,Mother-Son
40,45,Male,Female,Yes,Single,12.9,Brother,Sister,Brother-Sister
73,15,Male,Female,Yes,Married,18.7,Grandfather,Granddaughter,Grandfather-Granddaughter
56,7,Male,Female,Yes,Married,10.4,Grandfather,Granddaughter,Grandfather-Granddaughter
43,36,Male,Female,Yes,Single,19.0,Brother,Sister,Brother-Sister
89,52,Male,Male,Yes,Single,11.5,Grandfather,Grandson,Grandfather-Grandson
67,27,Female,Male,Yes,Divorced,10.0,Grandmother,Grandson,Grandmother-Grandson
68,39,Male,Female,Yes,Single,22.3,Father,Daughter,Father-Daughter
40,38,Male,Male,Yes,Single,8.5,Brother,Brother,Brother-Brother
65,26,Male,Male,Yes,Widowed,29.5,Grandfather,Grandson,Grandfather-Grandson
25,7,Female,Female,Yes,Single,27.6,Mother,Daughter,Mother-Daughter
64,20,Female,Female,Yes,Married,29.3,Grandmother,Granddaughter,Grandmother-Granddaughter
58,49,Male,Female,No,Single,23.2,Roommate,Roommate,Unrelated
88,29,Male,Male,Yes,Married,19.6,Grandfather,Grandson,Grandfather-Grandson
19,22,Male,Female,Yes,Single,23.1,Brother,Sister,Brother-Sister
68,28,Female,Female,Yes,Single,12.4,Grandmother,Granddaughter,Grandmother-Granddaughter
60,50,Male,Female,Yes,Single,14.6,Brother,Sister,Brother-Sister
42,43,Female,Female,Yes,Single,0.7,Sister,Sister,Sister-Sister
70,17,Male,Female,Yes,Single,0.5,Grandfather,Granddaughter,Grandfather-Granddaughter
59,50,Female,Female,Yes,Single,14.1,Sister,Sister,Sister-Sister
46,54,Male,Female,Yes,Single,3.0,Brother,Sister,Brother-Sister
43,15,Male,Female,Yes,Single,1.1,Father,Daughter,Father-Daughter
51,14,Male,Male,Yes,Married,4.5,Grandfather,Grandson,Grandfather-Grandson
30,26,Female,Female,Yes,Single,24.4,Sister,Sister,Sister-Sister
76,7,Female,Male,Yes,Divorced,1.8,Grandmother,Grandson,Grandmother-Grandson
58,7,Female,Male,Yes,Widowed,10.8,Mother,Son,Mother-Son
21,17,Male,Female,Yes,Single,17.5,Brother,Sister,Brother-Sister
74,8,Female,Male,Yes,Married,15.2,Grandmother,Grandson,Grandmother-Grandson
36,49,Female,Male,No,Single,6.2,Roommate,Roommate,Unrelated
54,26,Female,Male,Yes,Widowed,8.6,Mother,Son,Mother-Son
29,32,Female,Female,Yes,Single,9.1,Sister,Sister,Sister-Sister
36,15,Female,Male,Yes,Married,12.2,Mother,Son,Mother-Son
30,1,Male,Female,Yes,Divorced,26.0,Father,Daughter,Father-Daughter
19,26,Female,Female,No,Single,11.4,Roommate,Roommate,Unrelated
47,14,Male,Male,Yes,Widowed,17.8,Father,Son,Father-Son
43,4,Male,Male,Yes,Widowed,20.5,Father,Son,Father-Son
6,11,Male,Female,Yes,Single,2.3,Brother,Sister,Brother-Sister
42,12,Male,Male,Yes,Divorced,27.5,Father,Son,Father-Son
72,25,Male,Male,Yes,Married,6.9,Grandfather,Grandson,Grandfather-Grandson
86,30,Female,Female,Yes,Divorced,24.5,Grandmother,Granddaughter,Grandmother-Granddaughter
51,25,Female,Female,Yes,Divorced,14.4,Mother,Daughter,Mother-Daughter
58,5,Female,Female,Yes,Divorced,28.9,Grandmother,Granddaughter,Grandmother-Granddaughter
52,54,Male,Female,Yes,Married,12.0,Husband,Wife,Husband-Wife
52,21,Female,Male,Yes,Widowed,7.5,Mother,Son,Mother-Son
15,17,Male,Female,Yes,Single,5.7,Brother,Sister,Brother-Sister
39,42,Male,Male,No,Single,24.8,Roommate,Roommate,Unrelated
69,47,Female,Male,No,Single,24.7,Roommate,Roommate,Unrelated
56,21,Male,Male,Yes,Widowed,11.3,Grandfather,Grandson,Grandfather-Grandson
83,40,Female,Female,Yes,Single,29.8,Grandmother,Granddaughter,Grandmother-Granddaughter
87,47,Female,Female,Yes,Married,20.5,Grandmother,Granddaughter,Grandmother-Granddaughter
46,36,Male,Female,Yes,Married,22.1,Husband,Wife,Husband-Wife
44,37,Female,Female,Yes,Single,12.1,Sister,Sister,Sister-Sister
52,21,Male,Male,No,Single,17.6,Roommate,Roommate,Unrelated
39,34,Female,Female,Yes,Single,2.1,Sister,Sister,Sister-Sister
37,27,Female,Female,Yes,Single,29.3,Sister,Sister,Sister-Sister
61,21,Male,Male,No,Single,3.0,Roommate,Roommate,Unrelated
69,28,Female,Male,Yes,Married,23.7,Grandmother,Grandson,Grandmother-Grandson
50,59,Male,Female,Yes,Single,23.2,Brother,Sister,Brother-Sister
44,6,Male,Male,Yes,Single,1.1,Father,Son,Father-Son
32,4,Male,Female,Yes,Married,21.0,Father,Daughter,Father-Daughter
45,16,Female,Female,Yes,Single,13.6,Mother,Daughter,Mother-Daughter
85,0,Female,Male,Yes,Divorced,6.1,Grandmother,Grandson,Grandmother-Grandson
38,47,Male,Female,Yes,Single,18.5,Brother,Sister,Brother-Sister
60,51,Male,Male,Yes,Single,5.0,Brother,Brother,Brother-Brother
65,9,Male,Female,Yes,Divorced,12.7,Father,Daughter,Father-Daughter
43,18,Male,Male,Yes,Married,22.3,Father,Son,Father-Son
59,19,Female,Female,Yes,Married,4.1,Mother,Daughter,Mother-Daughter
12,20,Male,Female,Yes,Single,25.1,Brother,Sister,Brother-Sister
67,13,Female,Female,Yes,Widowed,18.2,Grandmother,Granddaughter,Grandmother-Granddaughter
8,10,Male,Female,Yes,Single,23.5,Brother,Sister,Brother-Sister
64,5,Female,Male,Yes,Widowed,6.0,Mother,Son,Mother-Son
60,14,Male,Female,Yes,Widowed,27.3,Grandfather,Granddaughter,Grandfather-Granddaughter
18,66,Female,Female,No,Single,15.5,Roommate,Roommate,Unrelated
5,6,Female,Female,Yes,Single,27.3,Sister,Sister,Sister-Sister
68,0,Male,Female,Yes,Single,12.3,Father,Daughter,Father-Daughter
46,52,Male,Female,Yes,Married,13.7,Husband,Wife,Husband-Wife
61,73,Male,Female,Yes,Married,19.5,Husband,Wife,Husband-Wife
43,38,Female,Female,Yes,Single,7.0,Sister,Sister,Sister-Sister
48,23,Male,Male,Yes,Divorced,1.0,Father,Son,Father-Son
54,16,Male,Male,Yes,Married,24.4,Grandfather,Grandson,Grandfather-Grandson
53,8,Male,Female,Yes,Married,15.4,Grandfather,Granddaughter,Grandfather-Granddaughter
69,26,Male,Female,Yes,Widowed,10.6,Grandfather,Granddaughter,Grandfather-Granddaughter
35,46,Male,Female,Yes,Married,27.8,Husband,Wife,Husband-Wife
42,39,Female,Female,No,Single,26.3,Roommate,Roommate,Unrelated
59,22,Female,Male,Yes,Single,20.9,Grandmother,Grandson,Grandmother-Grandson
52,26,Female,Female,Yes,Married,17.5,Mother,Daughter,Mother-Daughter
33,42,Male,Male,Yes,Single,21.0,Brother,Brother,Brother-Brother
47,10,Male,Female,Yes,Married,8.4,Father,Daughter,Father-Daughter
67,11,Female,Female,Yes,Married,25.8,Grandmother,Granddaughter,Grandmother-Granddaughter
56,12,Female,Female,Yes,Single,17.9,Grandmother,Granddaughter,Grandmother-Granddaughter
77,37,Male,Male,Yes,Widowed,8.4,Grandfather,Grandson,Grandfather-Grandson
61,13,Female,Male,Yes,Married,6.6,Grandmother,Grandson,Grandmother-Grandson
51,8,Female,Male,Yes,Widowed,22.1,Grandmother,Grandson,Grandmother-Grandson
36,46,Male,Female,Yes,Married,23.2,Husband,Wife,Husband-Wife
40,3,Male,Female,Yes,Married,4.9,Father,Daughter,Father-Daughter
60,68,Male,Male,No,Single,14.1,Roommate,Roommate,Unrelated
35,12,Male,Male,Yes,Divorced,15.9,Father,Son,Father-Son
31,4,Male,Male,Yes,Single,18.4,Father,Son,Father-Son
7,5,Male,Female,Yes,Single,6.7,Brother,Sister,Brother-Sister
83,17,Female,Female,Yes,Married,6.5,Grandmother,Granddaughter,Grandmother-Granddaughter
57,17,Female,Male,Yes,Widowed,17.8,Grandmother,Grandson,Grandmother-Grandson
33,2,Female,Female,Yes,Single,21.7,Mother,Daughter,Mother-Daughter
65,6,Male,Female,Yes,Married,4.3,Father,Daughter,Father-Daughter
61,43,Female,Female,Yes,Divorced,1.8,Mother,Daughter,Mother-Daughter
22,18,Male,Female,Yes,Married,21.1,Husband,Wife,Husband-Wife
11,12,Female,Female,Yes,Single,19.2,Sister,Sister,Sister-Sister
86,1,Female,Male,Yes,Divorced,23.9,Grandmother,Grandson,Grandmother-Grandson
30,24,Female,Female,Yes,Single,22.9,Sister,Sister,Sister-Sister
21,17,Male,Female,Yes,Single,3.4,Brother,Sister,Brother-Sister
68,2,Male,Female,Yes,Widowed,21.4,Grandfather,Granddaughter,Grandfather-Granddaughter
5,13,Male,Female,Yes,Single,24.3,Brother,Sister,Brother-Sister
74,35,Male,Male,Yes,Divorced,13.9,Grandfather,Grandson,Grandfather-Grandson
52,26,Female,Female,Yes,Divorced,19.8,Mother,Daughter,Mother-Daughter
57,27,Female,Female,Yes,Single,9.8,Mother,Daughter,Mother-Daughter
29,22,Male,Female,Yes,Single,16.7,Brother,Sister,Brother-Sister
60,60,Female,Female,Yes,Single,6.2,Sister,Sister,Sister-Sister
32,10,Male,Male,Yes,Widowed,24.0,Father,Son,Father-Son
90,21,Male,Male,Yes,Widowed,25.9,Grandfather,Grandson,Grandfather-Grandson
29,20,Male,Female,Yes,Married,29.7,Husband,Wife,Husband-Wife
58,19,Male,Female,Yes,Married,13.6,Grandfather,Granddaughter,Grandfather-Granddaughter
50,6,Female,Male,Yes,Single,11.3,Mother,Son,Mother-Son
83,25,Female,Female,Yes,Divorced,1.6,Grandmother,Granddaughter,Grandmother-Granddaughter
22,16,Male,Male,Yes,Single,12.4,Brother,Brother,Brother-Brother
21,25,Male,Female,Yes,Single,12.8,Brother,Sister,Brother-Sister
68,3,Male,Female,Yes,Widowed,6.0,Grandfather,Granddaughter,Grandfather-Granddaughter
68,0,Male,Male,Yes,Single,4.1,Grandfather,Grandson,Grandfather-Grandson
50,65,Female,Female,No,Single,22.8,Roommate,Roommate,Unrelated
66,17,Female,Female,Yes,Widowed,8.9,Grandmother,Granddaughter,Grandmother-Granddaughter
19,30,Female,Male,Yes,Single,12.5,Roommate,Roommate,Unrelated
46,45,Male,Female,Yes,Single,4.7,Brother,Sister,Brother-Sister
52,43,Male,Female,Yes,Single,23.6,Brother,Sister,Brother-Sister
65,57,Male,Female,Yes,Married,28.1,Husband,Wife,Husband-Wife
58,29,Female,Male,Yes,Married,27.4,Mother,Son,Mother-Son
74,25,Male,Female,Yes,Divorced,13.4,Grandfather,Granddaughter,Grandfather-Granddaughter
69,17,Male,Female,Yes,Widowed,17.5,Grandfather,Granddaughter,Grandfather-Granddaughter
36,4,Male,Male,Yes,Single,8.1,Father,Son,Father-Son
42,57,Male,Male,No,Single,22.7,Roommate,Roommate,Unrelated
40,31,Male,Female,Yes,Married,12.8,Husband,Wife,Husband-Wife
28,9,Female,Female,Yes,Divorced,19.3,Mother,Daughter,Mother-Daughter
36,1,Male,Male,Yes,Married,17.0,Father,Son,Father-Son
63,39,Male,Female,Yes,Married,7.8,Father,Daughter,Father-Daughter
58,26,Male,Female,Yes,Widowed,19.9,Father,Daughter,Father-Daughter
22,31,Male,Female,No,Single,22.4,Roommate,Roommate,Unrelated
11,4,Female,Female,Yes,Single,22.3,Sister,Sister,Sister-Sister
49,20,Male,Male,Yes,Widowed,6.9,Father,Son,Father-Son
50,6,Male,Male,Yes,Divorced,11.4,Father,Son,Father-Son
71,30,Male,Female,Yes,Divorced,15.1,Grandfather,Granddaughter,Grandfather-Granddaughter
36,2,Female,Male,Yes,Married,13.8,Mother,Son,Mother-Son
36,25,Female,Female,No,Single,21.8,Roommate,Roommate,Unrelated
35,0,Female,Male,Yes,Widowed,9.3,Mother,Son,Mother-Son
32,4,Female,Female,Yes,Widowed,27.6,Mother,Daughter,Mother-Daughter
29,6,Female,Female,Yes,Divorced,4.7,Mother,Daughter,Mother-Daughter
63,14,Male,Male,Yes,Married,10.8,Grandfather,Grandson,Grandfather-Grandson
65,24,Female,Male,Yes,Married,12.2,Grandmother,Grandson,Grandmother-Grandson
71,35,Female,Female,Yes,Single,8.5,Grandmother,Granddaughter,Grandmother-Granddaughter
48,54,Male,Male,Yes,Single,8.5,Brother,Brother,Brother-Brother
73,25,Female,Female,Yes,Single,23.0,Grandmother,Granddaughter,Grandmother-Granddaughter
37,2,Female,Female,Yes,Divorced,11.1,Mother,Daughter,Mother-Daughter
29,6,Male,Female,Yes,Married,15.1,Father,Daughter,Father-Daughter
53,47,Female,Female,Yes,Single,5.4,Sister,Sister,Sister-Sister
46,23,Male,Male,Yes,Single,16.7,Father,Son,Father-Son
33,2,Male,Female,Yes,Married,5.8,Father,Daughter,Father-Daughter
53,44,Male,Female,Yes,Single,14.3,Brother,Sister,Brother-Sister
65,36,Male,Male,No,Single,10.4,Roommate,Roommate,Unrelated
12,19,Female,Female,Yes,Single,9.4,Sister,Sister,Sister-Sister
47,0,Male,Female,Yes,Married,10.6,Father,Daughter,Father-Daughter
43,34,Male,Female,Yes,Married,9.0,Husband,Wife,Husband-Wife
58,49,Male,Female,Yes,Single,1.2,Brother,Sister,Brother-Sister
54,57,Female,Female,Yes,Single,6.5,Sister,Sister,Sister-Sister
57,6,Female,Female,Yes,Divorced,4.6,Grandmother,Granddaughter,Grandmother-Granddaughter
86,19,Male,Male,Yes,Widowed,20.0,Grandfather,Grandson,Grandfather-Grandson
52,14,Female,Male,Yes,Married,16.2,Grandmother,Grandson,Grandmother-Grandson
52,58,Male,Female,Yes,Married,5.8,Husband,Wife,Husband-Wife
67,13,Female,Male,Yes,Divorced,23.4,Grandmother,Grandson,Grandmother-Grandson
62,2,Male,Female,Yes,Widowed,8.4,Father,Daughter,Father-Daughter
28,32,Male,Female,Yes,Married,22.4,Husband,Wife,Husband-Wife
64,12,Male,Male,Yes,Divorced,5.9,Father,Son,Father-Son
65,16,Male,Male,Yes,Married,9.4,Father,Son,Father-Son
53,18,Female,Female,Yes,Widowed,14.8,Mother,Daughter,Mother-Daughter
63,26,Male,Male,Yes,Divorced,15.6,Father,Son,Father-Son
65,14,Male,Female,Yes,Divorced,4.3,Father,Daughter,Father-Daughter
34,23,Male,Female,Yes,Married,23.7,Husband,Wife,Husband-Wife
60,21,Male,Female,No,Single,7.3,Roommate,Roommate,Unrelated
55,29,Female,Female,No,Single,11.4,Roommate,Roommate,Unrelated
80,44,Female,Male,Yes,Widowed,12.7,Grandmother,Grandson,Grandmother-Grandson
57,2,Male,Female,Yes,Married,17.8,Grandfather,Granddaughter,Grandfather-Granddaughter
63,41,Female,Male,Yes,Divorced,17.9,Mother,Son,Mother-Son
28,10,Female,Female,Yes,Divorced,17.9,Mother,Daughter,Mother-Daughter
6,13,Female,Female,Yes,Single,22.8,Sister,Sister,Sister-Sister
61,4,Male,Female,Yes,Single,6.2,Grandfather,Granddaughter,Grandfather-Granddaughter
38,13,Male,Female,Yes,Married,19.2,Father,Daughter,Father-Daughter
21,27,Male,Female,Yes,Married,18.9,Husband,Wife,Husband-Wife
37,35,Male,Female,Yes,Married,2.4,Husband,Wife,Husband-Wife
62,19,Male,Female,Yes,Widowed,18.7,Father,Daughter,Father-Daughter
27,1,Female,Male,Yes,Single,1.5,Mother,Son,Mother-Son
49,56,Male,Male,Yes,Single,18.1,Brother,Brother,Brother-Brother
62,21,Female,Male,Yes,Divorced,12.2,Grandmother,Grandson,Grandmother-Grandson
45,16,Female,Male,Yes,Married,22.0,Mother,Son,Mother-Son
64,18,Male,Female,Yes,Divorced,19.8,Grandfather,Granddaughter,Grandfather-Granddaughter
32,42,Female,Female,Yes,Single,26.3,Sister,Sister,Sister-Sister
37,30,Male,Female,Yes,Married,29.6,Husband,Wife,Husband-Wife
82,36,Male,Male,Yes,Single,25.0,Grandfather,Grandson,Grandfather-Grandson
87,13,Male,Female,Yes,Widowed,19.4,Grandfather,Granddaughter,Grandfather-Granddaughter
50,4,Male,Female,Yes,Married,7.9,Grandfather,Granddaughter,Grandfather-Granddaughter
66,59,Male,Female,Yes,Married,6.0,Husband,Wife,Husband-Wife
53,43,Male,Male,Yes,Single,7.8,Brother,Brother,Brother-Brother
69,26,Male,Male,Yes,Divorced,5.7,Father,Son,Father-Son
83,38,Female,Male,Yes,Single,2.5,Grandmother,Grandson,Grandmother-Grandson
52,5,Male,Female,Yes,Married,7.3,Father,Daughter,Father-Daughter
51,16,Female,Female,Yes,Married,29.4,Grandmother,Granddaughter,Grandmother-Granddaughter
60,19,Female,Female,Yes,Married,26.6,Grandmother,Granddaughter,Grandmother-Granddaughter
49,27,Male,Female,Yes,Widowed,25.1,Father,Daughter,Father-Daughter
26,21,Male,Female,Yes,Single,7.3,Brother,Sister,Brother-Sister
29,5,Male,Male,Yes,Widowed,13.1,Father,Son,Father-Son
58,60,Female,Female,Yes,Single,26.9,Sister,Sister,Sister-Sister
90,26,Male,Male,Yes,Married,24.3,Grandfather,Grandson,Grandfather-Grandson
60,31,Male,Female,Yes,Divorced,13.8,Father,Daughter,Father-Daughter
14,19,Male,Male,Yes,Single,6.3,Brother,Brother,Brother-Brother
50,4,Female,Male,Yes,Divorced,2.4,Mother,Son,Mother-Son
51,22,Female,Female,No,Single,13.7,Roommate,Roommate,Unrelated
38,14,Male,Male,Yes,Widowed,8.1,Father,Son,Father-Son
49,49,Male,Female,Yes,Single,12.8,Brother,Sister,Brother-Sister
28,31,Female,Female,Yes,Single,25.8,Sister,Sister,Sister-Sister
33,38,Male,Female,Yes,Single,5.9,Brother,Sister,Brother-Sister
30,20,Male,Female,Yes,Single,15.7,Brother,Sister,Brother-Sister
29,1,Female,Female,Yes,Widowed,21.2,Mother,Daughter,Mother-Daughter
57,66,Male,Female,Yes,Single,12.2,Brother,Sister,Brother-Sister
36,5,Male,Female,Yes,Divorced,2.5,Father,Daughter,Father-Daughter
38,9,Male,Male,Yes,Single,17.6,Father,Son,Father-Son
78,1,Female,Female,Yes,Single,1.5,Grandmother,Granddaughter,Grandmother-Granddaughter
43,40,Male,Female,Yes,Single,17.2,Brother,Sister,Brother-Sister
44,40,Male,Male,Yes,Single,12.3,Brother,Brother,Brother-Brother
24,23,Male,Female,Yes,Single,20.1,Brother,Sister,Brother-Sister
84,5,Female,Male,Yes,Divorced,28.0,Grandmother,Grandson,Grandmother-Grandson
14,13,Male,Female,Yes,Single,14.7,Brother,Sister,Brother-Sister
21,18,Male,Female,Yes,Married,23.4,Husband,Wife,Husband-Wife
6,12,Female,Female,Yes,Single,9.4,Sister,Sister,Sister-Sister
15,23,Male,Male,Yes,Single,28.2,Brother,Brother,Brother-Brother
56,24,Female,Female,No,Single,22.1,Roommate,Roommate,Unrelated
9,9,Male,Male,Yes,Single,15.4,Brother,Brother,Brother-Brother
60,51,Female,Female,Yes,Single,19.6,Sister,Sister,Sister-Sister
68,34,Male,Female,Yes,Widowed,14.5,Father,Daughter,Father-Daughter
24,20,Male,Male,Yes,Single,7.8,Brother,Brother,Brother-Brother
65,25,Male,Female,Yes,Widowed,1.2,Father,Daughter,Father-Daughter
37,31,Female,Male,No,Single,3.1,Roommate,Roommate,Unrelated
81,14,Male,Male,Yes,Widowed,24.4,Grandfather,Grandson,Grandfather-Grandson
59,10,Male,Male,Yes,Married,7.7,Grandfather,Grandson,Grandfather-Grandson
40,17,Female,Female,Yes,Married,7.6,Mother,Daughter,Mother-Daughter
27,25,Female,Female,Yes,Single,10.3,Sister,Sister,Sister-Sister
24,19,Male,Female,Yes,Married,2.0,Husband,Wife,Husband-Wife
59,5,Female,Female,Yes,Single,27.8,Grandmother,Granddaughter,Grandmother-Granddaughter
88,0,Female,Male,Yes,Single,25.8,Grandmother,Grandson,Grandmother-Grandson
39,31,Male,Female,Yes,Single,29.8,Brother,Sister,Brother-Sister
39,46,Male,Female,Yes,Married,26.3,Husband,Wife,Husband-Wife
55,52,Male,Female,Yes,Single,24.9,Brother,Sister,Brother-Sister
86,7,Female,Male,Yes,Single,3.9,Grandmother,Grandson,Grandmother-Grandson
25,20,Male,Male,Yes,Single,0.5,Brother,Brother,Brother-Brother
53,12,Female,Male,Yes,Divorced,15.8,Mother,Son,Mother-Son
58,3,Female,Male,Yes,Married,8.1,Grandmother,Grandson,Grandmother-Grandson
54,6,Female,Male,Yes,Single,16.6,Mother,Son,Mother-Son
17,12,Male,Female,Yes,Single,6.2,Brother,Sister,Brother-Sister
35,0,Female,Male,Yes,Widowed,22.9,Mother,Son,Mother-Son
62,59,Male,Female,Yes,Married,14.1,Husband,Wife,Husband-Wife
83,28,Female,Male,Yes,Single,6.8,Grandmother,Grandson,Grandmother-Grandson
31,10,Male,Male,Yes,Widowed,22.0,Father,Son,Father-Son
32,11,Female,Female,Yes,Divorced,20.2,Mother,Daughter,Mother-Daughter
65,30,Female,Male,Yes,Married,22.4,Grandmother,Grandson,Grandmother-Grandson
55,28,Male,Male,Yes,Married,4.7,Father,Son,Father-Son
15,23,Male,Female,Yes,Single,12.1,Brother,Sister,Brother-Sister
28,30,Female,Female,Yes,Single,3.0,Sister,Sister,Sister-Sister
84,18,Male,Male,Yes,Single,27.9,Grandfather,Grandson,Grandfather-Grandson
54,6,Female,Male,Yes,Widowed,24.2,Grandmother,Grandson,Grandmother-Grandson
75,20,Male,Female,Yes,Widowed,14.8,Grandfather,Granddaughter,Grandfather-Granddaughter
50,23,Female,Male,Yes,Single,26.6,Mother,Son,Mother-Son
58,31,Male,Male,Yes,Married,28.2,Father,Son,Father-Son
69,22,Male,Female,Yes,Married,10.7,Father,Daughter,Father-Daughter
37,12,Female,Female,Yes,Widowed,0.9,Mother,Daughter,Mother-Daughter
56,31,Male,Female,Yes,Widowed,2.0,Father,Daughter,Father-Daughter
54,21,Female,Female,Yes,Widowed,18.2,Mother,Daughter,Mother-Daughter
36,45,Male,Female,Yes,Married,20.9,Husband,Wife,Husband-Wife
56,47,Female,Female,Yes,Single,11.6,Sister,Sister,Sister-Sister
39,14,Female,Male,Yes,Single,14.2,Mother,Son,Mother-Son
35,14,Female,Male,Yes,Single,14.0,Mother,Son,Mother-Son
26,5,Female,Male,Yes,Married,22.3,Mother,Son,Mother-Son
43,0,Female,Male,Yes,Single,23.9,Mother,Son,Mother-Son
66,59,Male,Female,Yes,Married,6.6,Husband,Wife,Husband-Wife
58,4,Female,Female,Yes,Married,23.4,Grandmother,Granddaughter,Grandmother-Granddaughter
58,9,Male,Female,Yes,Divorced,12.9,Father,Daughter,Father-Daughter
54,6,Female,Male,Yes,Single,11.4,Grandmother,Grandson,Grandmother-Grandson
70,14,Male,Female,Yes,Divorced,29.7,Grandfather,Granddaughter,Grandfather-Granddaughter
68,7,Female,Male,Yes,Divorced,5.5,Grandmother,Grandson,Grandmother-Grandson
33,25,Male,Female,Yes,Married,18.9,Husband,Wife,Husband-Wife
26,50,Female,Male,No,Single,2.1,Roommate,Roommate,Unrelated
61,16,Female,Female,Yes,Married,23.3,Grandmother,Granddaughter,Grandmother-Granddaughter
33,40,Male,Female,Yes,Married,21.3,Husband,Wife,Husband-Wife
25,1,Female,Male,Yes,Single,16.4,Mother,Son,Mother-Son
30,40,Male,Male,Yes,Single,29.3,Brother,Brother,Brother-Brother
65,70,Male,Female,Yes,Married,2.7,Husband,Wife,Husband-Wife
29,0,Female,Female,Yes,Single,28.9,Mother,Daughter,Mother-Daughter
38,18,Female,Male,Yes,Single,27.0,Mother,Son,Mother-Son
68,0,Male,Male,Yes,Married,8.6,Grandfather,Grandson,Grandfather-Grandson
16,22,Male,Female,Yes,Single,20.5,Brother,Sister,Brother-Sister
40,38,Male,Male,No,Single,7.9,Roommate,Roommate,Unrelated
41,31,Male,Male,Yes,Single,15.3,Brother,Brother,Brother-Brother
65,35,Male,Male,Yes,Divorced,7.2,Father,Son,Father-Son
72,30,Male,Male,Yes,Married,4.2,Grandfather,Grandson,Grandfather-Grandson
55,1,Female,Female,Yes,Divorced,25.3,Grandmother,Granddaughter,Grandmother-Granddaughter
75,22,Male,Female,Yes,Single,0.9,Grandfather,Granddaughter,Grandfather-Granddaughter
73,15,Female,Female,Yes,Married,25.7,Grandmother,Granddaughter,Grandmother-Granddaughter
19,21,Male,Male,Yes,Single,17.6,Brother,Brother,Brother-Brother
67,27,Male,Male,Yes,Divorced,6.2,Father,Son,Father-Son
54,32,Female,Male,Yes,Widowed,12.8,Mother,Son,Mother-Son
75,9,Male,Female,Yes,Married,27.6,Grandfather,Granddaughter,Grandfather-Granddaughter
72,11,Male,Female,Yes,Divorced,19.7,Grandfather,Granddaughter,Grandfather-Granddaughter
54,17,Male,Female,Yes,Married,23.5,Grandfather,Granddaughter,Grandfather-Granddaughter
37,20,Male,Female,Yes,Single,21.1,Roommate,Roommate,Unrelated
37,5,Female,Male,Yes,Divorced,26.0,Mother,Son,Mother-Son
6,0,Male,Female,Yes,Single,20.8,Brother,Sister,Brother-Sister
70,76,Male,Female,Yes,Married,10.4,Husband,Wife,Husband-Wife
59,51,Male,Male,Yes,Single,20.9,Brother,Brother,Brother-Brother
68,9,Male,Male,Yes,Married,16.2,Grandfather,Grandson,Grandfather-Grandson
34,13,Male,Male,Yes,Single,25.3,Father,Son,Father-Son
56,2,Female,Female,Yes,Married,9.2,Grandmother,Granddaughter,Grandmother-Granddaughter
33,0,Male,Female,Yes,Married,15.1,Father,Daughter,Father-Daughter
50,24,Male,Female,Yes,Single,13.8,Father,Daughter,Father-Daughter
12,9,Female,Female,Yes,Single,18.6,Sister,Sister,Sister-Sister
61,4,Male,Female,Yes,Married,20.2,Father,Daughter,Father-Daughter
50,1,Male,Female,Yes,Married,28.4,Grandfather,Granddaughter,Grandfather-Granddaughter
84,25,Female,Female,Yes,Married,1.4,Grandmother,Granddaughter,Grandmother-Granddaughter
80,20,Male,Female,Yes,Single,28.2,Grandfather,Granddaughter,Grandfather-Granddaughter
9,0,Male,Female,Yes,Single,1.3,Brother,Sister,Brother-Sister
72,1,Male,Male,Yes,Widowed,17.1,Grandfather,Grandson,Grandfather-Grandson
50,13,Male,Female,Yes,Married,20.2,Grandfather,Granddaughter,Grandfather-Granddaughter
52,33,Male,Female,Yes,Single,11.4,Father,Daughter,Father-Daughter
58,31,Male,Female,Yes,Widowed,19.3,Father,Daughter,Father-Daughter
66,26,Female,Female,Yes,Widowed,17.8,Grandmother,Granddaughter,Grandmother-Granddaughter
61,2,Male,Male,Yes,Married,23.0,Grandfather,Grandson,Grandfather-Grandson
25,15,Female,Female,Yes,Single,14.6,Sister,Sister,Sister-Sister
84,27,Male,Male,Yes,Divorced,24.6,Grandfather,Grandson,Grandfather-Grandson
34,32,Female,Female,Yes,Single,13.0,Sister,Sister,Sister-Sister
60,51,Male,Male,Yes,Single,0.6,Brother,Brother,Brother-Brother
45,16,Male,Male,Yes,Widowed,16.5,Father,Son,Father-Son
36,26,Female,Female,Yes,Single,18.2,Sister,Sister,Sister-Sister
33,6,Female,Female,Yes,Married,21.9,Mother,Daughter,Mother-Daughter
45,35,Male,Male,Yes,Single,2.2,Brother,Brother,Brother-Brother
21,57,Female,Female,No,Single,1.5,Roommate,Roommate,Unrelated
74,39,Female,Female,Yes,Divorced,10.0,Grandmother,Granddaughter,Grandmother-Granddaughter
29,8,Female,Male,Yes,Divorced,9.5,Mother,Son,Mother-Son
64,40,Female,Male,Yes,Divorced,28.3,Mother,Son,Mother-Son
44,8,Female,Female,Yes,Divorced,1.3,Mother,Daughter,Mother-Daughter
37,18,Male,Male,Yes,Married,13.0,Father,Son,Father-Son
65,0,Female,Male,Yes,Widowed,3.5,Grandmother,Grandson,Grandmother-Grandson
31,32,Female,Female,Yes,Single,12.7,Sister,Sister,Sister-Sister
7,3,Male,Male,Yes,Single,4.2,Brother,Brother,Brother-Brother
34,15,Male,Male,Yes,Widowed,3.2,Father,Son,Father-Son
44,50,Male,Female,Yes,Married,15.0,Husband,Wife,Husband-Wife
50,25,Male,Male,Yes,Divorced,11.2,Father,Son,Father-Son
30,20,Male,Male,Yes,Single,29.9,Brother,Brother,Brother-Brother
82,18,Male,Female,Yes,Single,8.1,Grandfather,Granddaughter,Grandfather-Granddaughter
51,14,Female,Female,Yes,Single,11.0,Mother,Daughter,Mother-Daughter
35,40,Male,Female,Yes,Married,8.2,Husband,Wife,Husband-Wife
58,6,Female,Female,Yes,Single,11.0,Grandmother,Granddaughter,Grandmother-Granddaughter
43,4,Male,Female,Yes,Married,16.5,Father,Daughter,Father-Daughter
22,27,Male,Female,Yes,Single,13.6,Brother,Sister,Brother-Sister
55,7,Female,Female,Yes,Single,1.4,Mother,Daughter,Mother-Daughter
61,25,Male,Female,Yes,Single,2.6,Grandfather,Granddaughter,Grandfather-Granddaughter
21,17,Female,Female,Yes,Single,14.3,Sister,Sister,Sister-Sister
52,45,Male,Male,Yes,Single,17.1,Brother,Brother,Brother-Brother
50,29,Male,Female,Yes,Divorced,18.3,Father,Daughter,Father-Daughter
51,1,Female,Male,Yes,Married,7.3,Mother,Son,Mother-Son
53,0,Male,Female,Yes,Single,4.0,Grandfather,Granddaughter,Grandfather-Granddaughter
26,0,Female,Male,Yes,Widowed,8.8,Mother,Son,Mother-Son
74,30,Male,Male,Yes,Widowed,6.2,Grandfather,Grandson,Grandfather-Grandson
82,39,Male,Female,Yes,Married,8.0,Grandfather,Granddaughter,Grandfather-Granddaughter
45,53,Male,Female,Yes,Single,16.9,Brother,Sister,Brother-Sister
67,14,Male,Male,Yes,Divorced,16.2,Father,Son,Father-Son
38,4,Female,Male,Yes,Widowed,4.6,Mother,Son,Mother-Son
44,35,Male,Male,No,Single,26.4,Roommate,Roommate,Unrelated
61,50,Male,Female,Yes,Married,19.2,Husband,Wife,Husband-Wife
44,33,Male,Female,No,Single,7.6,Roommate,Roommate,Unrelated
63,31,Male,Female,Yes,Widowed,27.8,Father,Daughter,Father-Daughter
53,12,Female,Female,Yes,Single,19.6,Grandmother,Granddaughter,Grandmother-Granddaughter
39,52,Female,Female,No,Single,14.8,Roommate,Roommate,Unrelated
35,3,Female,Male,Yes,Divorced,19.5,Mother,Son,Mother-Son
29,7,Female,Female,Yes,Married,9.4,Mother,Daughter,Mother-Daughter
50,0,Female,Male,Yes,Widowed,27.1,Grandmother,Grandson,Grandmother-Grandson
87,43,Female,Male,Yes,Widowed,1.7,Grandmother,Grandson,Grandmother-Grandson
33,40,Male,Female,Yes,Married,16.4,Husband,Wife,Husband-Wife
35,3,Female,Female,Yes,Divorced,12.6,Mother,Daughter,Mother-Daughter
28,2,Male,Female,Yes,Married,1.0,Father,Daughter,Father-Daughter
87,11,Female,Male,Yes,Single,15.5,Grandmother,Grandson,Grandmother-Grandson
33,33,Male,Female,Yes,Single,20.4,Brother,Sister,Brother-Sister
50,9,Female,Female,Yes,Married,14.0,Grandmother,Granddaughter,Grandmother-Granddaughter
62,0,Female,Male,Yes,Single,29.0,Mother,Son,Mother-Son
16,14,Male,Female,Yes,Single,27.4,Brother,Sister,Brother-Sister
65,4,Male,Female,Yes,Married,17.2,Grandfather,Granddaughter,Grandfather-Granddaughter
84,29,Male,Male,Yes,Married,10.3,Grandfather,Grandson,Grandfather-Grandson
84,3,Male,Female,Yes,Single,27.5,Grandfather,Granddaughter,Grandfather-Granddaughter
81,15,Male,Female,Yes,Married,6.7,Grandfather,Granddaughter,Grandfather-Granddaughter
54,14,Male,Female,Yes,Divorced,8.9,Grandfather,Granddaughter,Grandfather-Granddaughter
50,11,Male,Male,Yes,Married,2.6,Grandfather,Grandson,Grandfather-Grandson
59,9,Male,Female,Yes,Widowed,22.1,Father,Daughter,Father-Daughter
66,14,Female,Female,Yes,Single,7.1,Grandmother,Granddaughter,Grandmother-Granddaughter
71,5,Male,Male,Yes,Married,21.4,Grandfather,Grandson,Grandfather-Grandson
26,18,Male,Female,Yes,Married,6.9,Husband,Wife,Husband-Wife
37,29,Female,Female,Yes,Single,21.7,Sister,Sister,Sister-Sister
34,40,Male,Female,Yes,Married,12.9,Husband,Wife,Husband-Wife
52,7,Male,Female,Yes,Divorced,11.3,Father,Daughter,Father-Daughter
63,0,Male,Female,Yes,Divorced,17.2,Grandfather,Granddaughter,Grandfather-Granddaughter
33,9,Male,Female,Yes,Single,3.8,Father,Daughter,Father-Daughter
66,21,Female,Female,Yes,Married,28.7,Grandmother,Granddaughter,Grandmother-Granddaughter
67,30,Male,Male,Yes,Divorced,20.6,Father,Son,Father-Son
53,60,Female,Female,Yes,Single,27.3,Sister,Sister,Sister-Sister
51,3,Female,Male,Yes,Married,7.4,Grandmother,Grandson,Grandmother-Grandson
52,15,Male,Female,Yes,Divorced,29.2,Grandfather,Granddaughter,Grandfather-Granddaughter
42,4,Female,Female,Yes,Single,28.4,Mother,Daughter,Mother-Daughter
58,18,Male,Female,No,Single,7.1,Roommate,Roommate,Unrelated
51,50,Male,Female,Yes,Single,13.1,Brother,Sister,Brother-Sister
46,58,Male,Female,No,Single,9.2,Roommate,Roommate,Unrelated
26,5,Female,Female,Yes,Single,23.5,Mother,Daughter,Mother-Daughter
62,21,Female,Female,Yes,Single,23.8,Roommate,Roommate,Unrelated
54,31,Male,Female,Yes,Married,18.2,Father,Daughter,Father-Daughter
29,7,Female,Female,Yes,Single,18.9,Mother,Daughter,Mother-Daughter
87,49,Female,Female,Yes,Single,8.5,Grandmother,Granddaughter,Grandmother-Granddaughter
56,19,Male,Male,Yes,Widowed,11.1,Father,Son,Father-Son
48,52,Male,Male,Yes,Single,14.8,Brother,Brother,Brother-Brother
9,4,Female,Female,Yes,Single,10.6,Sister,Sister,Sister-Sister
36,38,Female,Female,Yes,Single,18.3,Sister,Sister,Sister-Sister
29,37,Female,Female,Yes,Single,23.3,Sister,Sister,Sister-Sister
40,51,Male,Female,Yes,Married,26.1,Husband,Wife,Husband-Wife
43,39,Male,Female,No,Single,17.1,Roommate,Roommate,Unrelated
32,10,Female,Female,Yes,Single,7.2,Mother,Daughter,Mother-Daughter
76,34,Female,Male,Yes,Widowed,24.1,Grandmother,Grandson,Grandmother-Grandson
49,11,Male,Male,Yes,Widowed,5.0,Father,Son,Father-Son
64,54,Male,Female,Yes,Married,3.1,Husband,Wife,Husband-Wife
51,52,Female,Female,Yes,Single,15.6,Sister,Sister,Sister-Sister
57,19,Female,Male,Yes,Single,23.9,Grandmother,Grandson,Grandmother-Grandson
73,5,Male,Female,Yes,Widowed,23.2,Grandfather,Granddaughter,Grandfather-Granddaughter
61,5,Female,Male,Yes,Married,15.1,Grandmother,Grandson,Grandmother-Grandson
35,38,Male,Female,Yes,Married,2.0,Husband,Wife,Husband-Wife
58,1,Male,Male,Yes,Married,28.0,Grandfather,Grandson,Grandfather-Grandson
37,2,Female,Male,Yes,Single,8.1,Mother,Son,Mother-Son
50,0,Male,Male,Yes,Married,3.1,Grandfather,Grandson,Grandfather-Grandson
51,18,Male,Male,Yes,Married,12.2,Father,Son,Father-Son
90,43,Male,Female,Yes,Divorced,14.7,Grandfather,Granddaughter,Grandfather-Granddaughter
70,6,Male,Female,Yes,Married,6.8,Father,Daughter,Father-Daughter
31,36,Male,Female,No,Single,22.5,Roommate,Roommate,Unrelated
54,13,Female,Female,Yes,Single,22.1,Grandmother,Granddaughter,Grandmother-Granddaughter
37,38,Female,Female,Yes,Single,18.9,Sister,Sister,Sister-Sister
70,14,Male,Female,Yes,Married,13.7,Grandfather,Granddaughter,Grandfather-Granddaughter
53,6,Female,Female,Yes,Married,29.5,Mother,Daughter,Mother-Daughter
89,36,Male,Male,Yes,Married,16.4,Grandfather,Grandson,Grandfather-Grandson
54,15,Female,Male,Yes,Married,14.3,Grandmother,Grandson,Grandmother-Grandson
70,11,Male,Male,Yes,Single,12.7,Grandfather,Grandson,Grandfather-Grandson
76,8,Male,Male,Yes,Widowed,21.7,Grandfather,Grandson,Grandfather-Grandson
54,24,Male,Female,Yes,Divorced,9.1,Father,Daughter,Father-Daughter
51,23,Female,Male,Yes,Divorced,19.7,Mother,Son,Mother-Son
55,18,Male,Male,Yes,Widowed,11.8,Grandfather,Grandson,Grandfather-Grandson
45,41,Male,Female,Yes,Married,10.0,Husband,Wife,Husband-Wife
80,20,Male,Female,Yes,Widowed,12.2,Grandfather,Granddaughter,Grandfather-Granddaughter
22,22,Male,Male,Yes,Single,13.2,Brother,Brother,Brother-Brother
24,25,Male,Female,Yes,Married,7.4,Husband,Wife,Husband-Wife
50,60,Male,Female,Yes,Married,28.3,Husband,Wife,Husband-Wife
33,32,Female,Female,Yes,Single,2.7,Sister,Sister,Sister-Sister
44,40,Male,Female,Yes,Single,12.1,Brother,Sister,Brother-Sister
33,38,Male,Female,Yes,Married,20.6,Husband,Wife,Husband-Wife
45,3,Male,Female,Yes,Divorced,21.8,Father,Daughter,Father-Daughter
33,28,Female,Female,Yes,Single,13.2,Sister,Sister,Sister-Sister
57,9,Male,Female,Yes,Married,11.4,Grandfather,Granddaughter,Grandfather-Granddaughter
57,14,Male,Male,Yes,Divorced,14.2,Grandfather,Grandson,Grandfather-Grandson
77,9,Male,Female,Yes,Married,24.7,Grandfather,Granddaughter,Grandfather-Granddaughter
83,3,Male,Female,Yes,Widowed,4.5,Grandfather,Granddaughter,Grandfather-Granddaughter
55,13,Female,Male,Yes,Divorced,22.4,Grandmother,Grandson,Grandmother-Grandson
44,9,Female,Female,Yes,Divorced,6.1,Mother,Daughter,Mother-Daughter
44,1,Male,Male,Yes,Widowed,19.2,Father,Son,Father-Son
53,55,Male,Male,Yes,Single,19.0,Brother,Brother,Brother-Brother
48,44,Male,Female,Yes,Single,18.9,Brother,Sister,Brother-Sister
45,11,Male,Female,Yes,Widowed,8.4,Father,Daughter,Father-Daughter
68,2,Male,Male,Yes,Divorced,17.1,Grandfather,Grandson,Grandfather-Grandson
38,9,Male,Male,Yes,Married,13.4,Father,Son,Father-Son
85,29,Female,Female,Yes,Single,16.4,Grandmother,Granddaughter,Grandmother-Granddaughter
45,53,Female,Female,Yes,Single,22.6,Sister,Sister,Sister-Sister
51,0,Male,Female,Yes,Married,6.1,Grandfather,Granddaughter,Grandfather-Granddaughter
46,34,Male,Female,Yes,Married,14.2,Husband,Wife,Husband-Wife
17,10,Female,Female,Yes,Single,20.3,Sister,Sister,Sister-Sister
11,18,Male,Female,Yes,Single,13.3,Brother,Sister,Brother-Sister
5,5,Male,Male,Yes,Single,24.9,Brother,Brother,Brother-Brother
48,18,Male,Female,Yes,Widowed,7.9,Father,Daughter,Father-Daughter
53,15,Female,Male,Yes,Widowed,7.4,Grandmother,Grandson,Grandmother-Grandson
65,0,Female,Male,Yes,Married,28.2,Mother,Son,Mother-Son
11,1,Male,Male,Yes,Single,26.3,Brother,Brother,Brother-Brother
50,11,Male,Female,Yes,Widowed,14.8,Grandfather,Granddaughter,Grandfather-Granddaughter
28,23,Female,Female,Yes,Single,28.9,Sister,Sister,Sister-Sister
65,65,Male,Male,No,Single,24.7,Roommate,Roommate,Unrelated
87,39,Male,Female,Yes,Widowed,11.0,Grandfather,Granddaughter,Grandfather-Granddaughter
34,48,Male,Female,No,Single,4.8,Roommate,Roommate,Unrelated
21,18,Female,Female,Yes,Single,0.8,Sister,Sister,Sister-Sister
80,0,Female,Female,Yes,Widowed,7.0,Grandmother,Granddaughter,Grandmother-Granddaughter
41,1,Male,Male,Yes,Divorced,4.0,Father,Son,Father-Son
83,46,Female,Female,Yes,Widowed,19.6,Grandmother,Granddaughter,Grandmother-Granddaughter
53,12,Male,Male,Yes,Single,28.3,Grandfather,Grandson,Grandfather-Grandson
45,45,Female,Male,Yes,Single,17.0,Roommate,Roommate,Unrelated
52,1,Female,Male,Yes,Divorced,21.5,Grandmother,Grandson,Grandmother-Grandson
54,33,Female,Male,Yes,Divorced,18.7,Mother,Son,Mother-Son
28,3,Female,Female,Yes,Married,17.7,Mother,Daughter,Mother-Daughter
51,10,Male,Male,Yes,Married,13.2,Grandfather,Grandson,Grandfather-Grandson
64,7,Male,Female,Yes,Single,2.7,Father,Daughter,Father-Daughter
69,5,Male,Female,Yes,Widowed,29.0,Grandfather,Granddaughter,Grandfather-Granddaughter
63,21,Female,Male,Yes,Single,15.0,Grandmother,Grandson,Grandmother-Grandson
31,0,Female,Female,Yes,Single,27.1,Mother,Daughter,Mother-Daughter
50,55,Male,Female,Yes,Married,3.2,Husband,Wife,Husband-Wife
37,40,Male,Male,Yes,Single,7.3,Brother,Brother,Brother-Brother
86,34,Male,Male,Yes,Married,8.3,Grandfather,Grandson,Grandfather-Grandson
50,54,Male,Female,Yes,Married,8.1,Husband,Wife,Husband-Wife
73,14,Female,Male,Yes,Widowed,13.5,Grandmother,Grandson,Grandmother-Grandson
57,59,Female,Female,Yes,Single,6.6,Sister,Sister,Sister-Sister
57,35,Male,Male,Yes,Divorced,22.6,Father,Son,Father-Son
82,17,Female,Male,Yes,Widowed,12.6,Grandmother,Grandson,Grandmother-Grandson
16,20,Female,Female,Yes,Single,11.6,Sister,Sister,Sister-Sister
19,15,Female,Female,Yes,Single,29.8,Sister,Sister,Sister-Sister
83,1,Female,Male,Yes,Married,12.4,Grandmother,Grandson,Grandmother-Grandson
49,22,Female,Female,No,Single,19.8,Roommate,Roommate,Unrelated
31,8,Male,Female,Yes,Divorced,9.1,Father,Daughter,Father-Daughter
70,6,Male,Male,Yes,Married,0.7,Father,Son,Father-Son
77,20,Male,Male,Yes,Single,6.1,Grandfather,Grandson,Grandfather-Grandson
42,19,Female,Male,Yes,Divorced,2.3,Mother,Son,Mother-Son
61,3,Female,Male,Yes,Married,11.9,Grandmother,Grandson,Grandmother-Grandson
47,52,Male,Female,Yes,Single,9.8,Brother,Sister,Brother-Sister
45,45,Female,Female,Yes,Single,19.5,Sister,Sister,Sister-Sister
31,8,Female,Female,Yes,Divorced,19.6,Mother,Daughter,Mother-Daughter
63,64,Male,Female,Yes,Married,19.6,Husband,Wife,Husband-Wife
46,40,Male,Female,Yes,Married,28.5,Husband,Wife,Husband-Wife
87,32,Female,Male,Yes,Widowed,7.8,Grandmother,Grandson,Grandmother-Grandson
52,19,Male,Female,Yes,Married,20.8,Father,Daughter,Father-Daughter
80,0,Male,Female,Yes,Single,26.3,Grandfather,Granddaughter,Grandfather-Granddaughter
30,37,Male,Male,No,Single,20.4,Roommate,Roommate,Unrelated
61,67,Male,Female,Yes,Married,25.7,Husband,Wife,Husband-Wife
28,10,Female,Male,Yes,Married,13.2,Mother,Son,Mother-Son
53,63,Female,Female,No,Single,20.6,Roommate,Roommate,Unrelated
6,5,Male,Female,Yes,Single,4.1,Brother,Sister,Brother-Sister
75,18,Female,Female,Yes,Single,26.9,Grandmother,Granddaughter,Grandmother-Granddaughter
48,12,Male,Female,Yes,Married,13.4,Father,Daughter,Father-Daughter
29,10,Male,Female,Yes,Married,26.2,Father,Daughter,Father-Daughter
27,36,Male,Female,Yes,Married,23.4,Husband,Wife,Husband-Wife
30,4,Female,Female,Yes,Single,8.3,Mother,Daughter,Mother-Daughter
61,27,Male,Male,No,Single,28.0,Roommate,Roommate,Unrelated
31,3,Male,Female,Yes,Married,1.7,Father,Daughter,Father-Daughter
80,13,Female,Female,Yes,Divorced,3.0,Grandmother,Granddaughter,Grandmother-Granddaughter
61,18,Female,Female,Yes,Divorced,2.7,Mother,Daughter,Mother-Daughter
28,10,Male,Female,Yes,Single,18.7,Father,Daughter,Father-Daughter
37,36,Male,Male,Yes,Single,24.7,Brother,Brother,Brother-Brother
49,20,Male,Male,Yes,Divorced,26.4,Father,Son,Father-Son
47,44,Female,Female,Yes,Single,22.2,Sister,Sister,Sister-Sister
50,46,Male,Female,Yes,Married,26.9,Husband,Wife,Husband-Wife
58,62,Male,Female,Yes,Married,3.5,Husband,Wife,Husband-Wife
19,16,Female,Female,Yes,Single,2.9,Sister,Sister,Sister-Sister
80,15,Female,Female,Yes,Divorced,18.6,Grandmother,Granddaughter,Grandmother-Granddaughter
86,21,Male,Female,Yes,Divorced,6.0,Grandfather,Granddaughter,Grandfather-Granddaughter
40,43,Male,Female,Yes,Single,7.0,Brother,Sister,Brother-Sister
26,38,Male,Female,No,Single,20.3,Roommate,Roommate,Unrelated
30,12,Female,Female,Yes,Widowed,24.8,Mother,Daughter,Mother-Daughter
89,3,Female,Male,Yes,Divorced,22.5,Grandmother,Grandson,Grandmother-Grandson
51,11,Male,Male,Yes,Divorced,2.9,Grandfather,Grandson,Grandfather-Grandson
35,10,Female,Male,Yes,Single,12.6,Mother,Son,Mother-Son
20,25,Female,Female,Yes,Single,2.1,Sister,Sister,Sister-Sister
85,6,Female,Male,Yes,Widowed,27.2,Grandmother,Grandson,Grandmother-Grandson
34,61,Female,Male,Yes,Single,25.0,Roommate,Roommate,Unrelated
64,46,Male,Female,No,Single,27.3,Roommate,Roommate,Unrelated
37,18,Male,Female,Yes,Married,14.7,Father,Daughter,Father-Daughter
45,53,Male,Male,Yes,Single,20.1,Brother,Brother,Brother-Brother
90,18,Female,Male,Yes,Divorced,1.3,Grandmother,Grandson,Grandmother-Grandson
27,18,Female,Female,Yes,Single,21.7,Sister,Sister,Sister-Sister
56,16,Female,Male,Yes,Single,22.6,Grandmother,Grandson,Grandmother-Grandson
73,27,Male,Male,Yes,Widowed,17.8,Grandfather,Grandson,Grandfather-Grandson
46,48,Male,Male,Yes,Single,6.5,Brother,Brother,Brother-Brother
70,35,Male,Male,Yes,Married,20.7,Grandfather,Grandson,Grandfather-Grandson
77,3,Female,Female,Yes,Divorced,29.5,Grandmother,Granddaughter,Grandmother-Granddaughter
77,28,Male,Female,Yes,Divorced,19.7,Grandfather,Granddaughter,Grandfather-Granddaughter
57,22,Female,Female,Yes,Divorced,16.1,Grandmother,Granddaughter,Grandmother-Granddaughter
86,1,Male,Male,Yes,Single,6.4,Grandfather,Grandson,Grandfather-Grandson
68,38,Male,Female,Yes,Widowed,16.1,Father,Daughter,Father-Daughter
35,28,Male,Female,Yes,Single,25.5,Brother,Sister,Brother-Sister
32,30,Female,Male,No,Single,3.8,Roommate,Roommate,Unrelated
47,47,Male,Female,Yes,Married,8.7,Husband,Wife,Husband-Wife
44,21,Male,Male,Yes,Married,26.1,Father,Son,Father-Son
53,7,Female,Male,Yes,Divorced,15.9,Mother,Son,Mother-Son
54,48,Female,Female,Yes,Single,7.8,Sister,Sister,Sister-Sister
50,51,Female,Female,Yes,Single,7.6,Sister,Sister,Sister-Sister
10,5,Female,Female,Yes,Single,12.1,Sister,Sister,Sister-Sister
20,22,Female,Female,Yes,Single,23.3,Sister,Sister,Sister-Sister
37,5,Male,Female,Yes,Widowed,18.6,Father,Daughter,Father-Daughter
69,60,Male,Female,Yes,Married,8.8,Husband,Wife,Husband-Wife
65,15,Female,Female,Yes,Widowed,11.4,Grandmother,Granddaughter,Grandmother-Granddaughter
21,31,Male,Female,Yes,Married,9.5,Husband,Wife,Husband-Wife
69,31,Male,Male,Yes,Divorced,6.9,Grandfather,Grandson,Grandfather-Grandson
44,45,Male,Female,Yes,Single,20.3,Brother,Sister,Brother-Sister
86,34,Female,Female,Yes,Widowed,29.8,Grandmother,Granddaughter,Grandmother-Granddaughter
52,9,Female,Male,Yes,Single,12.1,Grandmother,Grandson,Grandmother-Grandson
51,52,Male,Female,Yes,Married,14.0,Husband,Wife,Husband-Wife
39,42,Male,Female,Yes,Married,9.1,Husband,Wife,Husband-Wife
59,14,Male,Female,Yes,Single,19.6,Grandfather,Granddaughter,Grandfather-Granddaughter
68,29,Male,Male,Yes,Widowed,23.6,Grandfather,Grandson,Grandfather-Grandson
25,28,Female,Female,Yes,Single,19.6,Sister,Sister,Sister-Sister
65,17,Female,Male,Yes,Widowed,12.2,Grandmother,Grandson,Grandmother-Grandson
35,37,Male,Female,Yes,Married,24.7,Husband,Wife,Husband-Wife
78,30,Male,Male,Yes,Widowed,9.7,Grandfather,Grandson,Grandfather-Grandson
7,17,Male,Male,Yes,Single,14.9,Brother,Brother,Brother-Brother
84,47,Male,Female,Yes,Single,28.4,Grandfather,Granddaughter,Grandfather-Granddaughter
51,47,Male,Female,Yes,Single,29.7,Brother,Sister,Brother-Sister
51,12,Female,Male,Yes,Divorced,22.9,Mother,Son,Mother-Son
39,13,Male,Male,Yes,Single,20.1,Father,Son,Father-Son
26,0,Female,Female,Yes,Divorced,28.5,Mother,Daughter,Mother-Daughter
60,55,Female,Female,No,Single,23.3,Roommate,Roommate,Unrelated
59,68,Male,Female,Yes,Married,22.9,Husband,Wife,Husband-Wife
43,14,Female,Female,Yes,Single,6.9,Mother,Daughter,Mother-Daughter
44,33,Male,Female,Yes,Married,10.8,Husband,Wife,Husband-Wife
25,37,Male,Female,Yes,Married,9.4,Husband,Wife,Husband-Wife
8,2,Male,Male,Yes,Single,3.2,Brother,Brother,Brother-Brother
9,15,Male,Male,Yes,Single,10.0,Brother,Brother,Brother-Brother
61,38,Male,Female,Yes,Widowed,22.4,Father,Daughter,Father-Daughter
34,15,Female,Male,Yes,Married,5.7,Mother,Son,Mother-Son
11,11,Female,Female,Yes,Single,5.4,Sister,Sister,Sister-Sister
65,6,Male,Male,Yes,Widowed,25.4,Grandfather,Grandson,Grandfather-Grandson
7,1,Male,Male,Yes,Single,11.4,Brother,Brother,Brother-Brother
48,0,Male,Female,Yes,Widowed,11.7,Father,Daughter,Father-Daughter
51,20,Female,Male,Yes,Divorced,20.0,Mother,Son,Mother-Son
72,1,Male,Male,Yes,Married,3.0,Grandfather,Grandson,Grandfather-Grandson
50,8,Female,Male,Yes,Divorced,9.4,Grandmother,Grandson,Grandmother-Grandson
48,51,Male,Male,Yes,Single,2.5,Brother,Brother,Brother-Brother
56,70,Male,Female,No,Single,2.8,Roommate,Roommate,Unrelated
53,21,Female,Male,No,Single,17.6,Roommate,Roommate,Unrelated
44,53,Male,Female,Yes,Married,29.0,Husband,Wife,Husband-Wife
30,42,Male,Female,Yes,Married,2.2,Husband,Wife,Husband-Wife
77,10,Male,Female,Yes,Married,3.3,Grandfather,Granddaughter,Grandfather-Granddaughter
61,13,Female,Male,Yes,Widowed,26.7,Mother,Son,Mother-Son
24,34,Male,Female,Yes,Single,3.2,Brother,Sister,Brother-Sister
48,22,Female,Female,Yes,Widowed,24.9,Mother,Daughter,Mother-Daughter
52,48,Female,Female,Yes,Single,15.6,Sister,Sister,Sister-Sister
67,28,Male,Female,Yes,Divorced,8.4,Grandfather,Granddaughter,Grandfather-Granddaughter
52,59,Male,Female,Yes,Married,14.6,Husband,Wife,Husband-Wife
35,8,Male,Male,Yes,Single,15.2,Father,Son,Father-Son
89,37,Female,Female,Yes,Widowed,5.5,Grandmother,Granddaughter,Grandmother-Granddaughter
32,41,Male,Female,Yes,Married,19.0,Husband,Wife,Husband-Wife
52,2,Male,Male,Yes,Married,28.0,Grandfather,Grandson,Grandfather-Grandson
53,55,Male,Male,Yes,Single,1.7,Brother,Brother,Brother-Brother
56,17,Male,Female,Yes,Divorced,26.4,Father,Daughter,Father-Daughter
42,4,Female,Male,Yes,Divorced,28.8,Mother,Son,Mother-Son
56,19,Male,Male,Yes,Widowed,2.8,Father,Son,Father-Son
72,13,Male,Female,Yes,Divorced,22.7,Grandfather,Granddaughter,Grandfather-Granddaughter
45,17,Male,Female,Yes,Single,11.5,Father,Daughter,Father-Daughter
33,34,Male,Male,Yes,Single,11.8,Brother,Brother,Brother-Brother
58,20,Male,Female,Yes,Married,18.9,Father,Daughter,Father-Daughter
63,44,Male,Male,Yes,Divorced,5.8,Father,Son,Father-Son
29,0,Female,Female,Yes,Divorced,29.3,Mother,Daughter,Mother-Daughter
34,69,Male,Female,No,Single,7.9,Roommate,Roommate,Unrelated
37,12,Male,Female,Yes,Divorced,19.8,Father,Daughter,Father-Daughter
23,54,Male,Male,No,Single,5.5,Roommate,Roommate,Unrelated
19,20,Male,Male,No,Single,23.0,Roommate,Roommate,Unrelated
71,9,Male,Female,Yes,Widowed,15.3,Grandfather,Granddaughter,Grandfather-Granddaughter
62,35,Male,Female,Yes,Widowed,2.3,Father,Daughter,Father-Daughter
51,8,Female,Female,Yes,Married,14.4,Grandmother,Granddaughter,Grandmother-Granddaughter
34,16,Female,Female,Yes,Married,17.6,Mother,Daughter,Mother-Daughter
53,59,Male,Female,Yes,Married,4.8,Husband,Wife,Husband-Wife
59,58,Male,Female,Yes,Married,8.5,Husband,Wife,Husband-Wife
46,16,Male,Male,Yes,Widowed,25.2,Father,Son,Father-Son
59,23,Female,Male,Yes,Divorced,0.9,Mother,Son,Mother-Son
30,5,Male,Male,Yes,Widowed,18.5,Father,Son,Father-Son
24,31,Male,Female,Yes,Married,10.9,Husband,Wife,Husband-Wife
39,46,Male,Female,Yes,Single,3.7,Brother,Sister,Brother-Sister
18,12,Male,Male,Yes,Single,25.2,Brother,Brother,Brother-Brother
74,1,Male,Male,Yes,Widowed,25.7,Grandfather,Grandson,Grandfather-Grandson
80,19,Male,Male,Yes,Widowed,12.5,Grandfather,Grandson,Grandfather-Grandson
16,13,Male,Female,Yes,Single,17.9,Brother,Sister,Brother-Sister
39,47,Male,Female,Yes,Married,6.8,Husband,Wife,Husband-Wife
52,32,Female,Male,No,Single,1.7,Roommate,Roommate,Unrelated
30,9,Female,Male,Yes,Widowed,15.8,Mother,Son,Mother-Son
49,24,Male,Male,Yes,Single,25.7,Father,Son,Father-Son
49,8,Female,Female,Yes,Divorced,4.5,Mother,Daughter,Mother-Daughter
53,10,Female,Female,Yes,Widowed,22.1,Grandmother,Granddaughter,Grandmother-Granddaughter
28,6,Male,Male,Yes,Married,15.3,Father,Son,Father-Son
38,9,Female,Female,Yes,Widowed,29.0,Mother,Daughter,Mother-Daughter
51,45,Male,Female,Yes,Married,25.8,Husband,Wife,Husband-Wife
35,32,Male,Female,Yes,Married,15.8,Husband,Wife,Husband-Wife
39,36,Male,Male,Yes,Single,16.3,Brother,Brother,Brother-Brother
36,59,Female,Male,No,Single,9.0,Roommate,Roommate,Unrelated
40,45,Male,Male,Yes,Single,2.9,Brother,Brother,Brother-Brother
33,14,Female,Female,Yes,Married,21.7,Mother,Daughter,Mother-Daughter
62,1,Female,Female,Yes,Married,19.9,Grandmother,Granddaughter,Grandmother-Granddaughter
59,55,Female,Female,Yes,Single,24.3,Sister,Sister,Sister-Sister
52,0,Male,Male,Yes,Divorced,17.7,Grandfather,Grandson,Grandfather-Grandson
35,34,Male,Male,Yes,Single,9.7,Brother,Brother,Brother-Brother
41,8,Male,Male,Yes,Single,10.0,Father,Son,Father-Son
58,67,Male,Female,Yes,Single,17.4,Brother,Sister,Brother-Sister
38,5,Male,Male,Yes,Married,11.6,Father,Son,Father-Son
46,12,Male,Female,Yes,Divorced,10.7,Father,Daughter,Father-Daughter
27,53,Female,Female,No,Single,16.2,Roommate,Roommate,Unrelated
32,26,Male,Female,Yes,Single,16.8,Brother,Sister,Brother-Sister
75,27,Male,Male,Yes,Widowed,23.8,Grandfather,Grandson,Grandfather-Grandson
31,38,Male,Male,Yes,Single,23.3,Brother,Brother,Brother-Brother
61,54,Male,Female,Yes,Married,11.0,Husband,Wife,Husband-Wife
77,21,Female,Male,Yes,Divorced,21.3,Grandmother,Grandson,Grandmother-Grandson
52,25,Female,Male,Yes,Single,28.4,Mother,Son,Mother-Son
43,25,Male,Male,Yes,Widowed,6.4,Father,Son,Father-Son
59,63,Male,Female,Yes,Married,3.9,Husband,Wife,Husband-Wife
86,2,Male,Female,Yes,Single,11.8,Grandfather,Granddaughter,Grandfather-Granddaughter
70,54,Female,Male,No,Single,12.3,Roommate,Roommate,Unrelated
85,33,Female,Male,Yes,Married,2.0,Grandmother,Grandson,Grandmother-Grandson
64,0,Female,Male,Yes,Widowed,6.7,Mother,Son,Mother-Son
61,6,Male,Male,Yes,Married,2.6,Grandfather,Grandson,Grandfather-Grandson
82,22,Male,Male,Yes,Divorced,18.9,Grandfather,Grandson,Grandfather-Grandson
10,7,Female,Female,Yes,Single,24.4,Sister,Sister,Sister-Sister
28,8,Male,Female,Yes,Widowed,5.7,Father,Daughter,Father-Daughter
59,7,Female,Male,Yes,Widowed,3.8,Grandmother,Grandson,Grandmother-Grandson
54,47,Male,Female,Yes,Married,1.0,Husband,Wife,Husband-Wife
28,3,Female,Male,Yes,Married,2.5,Mother,Son,Mother-Son
52,3,Female,Female,Yes,Single,23.2,Mother,Daughter,Mother-Daughter
57,17,Female,Male,Yes,Single,6.9,Mother,Son,Mother-Son
43,46,Male,Male,Yes,Single,25.8,Brother,Brother,Brother-Brother
25,33,Male,Female,Yes,Single,20.7,Brother,Sister,Brother-Sister
65,31,Female,Male,Yes,Married,22.8,Mother,Son,Mother-Son
61,26,Male,Female,Yes,Widowed,28.9,Grandfather,Granddaughter,Grandfather-Granddaughter
30,1,Female,Male,Yes,Married,26.3,Mother,Son,Mother-Son
87,16,Female,Female,Yes,Married,10.6,Grandmother,Granddaughter,Grandmother-Granddaughter
37,50,Male,Female,No,Single,5.2,Roommate,Roommate,Unrelated
28,3,Male,Female,Yes,Married,15.3,Father,Daughter,Father-Daughter
36,32,Male,Female,Yes,Married,4.3,Husband,Wife,Husband-Wife
68,9,Male,Male,Yes,Married,12.4,Grandfather,Grandson,Grandfather-Grandson
52,54,Female,Female,No,Single,4.5,Roommate,Roommate,Unrelated
26,4,Female,Female,Yes,Married,6.5,Mother,Daughter,Mother-Daughter
32,6,Male,Male,Yes,Married,24.6,Father,Son,Father-Son
55,50,Male,Male,Yes,Single,27.0,Brother,Brother,Brother-Brother
57,21,Female,Male,Yes,Widowed,29.4,Mother,Son,Mother-Son
36,8,Female,Female,Yes,Single,24.3,Mother,Daughter,Mother-Daughter
36,23,Male,Male,No,Single,1.7,Roommate,Roommate,Unrelated
73,8,Male,Male,Yes,Divorced,12.7,Grandfather,Grandson,Grandfather-Grandson
65,14,Male,Female,Yes,Widowed,19.7,Father,Daughter,Father-Daughter
41,32,Male,Female,Yes,Married,1.8,Husband,Wife,Husband-Wife
9,8,Male,Female,Yes,Single,12.2,Brother,Sister,Brother-Sister
35,8,Male,Male,Yes,Divorced,29.6,Father,Son,Father-Son
61,2,Male,Female,Yes,Single,4.9,Father,Daughter,Father-Daughter
87,7,Male,Female,Yes,Single,4.2,Grandfather,Granddaughter,Grandfather-Granddaughter
85,50,Male,Female,Yes,Single,17.1,Grandfather,Granddaughter,Grandfather-Granddaughter
45,15,Female,Female,Yes,Single,16.8,Mother,Daughter,Mother-Daughter
21,14,Male,Male,Yes,Single,13.3,Brother,Brother,Brother-Brother
50,9,Female,Female,Yes,Divorced,22.3,Grandmother,Granddaughter,Grandmother-Granddaughter
80,38,Male,Male,Yes,Single,13.3,Grandfather,Grandson,Grandfather-Grandson
58,23,Male,Female,Yes,Married,26.1,Grandfather,Granddaughter,Grandfather-Granddaughter
47,21,Male,Female,Yes,Widowed,24.1,Father,Daughter,Father-Daughter
49,42,Female,Female,No,Single,9.5,Roommate,Roommate,Unrelated
90,47,Female,Female,Yes,Divorced,11.8,Grandmother,Granddaughter,Grandmother-Granddaughter
16,23,Female,Female,Yes,Single,10.4,Sister,Sister,Sister-Sister
16,14,Male,Male,Yes,Single,6.7,Brother,Brother,Brother-Brother
60,18,Female,Male,Yes,Widowed,10.2,Grandmother,Grandson,Grandmother-Grandson
59,11,Female,Female,Yes,Single,17.9,Grandmother,Granddaughter,Grandmother-Granddaughter
26,36,Male,Female,Yes,Married,8.3,Husband,Wife,Husband-Wife
32,8,Male,Female,Yes,Divorced,7.3,Father,Daughter,Father-Daughter
40,31,Female,Male,No,Single,24.7,Roommate,Roommate,Unrelated
31,8,Female,Male,Yes,Single,24.9,Mother,Son,Mother-Son
54,49,Female,Female,Yes,Single,28.6,Sister,Sister,Sister-Sister
32,33,Female,Female,Yes,Single,10.7,Sister,Sister,Sister-Sister
60,58,Male,Male,No,Single,16.9,Roommate,Roommate,Unrelated
67,68,Male,Female,No,Single,1.1,Roommate,Roommate,Unrelated
44,60,Male,Female,No,Single,3.4,Roommate,Roommate,Unrelated
85,8,Female,Male,Yes,Single,8.5,Grandmother,Grandson,Grandmother-Grandson
51,54,Male,Male,Yes,Single,7.9,Brother,Brother,Brother-Brother
78,35,Male,Male,Yes,Married,24.1,Grandfather,Grandson,Grandfather-Grandson
47,55,Male,Male,Yes,Single,12.1,Brother,Brother,Brother-Brother
52,7,Male,Female,Yes,Widowed,23.6,Grandfather,Granddaughter,Grandfather-Granddaughter
66,0,Male,Female,Yes,Married,2.8,Father,Daughter,Father-Daughter
31,34,Male,Female,Yes,Single,9.4,Brother,Sister,Brother-Sister
75,40,Male,Male,Yes,Married,28.5,Grandfather,Grandson,Grandfather-Grandson
52,13,Female,Female,Yes,Single,9.5,Grandmother,Granddaughter,Grandmother-Granddaughter
61,3,Male,Female,Yes,Widowed,21.1,Grandfather,Granddaughter,Grandfather-Granddaughter
65,26,Male,Male,Yes,Widowed,16.7,Grandfather,Grandson,Grandfather-Grandson
10,7,Male,Female,Yes,Single,29.0,Brother,Sister,Brother-Sister
42,42,Male,Female,Yes,Single,20.5,Brother,Sister,Brother-Sister
54,13,Female,Female,Yes,Single,9.0,Grandmother,Granddaughter,Grandmother-Granddaughter
30,21,Male,Female,Yes,Single,9.5,Brother,Sister,Brother-Sister
53,2,Female,Male,Yes,Married,17.2,Mother,Son,Mother-Son
90,17,Female,Female,Yes,Widowed,5.0,Grandmother,Granddaughter,Grandmother-Granddaughter
55,19,Female,Male,No,Single,5.4,Roommate,Roommate,Unrelated
49,47,Female,Female,Yes,Single,22.8,Sister,Sister,Sister-Sister
30,25,Male,Male,Yes,Single,23.0,Brother,Brother,Brother-Brother
59,20,Male,Female,Yes,Single,3.3,Grandfather,Granddaughter,Grandfather-Granddaughter
8,0,Male,Female,Yes,Single,11.0,Brother,Sister,Brother-Sister
50,14,Female,Male,Yes,Widowed,16.7,Grandmother,Grandson,Grandmother-Grandson
11,3,Male,Female,Yes,Single,6.9,Brother,Sister,Brother-Sister
61,36,Male,Female,Yes,Single,10.5,Father,Daughter,Father-Daughter
35,16,Male,Male,Yes,Single,16.2,Father,Son,Father-Son
86,38,Female,Male,Yes,Widowed,1.4,Grandmother,Grandson,Grandmother-Grandson
41,42,Male,Female,Yes,Single,18.0,Brother,Sister,Brother-Sister
18,13,Female,Female,Yes,Single,20.9,Sister,Sister,Sister-Sister
60,0,Male,Female,Yes,Married,26.4,Father,Daughter,Father-Daughter
69,41,Male,Female,Yes,Single,13.9,Father,Daughter,Father-Daughter
32,5,Male,Female,Yes,Widowed,17.7,Father,Daughter,Father-Daughter
47,24,Male,Male,Yes,Divorced,27.0,Father,Son,Father-Son
67,41,Male,Male,Yes,Divorced,2.8,Father,Son,Father-Son
30,25,Male,Female,Yes,Single,2.3,Brother,Sister,Brother-Sister
58,34,Female,Male,Yes,Married,23.7,Mother,Son,Mother-Son
46,56,Female,Female,Yes,Single,13.1,Sister,Sister,Sister-Sister
5,4,Male,Female,Yes,Single,4.4,Brother,Sister,Brother-Sister
50,12,Female,Female,Yes,Married,27.5,Grandmother,Granddaughter,Grandmother-Granddaughter
45,6,Female,Male,Yes,Married,25.6,Mother,Son,Mother-Son
66,15,Female,Male,Yes,Married,19.3,Grandmother,Grandson,Grandmother-Grandson
84,46,Male,Male,Yes,Widowed,9.4,Grandfather,Grandson,Grandfather-Grandson
76,16,Female,Male,Yes,Divorced,22.0,Grandmother,Grandson,Grandmother-Grandson
40,38,Female,Female,Yes,Single,21.8,Sister,Sister,Sister-Sister
82,47,Male,Male,Yes,Divorced,13.4,Grandfather,Grandson,Grandfather-Grandson
47,9,Female,Female,Yes,Married,13.3,Mother,Daughter,Mother-Daughter
47,41,Male,Female,Yes,Single,19.7,Brother,Sister,Brother-Sister
56,37,Female,Female,Yes,Divorced,9.6,Mother,Daughter,Mother-Daughter
43,21,Male,Male,Yes,Married,7.8,Father,Son,Father-Son
64,16,Female,Female,Yes,Divorced,8.5,Mother,Daughter,Mother-Daughter
32,3,Female,Female,Yes,Single,4.6,Mother,Daughter,Mother-Daughter
46,24,Male,Female,Yes,Widowed,7.3,Father,Daughter,Father-Daughter
74,31,Female,Male,Yes,Single,19.8,Grandmother,Grandson,Grandmother-Grandson
65,21,Female,Female,Yes,Widowed,22.0,Grandmother,Granddaughter,Grandmother-Granddaughter
51,6,Male,Male,Yes,Married,26.3,Grandfather,Grandson,Grandfather-Grandson
24,23,Male,Male,Yes,Single,18.7,Brother,Brother,Brother-Brother
46,38,Male,Female,Yes,Married,12.5,Husband,Wife,Husband-Wife
39,29,Female,Female,Yes,Single,23.0,Sister,Sister,Sister-Sister
58,61,Male,Male,Yes,Single,29.1,Brother,Brother,Brother-Brother
33,9,Male,Female,Yes,Widowed,24.1,Father,Daughter,Father-Daughter
56,28,Female,Female,Yes,Married,23.1,Mother,Daughter,Mother-Daughter
30,37,Female,Female,Yes,Single,8.7,Sister,Sister,Sister-Sister
61,26,Male,Male,Yes,Single,21.2,Grandfather,Grandson,Grandfather-Grandson
65,1,Female,Male,Yes,Widowed,28.5,Grandmother,Grandson,Grandmother-Grandson
53,0,Male,Male,Yes,Widowed,13.8,Grandfather,Grandson,Grandfather-Grandson
58,10,Male,Female,Yes,Widowed,13.8,Grandfather,Granddaughter,Grandfather-Granddaughter
20,58,Male,Male,No,Single,14.8,Roommate,Roommate,Unrelated
68,6,Male,Female,Yes,Married,24.6,Grandfather,Granddaughter,Grandfather-Granddaughter
38,66,Female,Male,No,Single,7.3,Roommate,Roommate,Unrelated
37,0,Female,Male,Yes,Single,13.0,Mother,Son,Mother-Son
54,43,Male,Female,Yes,Married,2.0,Husband,Wife,Husband-Wife
86,29,Male,Female,Yes,Divorced,18.6,Grandfather,Granddaughter,Grandfather-Granddaughter
45,26,Male,Female,Yes,Divorced,9.7,Father,Daughter,Father-Daughter
51,63,Male,Female,Yes,Married,17.5,Husband,Wife,Husband-Wife
40,12,Male,Female,Yes,Married,8.2,Father,Daughter,Father-Daughter
26,30,Male,Female,Yes,Married,1.0,Husband,Wife,Husband-Wife
27,36,Female,Female,Yes,Single,8.1,Sister,Sister,Sister-Sister
50,30,Male,Female,Yes,Widowed,16.8,Father,Daughter,Father-Daughter
60,54,Female,Female,Yes,Single,12.9,Sister,Sister,Sister-Sister
32,5,Female,Female,Yes,Widowed,18.2,Mother,Daughter,Mother-Daughter
39,59,Female,Female,No,Single,9.7,Roommate,Roommate,Unrelated
14,11,Female,Female,Yes,Single,13.3,Sister,Sister,Sister-Sister
42,43,Male,Female,Yes,Single,16.5,Brother,Sister,Brother-Sister
27,23,Female,Female,Yes,Single,18.9,Sister,Sister,Sister-Sister
27,30,Male,Male,Yes,Single,5.3,Brother,Brother,Brother-Brother
48,38,Male,Female,Yes,Single,28.8,Brother,Sister,Brother-Sister
67,44,Female,Male,No,Single,10.0,Roommate,Roommate,Unrelated
78,22,Male,Male,Yes,Single,17.8,Grandfather,Grandson,Grandfather-Grandson
67,56,Male,Female,Yes,Married,21.8,Husband,Wife,Husband-Wife
34,16,Female,Female,Yes,Married,29.8,Mother,Daughter,Mother-Daughter
35,0,Male,Female,Yes,Single,6.6,Father,Daughter,Father-Daughter
73,23,Female,Female,Yes,Widowed,25.0,Grandmother,Granddaughter,Grandmother-Granddaughter
28,4,Female,Male,Yes,Widowed,14.1,Mother,Son,Mother-Son
61,7,Female,Female,Yes,Widowed,16.2,Grandmother,Granddaughter,Grandmother-Granddaughter
7,16,Male,Female,Yes,Single,26.8,Brother,Sister,Brother-Sister
64,14,Female,Female,Yes,Married,5.1,Grandmother,Granddaughter,Grandmother-Granddaughter
43,42,Male,Male,Yes,Single,4.7,Brother,Brother,Brother-Brother
52,34,Female,Female,Yes,Married,16.2,Mother,Daughter,Mother-Daughter
54,7,Male,Female,Yes,Single,19.2,Grandfather,Granddaughter,Grandfather-Granddaughter
59,17,Female,Female,Yes,Divorced,0.8,Grandmother,Granddaughter,Grandmother-Granddaughter
31,13,Male,Female,Yes,Widowed,2.3,Father,Daughter,Father-Daughter
54,2,Male,Female,Yes,Divorced,17.6,Grandfather,Granddaughter,Grandfather-Granddaughter
37,26,Female,Male,No,Single,21.7,Roommate,Roommate,Unrelated
42,43,Female,Female,Yes,Single,10.1,Sister,Sister,Sister-Sister
21,19,Male,Female,Yes,Married,4.8,Husband,Wife,Husband-Wife
45,54,Male,Male,No,Single,20.3,Roommate,Roommate,Unrelated
49,50,Male,Female,Yes,Married,23.8,Husband,Wife,Husband-Wife
58,18,Female,Male,Yes,Widowed,25.3,Grandmother,Grandson,Grandmother-Grandson
50,48,Male,Male,Yes,Single,24.2,Brother,Brother,Brother-Brother
9,3,Male,Male,Yes,Single,18.9,Brother,Brother,Brother-Brother
33,27,Female,Female,Yes,Single,24.2,Sister,Sister,Sister-Sister
60,34,Female,Female,Yes,Widowed,23.8,Mother,Daughter,Mother-Daughter
48,40,Male,Female,Yes,Married,8.9,Husband,Wife,Husband-Wife
51,7,Female,Female,Yes,Married,19.7,Grandmother,Granddaughter,Grandmother-Granddaughter
56,4,Male,Female,Yes,Divorced,26.3,Grandfather,Granddaughter,Grandfather-Granddaughter
66,18,Male,Female,Yes,Single,20.2,Grandfather,Granddaughter,Grandfather-Granddaughter
80,0,Male,Male,Yes,Married,3.1,Grandfather,Grandson,Grandfather-Grandson
62,55,Male,Female,No,Single,6.7,Roommate,Roommate,Unrelated
77,4,Female,Male,Yes,Married,12.2,Grandmother,Grandson,Grandmother-Grandson
52,23,Female,Male,Yes,Widowed,22.1,Mother,Son,Mother-Son
75,3,Female,Female,Yes,Widowed,1.2,Grandmother,Granddaughter,Grandmother-Granddaughter
9,13,Female,Female,Yes,Single,14.8,Sister,Sister,Sister-Sister
38,45,Female,Female,Yes,Single,25.4,Sister,Sister,Sister-Sister
26,7,Female,Female,Yes,Single,15.9,Mother,Daughter,Mother-Daughter
52,30,Male,Male,Yes,Single,15.7,Father,Son,Father-Son
40,8,Male,Female,Yes,Single,28.4,Father,Daughter,Father-Daughter
74,25,Male,Female,Yes,Divorced,1.2,Grandfather,Granddaughter,Grandfather-Granddaughter
54,6,Male,Male,Yes,Divorced,16.7,Grandfather,Grandson,Grandfather-Grandson
56,7,Male,Male,Yes,Divorced,2.4,Grandfather,Grandson,Grandfather-Grandson
85,5,Male,Male,Yes,Single,11.3,Grandfather,Grandson,Grandfather-Grandson
49,68,Male,Female,No,Single,18.9,Roommate,Roommate,Unrelated
24,31,Male,Male,Yes,Single,7.6,Brother,Brother,Brother-Brother
40,54,Male,Male,No,Single,7.0,Roommate,Roommate,Unrelated
31,34,Male,Female,Yes,Single,2.0,Brother,Sister,Brother-Sister
7,8,Male,Female,Yes,Single,17.2,Brother,Sister,Brother-Sister
70,35,Male,Female,Yes,Divorced,11.0,Grandfather,Granddaughter,Grandfather-Granddaughter
56,48,Male,Male,Yes,Single,2.3,Brother,Brother,Brother-Brother
71,3,Female,Female,Yes,Single,21.1,Grandmother,Granddaughter,Grandmother-Granddaughter
58,13,Male,Male,Yes,Widowed,15.5,Grandfather,Grandson,Grandfather-Grandson
36,13,Female,Female,Yes,Widowed,3.3,Mother,Daughter,Mother-Daughter
82,16,Male,Male,Yes,Divorced,0.5,Grandfather,Grandson,Grandfather-Grandson
19,20,Female,Female,Yes,Single,4.0,Sister,Sister,Sister-Sister
68,46,Male,Female,Yes,Single,2.6,Father,Daughter,Father-Daughter
57,53,Male,Male,Yes,Single,12.9,Brother,Brother,Brother-Brother
58,15,Male,Male,Yes,Married,25.8,Grandfather,Grandson,Grandfather-Grandson
68,16,Female,Female,Yes,Widowed,24.2,Grandmother,Granddaughter,Grandmother-Granddaughter
69,19,Male,Male,Yes,Divorced,3.1,Father,Son,Father-Son
46,9,Female,Female,Yes,Married,0.5,Mother,Daughter,Mother-Daughter
39,2,Female,Male,Yes,Widowed,9.8,Mother,Son,Mother-Son
58,1,Male,Female,Yes,Divorced,9.5,Grandfather,Granddaughter,Grandfather-Granddaughter
45,52,Male,Male,Yes,Single,14.3,Brother,Brother,Brother-Brother
60,17,Female,Female,Yes,Single,22.5,Mother,Daughter,Mother-Daughter
52,44,Male,Female,Yes,Married,10.0,Husband,Wife,Husband-Wife
13,18,Male,Female,Yes,Single,18.0,Brother,Sister,Brother-Sister
34,3,Female,Male,Yes,Widowed,8.6,Mother,Son,Mother-Son
59,9,Male,Female,Yes,Divorced,2.7,Grandfather,Granddaughter,Grandfather-Granddaughter
28,6,Female,Female,Yes,Married,17.8,Mother,Daughter,Mother-Daughter
22,20,Male,Female,Yes,Married,6.8,Husband,Wife,Husband-Wife
42,39,Male,Male,Yes,Single,28.3,Brother,Brother,Brother-Brother
25,24,Male,Female,Yes,Married,12.4,Husband,Wife,Husband-Wife
70,4,Male,Female,Yes,Married,12.7,Grandfather,Granddaughter,Grandfather-Granddaughter
60,19,Female,Female,Yes,Divorced,29.8,Grandmother,Granddaughter,Grandmother-Granddaughter
30,6,Male,Female,Yes,Widowed,2.4,Father,Daughter,Father-Daughter
25,30,Female,Female,Yes,Single,3.4,Sister,Sister,Sister-Sister
67,40,Male,Female,Yes,Divorced,21.0,Father,Daughter,Father-Daughter
57,59,Male,Male,Yes,Single,27.0,Brother,Brother,Brother-Brother
63,9,Male,Male,Yes,Single,24.3,Father,Son,Father-Son
41,14,Male,Female,Yes,Widowed,4.6,Father,Daughter,Father-Daughter
52,13,Female,Female,Yes,Widowed,26.8,Mother,Daughter,Mother-Daughter
27,22,Male,Male,No,Single,3.8,Roommate,Roommate,Unrelated
42,6,Male,Male,Yes,Divorced,25.1,Father,Son,Father-Son
50,58,Female,Female,Yes,Single,14.4,Sister,Sister,Sister-Sister
60,62,Male,Female,Yes,Single,11.4,Brother,Sister,Brother-Sister
42,12,Male,Female,Yes,Widowed,18.1,Father,Daughter,Father-Daughter
6,2,Male,Female,Yes,Single,13.1,Brother,Sister,Brother-Sister
76,6,Female,Female,Yes,Widowed,0.8,Grandmother,Granddaughter,Grandmother-Granddaughter
43,41,Male,Male,Yes,Single,16.6,Brother,Brother,Brother-Brother
39,19,Female,Female,Yes,Widowed,25.7,Mother,Daughter,Mother-Daughter
33,30,Female,Female,Yes,Single,3.4,Sister,Sister,Sister-Sister
34,11,Female,Female,Yes,Married,19.9,Mother,Daughter,Mother-Daughter
55,6,Male,Male,Yes,Widowed,7.0,Grandfather,Grandson,Grandfather-Grandson
56,0,Male,Female,Yes,Married,13.9,Grandfather,Granddaughter,Grandfather-Granddaughter
61,12,Male,Female,Yes,Widowed,18.4,Grandfather,Granddaughter,Grandfather-Granddaughter
7,4,Male,Female,Yes,Single,5.8,Brother,Sister,Brother-Sister
10,7,Male,Female,Yes,Single,12.4,Brother,Sister,Brother-Sister
55,12,Female,Female,Yes,Widowed,17.4,Grandmother,Granddaughter,Grandmother-Granddaughter
44,18,Female,Female,Yes,Single,3.7,Mother,Daughter,Mother-Daughter
55,8,Male,Female,Yes,Single,18.0,Father,Daughter,Father-Daughter
50,10,Female,Male,Yes,Single,6.7,Grandmother,Grandson,Grandmother-Grandson
38,10,Male,Male,Yes,Single,18.9,Father,Son,Father-Son
58,29,Female,Male,Yes,Single,9.5,Mother,Son,Mother-Son
8,3,Male,Male,Yes,Single,6.5,Brother,Brother,Brother-Brother
35,3,Female,Female,Yes,Single,23.7,Mother,Daughter,Mother-Daughter
50,8,Female,Male,Yes,Married,5.2,Grandmother,Grandson,Grandmother-Grandson
10,3,Female,Female,Yes,Single,22.1,Sister,Sister,Sister-Sister
77,32,Female,Female,Yes,Divorced,10.5,Grandmother,Granddaughter,Grandmother-Granddaughter
31,22,Male,Female,Yes,Married,16.3,Husband,Wife,Husband-Wife
38,47,Male,Female,Yes,Single,28.5,Brother,Sister,Brother-Sister
66,42,Female,Male,No,Single,2.0,Roommate,Roommate,Unrelated
65,25,Male,Female,Yes,Married,14.7,Grandfather,Granddaughter,Grandfather-Granddaughter
34,39,Male,Female,Yes,Single,28.0,Brother,Sister,Brother-Sister
60,24,Female,Female,Yes,Widowed,20.5,Grandmother,Granddaughter,Grandmother-Granddaughter
54,18,Female,Male,Yes,Married,0.8,Grandmother,Grandson,Grandmother-Grandson
33,0,Female,Male,Yes,Married,21.0,Mother,Son,Mother-Son
39,44,Male,Female,Yes,Married,11.2,Husband,Wife,Husband-Wife
73,17,Male,Male,Yes,Divorced,13.2,Grandfather,Grandson,Grandfather-Grandson
54,19,Male,Female,Yes,Divorced,19.7,Grandfather,Granddaughter,Grandfather-Granddaughter
53,28,Female,Male,Yes,Divorced,10.5,Mother,Son,Mother-Son
78,42,Female,Male,Yes,Married,4.1,Grandmother,Grandson,Grandmother-Grandson
80,8,Female,Male,Yes,Widowed,4.2,Grandmother,Grandson,Grandmother-Grandson
80,32,Female,Male,Yes,Single,15.8,Grandmother,Grandson,Grandmother-Grandson
51,23,Male,Male,Yes,Widowed,11.2,Father,Son,Father-Son
66,5,Female,Female,Yes,Widowed,16.9,Grandmother,Granddaughter,Grandmother-Granddaughter
53,4,Male,Female,Yes,Single,15.6,Father,Daughter,Father-Daughter
62,62,Male,Female,Yes,Married,18.1,Husband,Wife,Husband-Wife
74,39,Male,Male,Yes,Widowed,7.8,Grandfather,Grandson,Grandfather-Grandson
87,8,Female,Female,Yes,Widowed,2.8,Grandmother,Granddaughter,Grandmother-Granddaughter
34,26,Male,Female,Yes,Single,11.0,Brother,Sister,Brother-Sister
57,28,Male,Male,Yes,Divorced,11.3,Father,Son,Father-Son
49,24,Male,Male,Yes,Divorced,27.0,Father,Son,Father-Son
77,6,Male,Female,Yes,Single,15.0,Grandfather,Granddaughter,Grandfather-Granddaughter
20,18,Male,Female,Yes,Married,18.9,Husband,Wife,Husband-Wife
25,15,Female,Female,Yes,Single,13.6,Sister,Sister,Sister-Sister
34,15,Female,Female,Yes,Married,21.4,Mother,Daughter,Mother-Daughter
88,15,Male,Female,Yes,Married,2.0,Grandfather,Granddaughter,Grandfather-Granddaughter
51,7,Female,Female,Yes,Married,12.0,Mother,Daughter,Mother-Daughter
44,7,Male,Female,Yes,Widowed,26.9,Father,Daughter,Father-Daughter
77,31,Female,Female,Yes,Divorced,1.1,Grandmother,Granddaughter,Grandmother-Granddaughter
50,15,Female,Female,Yes,Single,13.0,Mother,Daughter,Mother-Daughter
42,49,Female,Female,No,Single,9.5,Roommate,Roommate,Unrelated
70,81,Male,Female,Yes,Married,20.6,Husband,Wife,Husband-Wife
57,14,Male,Female,Yes,Divorced,28.2,Grandfather,Granddaughter,Grandfather-Granddaughter
51,1,Female,Male,Yes,Divorced,6.2,Grandmother,Grandson,Grandmother-Grandson
30,34,Male,Female,Yes,Single,2.3,Brother,Sister,Brother-Sister
72,27,Male,Female,Yes,Divorced,1.2,Grandfather,Granddaughter,Grandfather-Granddaughter
12,4,Male,Male,Yes,Single,16.5,Brother,Brother,Brother-Brother
59,65,Male,Female,Yes,Single,5.1,Brother,Sister,Brother-Sister
80,23,Female,Male,Yes,Widowed,28.0,Grandmother,Grandson,Grandmother-Grandson
29,19,Male,Female,Yes,Single,16.4,Brother,Sister,Brother-Sister
44,48,Male,Female,Yes,Single,11.7,Brother,Sister,Brother-Sister
70,22,Male,Female,Yes,Widowed,24.9,Grandfather,Granddaughter,Grandfather-Granddaughter
15,10,Male,Female,Yes,Single,26.4,Brother,Sister,Brother-Sister
87,46,Female,Male,Yes,Single,24.7,Grandmother,Grandson,Grandmother-Grandson
5,14,Female,Female,Yes,Single,15.5,Sister,Sister,Sister-Sister
45,49,Female,Female,Yes,Single,10.6,Sister,Sister,Sister-Sister
50,17,Male,Female,Yes,Divorced,14.4,Father,Daughter,Father-Daughter
66,9,Male,Female,Yes,Divorced,27.0,Grandfather,Granddaughter,Grandfather-Granddaughter
89,2,Female,Male,Yes,Married,25.6,Grandmother,Grandson,Grandmother-Grandson
53,20,Female,Female,Yes,Married,21.4,Mother,Daughter,Mother-Daughter
58,60,Male,Male,Yes,Single,28.2,Brother,Brother,Brother-Brother
46,1,Female,Female,Yes,Single,9.3,Mother,Daughter,Mother-Daughter
89,32,Female,Male,Yes,Divorced,8.1,Grandmother,Grandson,Grandmother-Grandson
25,19,Male,Female,Yes,Single,8.2,Brother,Sister,Brother-Sister
44,0,Female,Female,Yes,Single,11.2,Mother,Daughter,Mother-Daughter
59,40,Male,Male,Yes,Single,15.2,Father,Son,Father-Son
30,1,Female,Female,Yes,Widowed,25.4,Mother,Daughter,Mother-Daughter
51,51,Male,Female,Yes,Married,17.6,Husband,Wife,Husband-Wife
86,37,Female,Female,Yes,Widowed,19.6,Grandmother,Granddaughter,Grandmother-Granddaughter
83,25,Female,Female,Yes,Widowed,9.8,Grandmother,Granddaughter,Grandmother-Granddaughter
59,56,Male,Female,Yes,Married,20.8,Husband,Wife,Husband-Wife
41,19,Male,Male,Yes,Widowed,27.7,Father,Son,Father-Son
78,1,Female,Male,Yes,Widowed,19.5,Grandmother,Grandson,Grandmother-Grandson
45,14,Female,Female,Yes,Widowed,19.4,Mother,Daughter,Mother-Daughter
43,18,Male,Male,Yes,Single,26.9,Father,Son,Father-Son
5,0,Male,Male,Yes,Single,26.7,Brother,Brother,Brother-Brother
54,11,Male,Female,Yes,Married,16.1,Grandfather,Granddaughter,Grandfather-Granddaughter
54,9,Female,Male,Yes,Divorced,3.6,Mother,Son,Mother-Son
65,24,Female,Female,Yes,Married,4.4,Grandmother,Granddaughter,Grandmother-Granddaughter
64,55,Male,Female,Yes,Married,0.8,Husband,Wife,Husband-Wife
68,4,Male,Female,Yes,Single,2.7,Father,Daughter,Father-Daughter
20,25,Male,Female,No,Single,2.3,Roommate,Roommate,Unrelated
51,8,Male,Female,Yes,Married,9.4,Grandfather,Granddaughter,Grandfather-Granddaughter
70,33,Male,Female,Yes,Married,18.4,Father,Daughter,Father-Daughter
40,47,Female,Female,Yes,Single,20.4,Sister,Sister,Sister-Sister
67,27,Male,Female,Yes,Widowed,7.2,Grandfather,Granddaughter,Grandfather-Granddaughter
86,26,Male,Female,Yes,Married,20.9,Grandfather,Granddaughter,Grandfather-Granddaughter
43,6,Male,Female,Yes,Single,24.1,Father,Daughter,Father-Daughter
62,36,Female,Female,Yes,Married,16.6,Mother,Daughter,Mother-Daughter
70,25,Male,Female,Yes,Divorced,12.4,Grandfather,Granddaughter,Grandfather-Granddaughter
55,16,Male,Male,Yes,Single,26.5,Grandfather,Grandson,Grandfather-Grandson
22,16,Male,Male,Yes,Single,24.6,Brother,Brother,Brother-Brother
62,67,Male,Female,Yes,Married,27.5,Husband,Wife,Husband-Wife
55,12,Female,Male,Yes,Married,15.5,Grandmother,Grandson,Grandmother-Grandson
34,9,Male,Male,Yes,Married,25.6,Father,Son,Father-Son
29,25,Male,Female,Yes,Married,25.1,Husband,Wife,Husband-Wife
58,8,Male,Female,Yes,Single,1.5,Father,Daughter,Father-Daughter
35,26,Male,Male,Yes,Single,15.3,Brother,Brother,Brother-Brother
46,45,Female,Female,Yes,Single,20.5,Sister,Sister,Sister-Sister
52,10,Female,Female,Yes,Divorced,25.4,Mother,Daughter,Mother-Daughter
42,33,Male,Male,Yes,Single,11.5,Brother,Brother,Brother-Brother
35,9,Male,Male,Yes,Divorced,27.3,Father,Son,Father-Son
58,18,Female,Male,Yes,Married,13.9,Grandmother,Grandson,Grandmother-Grandson
52,4,Female,Female,Yes,Married,12.5,Grandmother,Granddaughter,Grandmother-Granddaughter
57,57,Male,Male,Yes,Single,18.0,Brother,Brother,Brother-Brother
9,0,Male,Male,Yes,Single,16.4,Brother,Brother,Brother-Brother
21,58,Male,Male,No,Single,13.8,Roommate,Roommate,Unrelated
56,25,Male,Female,Yes,Widowed,10.6,Father,Daughter,Father-Daughter
72,5,Female,Female,Yes,Married,15.6,Grandmother,Granddaughter,Grandmother-Granddaughter
19,47,Male,Female,No,Single,25.8,Roommate,Roommate,Unrelated
8,8,Male,Male,Yes,Single,27.9,Brother,Brother,Brother-Brother
28,7,Female,Male,Yes,Divorced,24.1,Mother,Son,Mother-Son
30,61,Male,Male,No,Single,13.5,Roommate,Roommate,Unrelated
47,38,Female,Female,Yes,Single,14.7,Sister,Sister,Sister-Sister
30,4,Female,Male,Yes,Widowed,28.0,Mother,Son,Mother-Son
9,4,Female,Female,Yes,Single,4.3,Sister,Sister,Sister-Sister
24,29,Female,Female,Yes,Single,23.2,Sister,Sister,Sister-Sister
53,7,Male,Male,Yes,Divorced,11.3,Grandfather,Grandson,Grandfather-Grandson
35,17,Male,Female,Yes,Widowed,12.3,Father,Daughter,Father-Daughter
31,0,Male,Male,Yes,Divorced,5.6,Father,Son,Father-Son
84,27,Female,Female,Yes,Divorced,15.7,Grandmother,Granddaughter,Grandmother-Granddaughter
73,34,Male,Female,Yes,Single,6.8,Grandfather,Granddaughter,Grandfather-Granddaughter
63,15,Male,Female,Yes,Single,26.9,Father,Daughter,Father-Daughter
89,36,Male,Male,Yes,Widowed,19.5,Grandfather,Grandson,Grandfather-Grandson
58,27,Female,Female,Yes,Married,4.5,Mother,Daughter,Mother-Daughter
10,9,Male,Male,Yes,Single,10.1,Brother,Brother,Brother-Brother
37,0,Female,Female,Yes,Divorced,10.3,Mother,Daughter,Mother-Daughter
55,18,Female,Male,Yes,Single,2.0,Grandmother,Grandson,Grandmother-Grandson
28,3,Female,Female,Yes,Married,26.8,Mother,Daughter,Mother-Daughter
60,63,Male,Female,Yes,Married,7.5,Husband,Wife,Husband-Wife
56,48,Male,Female,Yes,Married,28.1,Husband,Wife,Husband-Wife
34,2,Male,Male,Yes,Married,22.1,Father,Son,Father-Son
65,17,Female,Female,Yes,Widowed,19.7,Mother,Daughter,Mother-Daughter
70,17,Female,Male,Yes,Widowed,5.5,Grandmother,Grandson,Grandmother-Grandson
54,6,Female,Male,Yes,Married,12.1,Mother,Son,Mother-Son
67,17,Female,Female,Yes,Divorced,9.9,Grandmother,Granddaughter,Grandmother-Granddaughter
77,0,Female,Female,Yes,Widowed,4.5,Grandmother,Granddaughter,Grandmother-Granddaughter
66,24,Male,Male,Yes,Married,30.0,Father,Son,Father-Son
68,0,Female,Female,Yes,Single,1.5,Grandmother,Granddaughter,Grandmother-Granddaughter
62,21,Female,Female,Yes,Single,5.1,Grandmother,Granddaughter,Grandmother-Granddaughter
51,6,Male,Male,Yes,Married,16.5,Grandfather,Grandson,Grandfather-Grandson
46,43,Male,Female,Yes,Married,21.4,Husband,Wife,Husband-Wife
38,41,Male,Male,Yes,Single,8.5,Brother,Brother,Brother-Brother
72,36,Female,Female,Yes,Single,21.5,Grandmother,Granddaughter,Grandmother-Granddaughter
33,7,Male,Male,Yes,Single,24.5,Father,Son,Father-Son
47,45,Male,Male,Yes,Single,25.8,Brother,Brother,Brother-Brother
26,6,Female,Female,Yes,Single,12.9,Mother,Daughter,Mother-Daughter
25,21,Male,Female,Yes,Married,17.5,Husband,Wife,Husband-Wife
57,49,Male,Female,Yes,Married,0.8,Husband,Wife,Husband-Wife
31,13,Female,Female,Yes,Widowed,9.2,Mother,Daughter,Mother-Daughter
55,18,Female,Male,Yes,Single,5.3,Grandmother,Grandson,Grandmother-Grandson
54,0,Female,Male,Yes,Divorced,13.9,Grandmother,Grandson,Grandmother-Grandson
61,1,Male,Male,Yes,Divorced,10.5,Grandfather,Grandson,Grandfather-Grandson
65,16,Female,Female,Yes,Single,18.3,Grandmother,Granddaughter,Grandmother-Granddaughter
55,44,Male,Female,Yes,Married,8.6,Husband,Wife,Husband-Wife
60,66,Male,Female,Yes,Married,0.9,Husband,Wife,Husband-Wife
78,15,Female,Female,Yes,Widowed,0.8,Grandmother,Granddaughter,Grandmother-Granddaughter
64,38,Male,Female,Yes,Widowed,13.2,Father,Daughter,Father-Daughter
26,2,Female,Male,Yes,Single,23.9,Mother,Son,Mother-Son
50,68,Female,Female,No,Single,28.2,Roommate,Roommate,Unrelated
69,32,Male,Male,Yes,Widowed,16.6,Grandfather,Grandson,Grandfather-Grandson
83,3,Male,Male,Yes,Widowed,19.7,Grandfather,Grandson,Grandfather-Grandson
67,23,Female,Female,Yes,Married,12.4,Grandmother,Granddaughter,Grandmother-Granddaughter
36,28,Female,Female,Yes,Single,2.5,Sister,Sister,Sister-Sister
65,22,Female,Female,Yes,Single,19.5,Grandmother,Granddaughter,Grandmother-Granddaughter
65,9,Male,Female,Yes,Widowed,25.9,Grandfather,Granddaughter,Grandfather-Granddaughter
18,28,Female,Female,Yes,Single,8.7,Sister,Sister,Sister-Sister
51,56,Male,Female,Yes,Married,1.1,Husband,Wife,Husband-Wife
60,50,Male,Female,Yes,Single,2.6,Brother,Sister,Brother-Sister
25,17,Male,Male,Yes,Single,17.7,Brother,Brother,Brother-Brother
22,44,Male,Female,No,Single,27.9,Roommate,Roommate,Unrelated
10,11,Female,Female,Yes,Single,4.7,Sister,Sister,Sister-Sister
17,18,Male,Male,Yes,Single,11.1,Brother,Brother,Brother-Brother
38,37,Male,Female,Yes,Married,26.8,Husband,Wife,Husband-Wife
79,12,Female,Female,Yes,Single,26.2,Grandmother,Granddaughter,Grandmother-Granddaughter
56,12,Female,Male,Yes,Widowed,12.9,Grandmother,Grandson,Grandmother-Grandson
52,58,Male,Female,Yes,Married,19.4,Husband,Wife,Husband-Wife
31,3,Female,Male,Yes,Married,2.3,Mother,Son,Mother-Son
58,42,Female,Male,No,Single,21.2,Roommate,Roommate,Unrelated
70,25,Female,Female,Yes,Single,27.5,Grandmother,Granddaughter,Grandmother-Granddaughter
22,19,Female,Male,No,Single,25.5,Roommate,Roommate,Unrelated
89,53,Female,Female,Yes,Divorced,23.4,Grandmother,Granddaughter,Grandmother-Granddaughter
28,5,Male,Female,Yes,Widowed,7.0,Father,Daughter,Father-Daughter
53,15,Female,Female,Yes,Single,12.8,Grandmother,Granddaughter,Grandmother-Granddaughter
60,40,Female,Male,No,Single,1.8,Roommate,Roommate,Unrelated
36,12,Female,Female,Yes,Single,17.3,Mother,Daughter,Mother-Daughter
58,20,Female,Male,Yes,Divorced,26.5,Grandmother,Grandson,Grandmother-Grandson
60,41,Female,Male,Yes,Divorced,2.5,Mother,Son,Mother-Son
40,6,Male,Male,Yes,Married,9.2,Father,Son,Father-Son
67,47,Female,Male,No,Single,17.2,Roommate,Roommate,Unrelated
85,30,Male,Male,Yes,Single,3.2,Grandfather,Grandson,Grandfather-Grandson
76,40,Male,Male,Yes,Divorced,24.1,Grandfather,Grandson,Grandfather-Grandson
54,34,Male,Male,Yes,Widowed,27.1,Father,Son,Father-Son
32,3,Male,Female,Yes,Single,24.2,Father,Daughter,Father-Daughter
19,69,Female,Male,No,Single,4.8,Roommate,Roommate,Unrelated
63,0,Male,Male,Yes,Single,5.9,Grandfather,Grandson,Grandfather-Grandson
74,39,Male,Female,Yes,Married,23.9,Grandfather,Granddaughter,Grandfather-Granddaughter
52,63,Male,Male,No,Single,19.3,Roommate,Roommate,Unrelated
24,22,Male,Female,Yes,Single,4.1,Brother,Sister,Brother-Sister
59,22,Female,Female,Yes,Single,7.8,Grandmother,Granddaughter,Grandmother-Granddaughter
17,15,Female,Female,Yes,Single,17.4,Sister,Sister,Sister-Sister
37,31,Male,Female,Yes,Single,7.6,Brother,Sister,Brother-Sister
20,10,Female,Female,Yes,Single,2.0,Sister,Sister,Sister-Sister
37,3,Female,Female,Yes,Single,12.7,Mother,Daughter,Mother-Daughter
26,26,Male,Female,Yes,Single,6.0,Brother,Sister,Brother-Sister
43,34,Male,Female,Yes,Married,19.0,Husband,Wife,Husband-Wife
67,56,Male,Female,Yes,Married,15.2,Husband,Wife,Husband-Wife
51,43,Female,Female,Yes,Single,7.2,Sister,Sister,Sister-Sister
72,26,Female,Male,Yes,Widowed,4.9,Grandmother,Grandson,Grandmother-Grandson
44,12,Female,Female,Yes,Widowed,8.6,Mother,Daughter,Mother-Daughter
59,18,Male,Female,Yes,Married,10.6,Grandfather,Granddaughter,Grandfather-Granddaughter
33,7,Male,Male,Yes,Married,19.5,Father,Son,Father-Son
10,18,Male,Female,Yes,Single,8.2,Brother,Sister,Brother-Sister
67,69,Male,Male,Yes,Single,15.9,Roommate,Roommate,Unrelated
57,24,Female,Female,Yes,Married,0.8,Mother,Daughter,Mother-Daughter
62,52,Male,Female,Yes,Married,4.7,Husband,Wife,Husband-Wife
50,3,Male,Male,Yes,Widowed,28.7,Grandfather,Grandson,Grandfather-Grandson
34,44,Male,Female,Yes,Married,21.2,Husband,Wife,Husband-Wife
69,6,Male,Female,Yes,Divorced,0.8,Father,Daughter,Father-Daughter
58,6,Male,Male,Yes,Single,17.9,Grandfather,Grandson,Grandfather-Grandson
85,27,Male,Female,Yes,Divorced,20.5,Grandfather,Granddaughter,Grandfather-Granddaughter
44,39,Female,Female,Yes,Single,8.2,Sister,Sister,Sister-Sister
66,11,Male,Male,Yes,Widowed,25.9,Grandfather,Grandson,Grandfather-Grandson
31,36,Male,Female,Yes,Married,2.2,Husband,Wife,Husband-Wife
39,46,Male,Male,Yes,Single,17.6,Brother,Brother,Brother-Brother
37,62,Male,Female,No,Single,19.2,Roommate,Roommate,Unrelated
24,34,Male,Male,Yes,Single,24.0,Brother,Brother,Brother-Brother
27,19,Male,Female,Yes,Married,28.0,Husband,Wife,Husband-Wife
36,9,Female,Female,Yes,Divorced,20.8,Mother,Daughter,Mother-Daughter
21,24,Male,Female,Yes,Single,1.2,Brother,Sister,Brother-Sister
87,34,Female,Female,Yes,Married,7.0,Grandmother,Granddaughter,Grandmother-Granddaughter
7,17,Male,Female,Yes,Single,7.1,Brother,Sister,Brother-Sister
52,12,Male,Male,Yes,Single,18.5,Father,Son,Father-Son
61,9,Male,Male,Yes,Widowed,13.5,Grandfather,Grandson,Grandfather-Grandson
64,34,Female,Male,Yes,Divorced,0.7,Mother,Son,Mother-Son
62,37,Female,Male,Yes,Widowed,25.0,Mother,Son,Mother-Son
42,44,Male,Male,Yes,Single,4.7,Brother,Brother,Brother-Brother
58,54,Female,Female,Yes,Single,16.4,Sister,Sister,Sister-Sister
25,2,Female,Male,Yes,Single,13.8,Mother,Son,Mother-Son
34,23,Male,Female,Yes,Married,26.1,Husband,Wife,Husband-Wife
62,7,Female,Female,Yes,Single,12.4,Grandmother,Granddaughter,Grandmother-Granddaughter
46,19,Male,Male,Yes,Divorced,19.2,Father,Son,Father-Son
71,33,Female,Female,Yes,Widowed,10.8,Grandmother,Granddaughter,Grandmother-Granddaughter
61,58,Male,Female,Yes,Married,5.9,Husband,Wife,Husband-Wife
41,33,Female,Female,No,Single,27.0,Roommate,Roommate,Unrelated
65,3,Male,Male,Yes,Divorced,29.2,Father,Son,Father-Son
52,9,Male,Female,Yes,Single,23.7,Grandfather,Granddaughter,Grandfather-Granddaughter
41,6,Male,Male,Yes,Widowed,28.2,Father,Son,Father-Son
83,42,Male,Female,Yes,Divorced,23.1,Grandfather,Granddaughter,Grandfather-Granddaughter
89,17,Female,Female,Yes,Widowed,1.4,Grandmother,Granddaughter,Grandmother-Granddaughter
62,68,Male,Female,Yes,Married,17.3,Husband,Wife,Husband-Wife
31,37,Male,Male,Yes,Single,8.0,Brother,Brother,Brother-Brother
28,33,Male,Male,No,Single,7.6,Roommate,Roommate,Unrelated
58,18,Male,Female,Yes,Divorced,7.8,Grandfather,Granddaughter,Grandfather-Granddaughter
90,33,Male,Male,Yes,Widowed,6.7,Grandfather,Grandson,Grandfather-Grandson
38,14,Male,Male,Yes,Widowed,20.2,Father,Son,Father-Son
77,27,Female,Female,Yes,Widowed,23.9,Grandmother,Granddaughter,Grandmother-Granddaughter
37,35,Male,Female,Yes,Married,6.3,Husband,Wife,Husband-Wife
43,40,Male,Female,Yes,Married,14.9,Husband,Wife,Husband-Wife
33,23,Female,Female,Yes,Single,4.9,Sister,Sister,Sister-Sister
59,36,Female,Male,Yes,Divorced,24.9,Mother,Son,Mother-Son
26,31,Male,Female,Yes,Married,5.5,Husband,Wife,Husband-Wife
80,7,Male,Female,Yes,Divorced,28.5,Grandfather,Granddaughter,Grandfather-Granddaughter
51,31,Female,Female,Yes,Widowed,15.9,Mother,Daughter,Mother-Daughter
57,16,Male,Female,Yes,Single,19.4,Grandfather,Granddaughter,Grandfather-Granddaughter
32,5,Female,Male,Yes,Widowed,29.0,Mother,Son,Mother-Son
78,13,Female,Female,Yes,Single,0.7,Grandmother,Granddaughter,Grandmother-Granddaughter
63,68,Male,Female,Yes,Married,10.8,Husband,Wife,Husband-Wife
56,11,Male,Female,Yes,Widowed,16.5,Grandfather,Granddaughter,Grandfather-Granddaughter
27,23,Male,Female,Yes,Married,29.0,Husband,Wife,Husband-Wife
64,19,Female,Female,Yes,Divorced,9.2,Mother,Daughter,Mother-Daughter
84,1,Male,Male,Yes,Divorced,8.7,Grandfather,Grandson,Grandfather-Grandson
38,12,Male,Male,Yes,Single,22.0,Father,Son,Father-Son
56,32,Female,Male,Yes,Widowed,3.9,Mother,Son,Mother-Son
64,16,Female,Female,Yes,Widowed,2.2,Mother,Daughter,Mother-Daughter
86,17,Female,Male,Yes,Married,10.8,Grandmother,Grandson,Grandmother-Grandson
51,5,Female,Male,Yes,Single,14.2,Grandmother,Grandson,Grandmother-Grandson
43,23,Female,Female,Yes,Married,4.7,Mother,Daughter,Mother-Daughter
51,56,Male,Female,Yes,Married,27.5,Husband,Wife,Husband-Wife
28,0,Male,Female,Yes,Widowed,25.0,Father,Daughter,Father-Daughter
50,19,Male,Male,Yes,Widowed,15.8,Father,Son,Father-Son
56,18,Female,Male,Yes,Widowed,17.3,Grandmother,Grandson,Grandmother-Grandson
64,24,Male,Male,Yes,Widowed,13.8,Grandfather,Grandson,Grandfather-Grandson
35,0,Female,Female,Yes,Divorced,3.5,Mother,Daughter,Mother-Daughter
24,34,Male,Female,Yes,Single,16.9,Brother,Sister,Brother-Sister
54,31,Male,Female,Yes,Married,22.9,Father,Daughter,Father-Daughter
8,1,Female,Female,Yes,Single,29.9,Sister,Sister,Sister-Sister
46,32,Male,Male,No,Single,3.3,Roommate,Roommate,Unrelated
75,38,Male,Male,Yes,Widowed,16.3,Grandfather,Grandson,Grandfather-Grandson
43,18,Male,Male,Yes,Divorced,12.1,Father,Son,Father-Son
54,19,Male,Female,Yes,Single,22.9,Grandfather,Granddaughter,Grandfather-Granddaughter
21,18,Male,Female,Yes,Married,18.4,Husband,Wife,Husband-Wife
27,24,Male,Female,Yes,Single,20.0,Brother,Sister,Brother-Sister
84,10,Male,Male,Yes,Widowed,5.6,Grandfather,Grandson,Grandfather-Grandson
83,47,Female,Male,Yes,Widowed,3.6,Grandmother,Grandson,Grandmother-Grandson
53,14,Male,Female,Yes,Single,17.9,Grandfather,Granddaughter,Grandfather-Granddaughter
28,33,Male,Female,No,Single,24.4,Roommate,Roommate,Unrelated
57,11,Female,Female,Yes,Married,8.0,Grandmother,Granddaughter,Grandmother-Granddaughter
56,18,Female,Female,Yes,Divorced,18.6,Grandmother,Granddaughter,Grandmother-Granddaughter
87,8,Female,Male,Yes,Single,10.2,Grandmother,Grandson,Grandmother-Grandson
59,18,Female,Female,Yes,Married,8.1,Mother,Daughter,Mother-Daughter
39,39,Male,Male,Yes,Single,28.2,Brother,Brother,Brother-Brother
46,28,Female,Male,Yes,Married,23.1,Mother,Son,Mother-Son
52,21,Male,Male,Yes,Single,10.8,Father,Son,Father-Son
69,9,Female,Male,Yes,Widowed,20.1,Grandmother,Grandson,Grandmother-Grandson
53,45,Male,Female,Yes,Married,23.8,Husband,Wife,Husband-Wife
57,60,Female,Female,Yes,Single,10.7,Sister,Sister,Sister-Sister
43,9,Male,Female,Yes,Divorced,17.5,Father,Daughter,Father-Daughter
50,6,Female,Female,Yes,Widowed,17.8,Grandmother,Granddaughter,Grandmother-Granddaughter
60,25,Female,Male,Yes,Single,24.0,Grandmother,Grandson,Grandmother-Grandson
47,19,Female,Male,Yes,Divorced,5.4,Mother,Son,Mother-Son
63,1,Male,Female,Yes,Divorced,8.0,Grandfather,Granddaughter,Grandfather-Granddaughter
75,35,Female,Female,Yes,Widowed,5.6,Grandmother,Granddaughter,Grandmother-Granddaughter
38,19,Male,Male,Yes,Married,4.0,Father,Son,Father-Son
21,36,Male,Female,No,Single,11.6,Roommate,Roommate,Unrelated
41,48,Female,Female,Yes,Single,10.3,Sister,Sister,Sister-Sister
54,62,Male,Female,Yes,Married,24.1,Husband,Wife,Husband-Wife
50,12,Female,Male,Yes,Widowed,5.0,Mother,Son,Mother-Son
38,14,Male,Male,Yes,Divorced,24.3,Father,Son,Father-Son
55,17,Female,Female,Yes,Widowed,7.4,Mother,Daughter,Mother-Daughter
23,30,Female,Female,Yes,Single,0.9,Sister,Sister,Sister-Sister
43,3,Female,Female,Yes,Married,18.1,Mother,Daughter,Mother-Daughter
73,21,Female,Female,Yes,Widowed,3.1,Grandmother,Granddaughter,Grandmother-Granddaughter
28,36,Male,Male,Yes,Single,10.3,Brother,Brother,Brother-Brother
32,9,Female,Male,Yes,Single,26.8,Mother,Son,Mother-Son
50,13,Male,Female,Yes,Widowed,11.5,Grandfather,Granddaughter,Grandfather-Granddaughter
40,44,Female,Female,Yes,Single,14.5,Sister,Sister,Sister-Sister
76,26,Female,Male,Yes,Divorced,14.3,Grandmother,Grandson,Grandmother-Grandson
52,2,Male,Male,Yes,Single,28.3,Father,Son,Father-Son
73,20,Female,Male,Yes,Single,5.6,Grandmother,Grandson,Grandmother-Grandson
57,53,Female,Female,Yes,Single,2.1,Sister,Sister,Sister-Sister
42,57,Male,Female,No,Single,9.0,Roommate,Roommate,Unrelated
81,40,Male,Male,Yes,Single,25.2,Grandfather,Grandson,Grandfather-Grandson
30,12,Female,Female,Yes,Divorced,15.3,Mother,Daughter,Mother-Daughter
32,5,Male,Male,Yes,Married,24.9,Father,Son,Father-Son
68,0,Male,Female,Yes,Married,8.7,Father,Daughter,Father-Daughter
41,34,Male,Female,Yes,Married,19.1,Husband,Wife,Husband-Wife
56,31,Female,Female,Yes,Divorced,1.7,Mother,Daughter,Mother-Daughter
63,17,Male,Male,Yes,Widowed,26.0,Father,Son,Father-Son
89,36,Male,Male,Yes,Widowed,23.3,Grandfather,Grandson,Grandfather-Grandson
69,16,Male,Male,Yes,Widowed,9.4,Father,Son,Father-Son
8,8,Female,Female,Yes,Single,12.0,Sister,Sister,Sister-Sister
65,31,Female,Female,No,Single,16.2,Roommate,Roommate,Unrelated
14,7,Male,Male,Yes,Single,27.3,Brother,Brother,Brother-Brother
37,15,Male,Male,Yes,Married,24.5,Father,Son,Father-Son
45,52,Female,Female,No,Single,16.5,Roommate,Roommate,Unrelated
22,30,Male,Male,Yes,Single,12.1,Brother,Brother,Brother-Brother
20,28,Female,Female,Yes,Single,24.9,Sister,Sister,Sister-Sister
32,10,Female,Male,Yes,Single,25.3,Mother,Son,Mother-Son
73,5,Female,Male,Yes,Married,20.0,Grandmother,Grandson,Grandmother-Grandson
34,0,Female,Female,Yes,Widowed,8.5,Mother,Daughter,Mother-Daughter
38,5,Female,Male,Yes,Single,21.0,Mother,Son,Mother-Son
28,0,Female,Female,Yes,Single,22.0,Mother,Daughter,Mother-Daughter
45,14,Female,Female,Yes,Single,28.6,Mother,Daughter,Mother-Daughter
11,4,Male,Female,Yes,Single,5.1,Brother,Sister,Brother-Sister
62,56,Male,Female,Yes,Married,18.5,Husband,Wife,Husband-Wife
59,12,Female,Female,Yes,Single,8.3,Grandmother,Granddaughter,Grandmother-Granddaughter
72,6,Female,Male,Yes,Single,28.8,Grandmother,Grandson,Grandmother-Grandson
59,14,Female,Male,Yes,Widowed,11.2,Grandmother,Grandson,Grandmother-Grandson
43,3,Male,Male,Yes,Married,26.8,Father,Son,Father-Son
57,36,Male,Male,Yes,Widowed,6.0,Father,Son,Father-Son
64,19,Male,Male,Yes,Widowed,10.0,Father,Son,Father-Son
22,17,Male,Male,Yes,Single,11.2,Brother,Brother,Brother-Brother
29,2,Male,Male,Yes,Married,5.7,Father,Son,Father-Son
52,19,Female,Male,Yes,Married,26.4,Mother,Son,Mother-Son
64,31,Male,Female,Yes,Married,21.3,Father,Daughter,Father-Daughter
56,5,Male,Male,Yes,Married,4.7,Grandfather,Grandson,Grandfather-Grandson
55,18,Female,Male,Yes,Single,4.5,Mother,Son,Mother-Son
46,36,Male,Female,Yes,Married,19.7,Husband,Wife,Husband-Wife
18,19,Male,Male,Yes,Single,10.6,Brother,Brother,Brother-Brother
34,6,Female,Female,Yes,Single,4.1,Mother,Daughter,Mother-Daughter
50,44,Female,Female,Yes,Single,26.8,Sister,Sister,Sister-Sister
52,42,Male,Female,Yes,Single,6.5,Brother,Sister,Brother-Sister
52,10,Male,Male,Yes,Widowed,0.6,Grandfather,Grandson,Grandfather-Grandson
64,25,Male,Female,Yes,Married,15.1,Grandfather,Granddaughter,Grandfather-Granddaughter
54,6,Male,Female,Yes,Married,6.7,Father,Daughter,Father-Daughter
54,8,Male,Female,Yes,Married,17.6,Grandfather,Granddaughter,Grandfather-Granddaughter
63,29,Male,Female,Yes,Single,8.9,Father,Daughter,Father-Daughter
68,11,Male,Female,Yes,Divorced,23.8,Father,Daughter,Father-Daughter
38,46,Male,Female,Yes,Married,22.4,Husband,Wife,Husband-Wife
72,9,Male,Female,Yes,Divorced,14.0,Grandfather,Granddaughter,Grandfather-Granddaughter
39,18,Female,Male,Yes,Widowed,18.2,Mother,Son,Mother-Son
62,7,Male,Female,Yes,Married,6.1,Grandfather,Granddaughter,Grandfather-Granddaughter
21,57,Male,Male,No,Single,22.4,Roommate,Roommate,Unrelated
29,10,Male,Female,Yes,Married,20.6,Father,Daughter,Father-Daughter
29,39,Male,Female,Yes,Single,11.7,Brother,Sister,Brother-Sister
38,15,Female,Female,Yes,Married,16.7,Mother,Daughter,Mother-Daughter
24,26,Female,Female,Yes,Single,18.0,Sister,Sister,Sister-Sister
85,21,Female,Female,Yes,Divorced,28.3,Grandmother,Granddaughter,Grandmother-Granddaughter
59,11,Female,Male,Yes,Single,3.3,Mother,Son,Mother-Son
29,35,Male,Male,No,Single,27.9,Roommate,Roommate,Unrelated
46,46,Female,Female,Yes,Single,27.7,Sister,Sister,Sister-Sister
27,2,Female,Female,Yes,Widowed,20.5,Mother,Daughter,Mother-Daughter
34,33,Female,Male,No,Single,16.7,Roommate,Roommate,Unrelated
50,50,Male,Female,Yes,Married,29.6,Husband,Wife,Husband-Wife
48,21,Female,Female,Yes,Single,25.7,Mother,Daughter,Mother-Daughter
18,20,Female,Female,Yes,Single,8.8,Sister,Sister,Sister-Sister
63,6,Female,Female,Yes,Married,20.3,Grandmother,Granddaughter,Grandmother-Granddaughter
36,27,Male,Female,Yes,Married,21.5,Husband,Wife,Husband-Wife
30,30,Male,Female,Yes,Married,21.6,Husband,Wife,Husband-Wife
66,7,Male,Male,Yes,Married,20.5,Grandfather,Grandson,Grandfather-Grandson
70,21,Male,Male,Yes,Single,27.3,Father,Son,Father-Son
32,8,Female,Female,Yes,Single,15.9,Mother,Daughter,Mother-Daughter
73,15,Female,Female,Yes,Widowed,20.8,Grandmother,Granddaughter,Grandmother-Granddaughter
59,18,Female,Male,Yes,Widowed,3.6,Mother,Son,Mother-Son
47,55,Male,Male,Yes,Single,27.3,Brother,Brother,Brother-Brother
37,36,Male,Female,Yes,Married,24.7,Husband,Wife,Husband-Wife
62,31,Female,Male,Yes,Widowed,13.3,Mother,Son,Mother-Son
7,1,Male,Female,Yes,Single,26.9,Brother,Sister,Brother-Sister
22,33,Male,Female,Yes,Married,15.5,Husband,Wife,Husband-Wife
46,53,Male,Female,Yes,Married,9.5,Husband,Wife,Husband-Wife
62,22,Female,Female,Yes,Divorced,9.0,Mother,Daughter,Mother-Daughter
87,51,Female,Male,Yes,Divorced,4.6,Grandmother,Grandson,Grandmother-Grandson
33,31,Male,Female,Yes,Single,11.0,Brother,Sister,Brother-Sister
57,36,Male,Female,Yes,Widowed,2.4,Father,Daughter,Father-Daughter
77,16,Female,Male,Yes,Widowed,4.9,Grandmother,Grandson,Grandmother-Grandson
52,12,Male,Female,Yes,Widowed,20.3,Grandfather,Granddaughter,Grandfather-Granddaughter
53,3,Female,Male,Yes,Divorced,29.2,Grandmother,Grandson,Grandmother-Grandson
69,7,Male,Female,Yes,Single,10.9,Grandfather,Granddaughter,Grandfather-Granddaughter
68,4,Female,Female,Yes,Single,9.0,Grandmother,Granddaughter,Grandmother-Granddaughter
37,38,Female,Female,Yes,Single,18.8,Sister,Sister,Sister-Sister
53,7,Female,Female,Yes,Divorced,5.1,Grandmother,Granddaughter,Grandmother-Granddaughter
5,10,Male,Female,Yes,Single,29.9,Brother,Sister,Brother-Sister
39,44,Male,Female,Yes,Married,13.3,Husband,Wife,Husband-Wife
44,26,Male,Female,Yes,Married,22.1,Father,Daughter,Father-Daughter
40,0,Female,Male,Yes,Widowed,25.3,Mother,Son,Mother-Son
62,60,Male,Female,Yes,Married,11.1,Husband,Wife,Husband-Wife
28,27,Female,Female,Yes,Single,11.6,Sister,Sister,Sister-Sister
62,4,Male,Male,Yes,Widowed,29.4,Grandfather,Grandson,Grandfather-Grandson
48,25,Female,Male,Yes,Widowed,18.9,Mother,Son,Mother-Son
51,13,Female,Male,Yes,Married,7.3,Grandmother,Grandson,Grandmother-Grandson
30,39,Female,Female,Yes,Single,17.3,Sister,Sister,Sister-Sister
52,20,Female,Female,Yes,Single,23.2,Mother,Daughter,Mother-Daughter
20,17,Female,Female,Yes,Single,21.4,Sister,Sister,Sister-Sister
57,33,Male,Male,Yes,Married,5.6,Father,Son,Father-Son
61,4,Male,Female,Yes,Single,2.8,Grandfather,Granddaughter,Grandfather-Granddaughter
48,28,Female,Male,Yes,Single,15.9,Mother,Son,Mother-Son
50,1,Female,Female,Yes,Married,6.0,Grandmother,Granddaughter,Grandmother-Granddaughter
51,53,Male,Male,Yes,Single,18.4,Brother,Brother,Brother-Brother
51,19,Female,Male,Yes,Widowed,21.0,Mother,Son,Mother-Son
31,10,Male,Male,Yes,Single,10.3,Father,Son,Father-Son
41,10,Male,Female,Yes,Divorced,17.9,Father,Daughter,Father-Daughter
61,25,Female,Female,Yes,Divorced,12.8,Grandmother,Granddaughter,Grandmother-Granddaughter
63,11,Female,Female,Yes,Widowed,28.3,Grandmother,Granddaughter,Grandmother-Granddaughter
16,20,Male,Female,Yes,Single,9.3,Brother,Sister,Brother-Sister
53,9,Female,Male,Yes,Divorced,21.2,Grandmother,Grandson,Grandmother-Grandson
28,19,Male,Female,Yes,Married,25.2,Husband,Wife,Husband-Wife
37,2,Male,Male,Yes,Divorced,3.3,Father,Son,Father-Son
21,19,Male,Female,Yes,Single,9.2,Brother,Sister,Brother-Sister
59,19,Male,Female,No,Single,26.2,Roommate,Roommate,Unrelated
61,23,Male,Male,Yes,Married,20.9,Father,Son,Father-Son
28,4,Female,Female,Yes,Widowed,20.1,Mother,Daughter,Mother-Daughter
28,5,Female,Male,Yes,Divorced,1.1,Mother,Son,Mother-Son
36,16,Male,Female,Yes,Widowed,25.9,Father,Daughter,Father-Daughter
57,59,Male,Female,Yes,Married,20.7,Husband,Wife,Husband-Wife
25,42,Male,Male,No,Single,23.3,Roommate,Roommate,Unrelated
56,20,Female,Female,Yes,Divorced,4.4,Mother,Daughter,Mother-Daughter
61,1,Female,Male,Yes,Married,20.5,Grandmother,Grandson,Grandmother-Grandson
77,3,Male,Male,Yes,Single,13.4,Grandfather,Grandson,Grandfather-Grandson
84,12,Male,Female,Yes,Single,8.1,Grandfather,Granddaughter,Grandfather-Granddaughter
38,1,Female,Female,Yes,Married,23.6,Mother,Daughter,Mother-Daughter
61,8,Male,Female,Yes,Single,13.7,Grandfather,Granddaughter,Grandfather-Granddaughter
48,47,Male,Female,Yes,Single,17.8,Brother,Sister,Brother-Sister
42,16,Female,Male,Yes,Divorced,12.2,Mother,Son,Mother-Son
63,17,Male,Male,Yes,Divorced,7.4,Grandfather,Grandson,Grandfather-Grandson
87,20,Male,Male,Yes,Married,16.7,Grandfather,Grandson,Grandfather-Grandson
38,36,Male,Female,Yes,Single,6.0,Brother,Sister,Brother-Sister
58,49,Male,Female,Yes,Married,8.3,Husband,Wife,Husband-Wife
26,21,Female,Female,Yes,Single,28.7,Sister,Sister,Sister-Sister
20,18,Female,Female,Yes,Single,5.5,Sister,Sister,Sister-Sister
77,15,Female,Female,Yes,Widowed,15.9,Grandmother,Granddaughter,Grandmother-Granddaughter
34,24,Male,Female,Yes,Single,9.8,Brother,Sister,Brother-Sister
22,12,Male,Male,Yes,Single,2.5,Brother,Brother,Brother-Brother
57,32,Female,Female,No,Single,17.0,Roommate,Roommate,Unrelated
65,10,Female,Male,Yes,Divorced,11.7,Grandmother,Grandson,Grandmother-Grandson
43,48,Female,Female,Yes,Single,3.0,Sister,Sister,Sister-Sister
88,52,Female,Male,Yes,Widowed,26.6,Grandmother,Grandson,Grandmother-Grandson
54,58,Male,Female,Yes,Married,24.0,Husband,Wife,Husband-Wife
30,6,Female,Female,Yes,Married,15.4,Mother,Daughter,Mother-Daughter
38,46,Male,Male,Yes,Single,4.8,Brother,Brother,Brother-Brother
11,10,Female,Female,Yes,Single,11.0,Sister,Sister,Sister-Sister
12,7,Male,Female,Yes,Single,8.2,Brother,Sister,Brother-Sister
48,17,Female,Male,Yes,Single,13.7,Mother,Son,Mother-Son
18,11,Female,Female,Yes,Single,18.3,Sister,Sister,Sister-Sister
33,10,Female,Female,Yes,Widowed,19.1,Mother,Daughter,Mother-Daughter
35,1,Male,Female,Yes,Married,7.7,Father,Daughter,Father-Daughter
9,9,Female,Female,Yes,Single,16.4,Sister,Sister,Sister-Sister
15,11,Male,Female,Yes,Single,29.1,Brother,Sister,Brother-Sister
56,46,Male,Male,Yes,Single,10.1,Brother,Brother,Brother-Brother
75,4,Male,Male,Yes,Widowed,20.0,Grandfather,Grandson,Grandfather-Grandson
69,21,Male,Male,Yes,Single,8.5,Grandfather,Grandson,Grandfather-Grandson
51,4,Female,Female,Yes,Married,5.4,Mother,Daughter,Mother-Daughter
52,12,Male,Female,Yes,Widowed,21.7,Grandfather,Granddaughter,Grandfather-Granddaughter
54,47,Male,Female,Yes,Married,6.1,Husband,Wife,Husband-Wife
60,19,Female,Male,Yes,Divorced,11.6,Grandmother,Grandson,Grandmother-Grandson
75,25,Female,Female,Yes,Single,4.2,Grandmother,Granddaughter,Grandmother-Granddaughter
38,16,Female,Female,Yes,Widowed,28.9,Mother,Daughter,Mother-Daughter
64,3,Female,Male,Yes,Single,25.5,Grandmother,Grandson,Grandmother-Grandson
69,8,Male,Male,Yes,Married,26.2,Grandfather,Grandson,Grandfather-Grandson
53,16,Male,Male,Yes,Widowed,24.6,Grandfather,Grandson,Grandfather-Grandson
57,63,Male,Female,Yes,Single,25.9,Brother,Sister,Brother-Sister
26,18,Male,Female,Yes,Married,14.3,Husband,Wife,Husband-Wife
10,10,Male,Male,Yes,Single,5.1,Brother,Brother,Brother-Brother
64,18,Female,Male,No,Single,14.5,Roommate,Roommate,Unrelated
54,47,Male,Female,Yes,Married,5.1,Husband,Wife,Husband-Wife
62,25,Female,Female,Yes,Widowed,19.8,Grandmother,Granddaughter,Grandmother-Granddaughter
50,48,Male,Female,Yes,Married,4.4,Husband,Wife,Husband-Wife
47,57,Male,Female,Yes,Married,2.6,Husband,Wife,Husband-Wife
46,8,Male,Male,Yes,Widowed,24.4,Father,Son,Father-Son
51,45,Male,Female,Yes,Married,30.0,Husband,Wife,Husband-Wife
74,0,Male,Male,Yes,Married,23.2,Grandfather,Grandson,Grandfather-Grandson
36,18,Female,Female,No,Single,9.1,Roommate,Roommate,Unrelated
59,1,Female,Male,Yes,Widowed,5.0,Grandmother,Grandson,Grandmother-Grandson
63,39,Male,Female,Yes,Divorced,28.1,Father,Daughter,Father-Daughter
34,27,Female,Female,Yes,Single,25.0,Sister,Sister,Sister-Sister
5,0,Male,Female,Yes,Single,20.9,Brother,Sister,Brother-Sister
47,28,Female,Female,Yes,Widowed,0.7,Mother,Daughter,Mother-Daughter
41,47,Female,Female,Yes,Single,6.2,Sister,Sister,Sister-Sister
50,13,Male,Male,Yes,Single,25.9,Father,Son,Father-Son
24,21,Male,Male,Yes,Single,25.2,Brother,Brother,Brother-Brother
56,21,Female,Female,Yes,Single,12.4,Grandmother,Granddaughter,Grandmother-Granddaughter
34,39,Male,Female,Yes,Single,8.7,Brother,Sister,Brother-Sister
48,22,Female,Female,Yes,Widowed,16.5,Mother,Daughter,Mother-Daughter
21,16,Male,Male,Yes,Single,9.3,Brother,Brother,Brother-Brother
61,5,Male,Male,Yes,Divorced,14.1,Grandfather,Grandson,Grandfather-Grandson
61,67,Male,Female,Yes,Married,7.0,Husband,Wife,Husband-Wife
56,55,Male,Female,Yes,Married,25.6,Husband,Wife,Husband-Wife
66,12,Male,Male,Yes,Single,19.0,Grandfather,Grandson,Grandfather-Grandson
69,39,Female,Male,No,Single,11.3,Roommate,Roommate,Unrelated
32,12,Male,Female,Yes,Divorced,12.4,Father,Daughter,Father-Daughter
47,39,Female,Female,Yes,Single,9.0,Sister,Sister,Sister-Sister
68,14,Male,Male,Yes,Divorced,19.3,Grandfather,Grandson,Grandfather-Grandson
28,22,Male,Male,Yes,Single,9.5,Brother,Brother,Brother-Brother
8,6,Male,Female,Yes,Single,25.1,Brother,Sister,Brother-Sister
62,33,Male,Male,Yes,Married,6.0,Father,Son,Father-Son
33,30,Male,Female,Yes,Married,25.3,Husband,Wife,Husband-Wife
23,49,Male,Male,Yes,Single,0.5,Roommate,Roommate,Unrelated
52,20,Male,Female,Yes,Married,7.5,Father,Daughter,Father-Daughter
52,18,Female,Female,Yes,Divorced,11.1,Mother,Daughter,Mother-Daughter
63,43,Male,Male,Yes,Single,11.6,Father,Son,Father-Son
5,0,Male,Male,Yes,Single,23.1,Brother,Brother,Brother-Brother
36,0,Female,Female,Yes,Widowed,28.0,Mother,Daughter,Mother-Daughter
41,14,Male,Female,Yes,Widowed,29.6,Father,Daughter,Father-Daughter
32,12,Male,Male,Yes,Divorced,29.2,Father,Son,Father-Son
64,39,Female,Male,Yes,Single,23.9,Mother,Son,Mother-Son
34,8,Female,Female,Yes,Single,13.7,Mother,Daughter,Mother-Daughter
36,29,Male,Male,Yes,Single,26.4,Brother,Brother,Brother-Brother
24,33,Female,Female,Yes,Single,15.7,Sister,Sister,Sister-Sister
44,3,Male,Male,Yes,Married,27.9,Father,Son,Father-Son
44,45,Male,Female,Yes,Single,29.9,Brother,Sister,Brother-Sister
34,31,Male,Female,Yes,Single,19.5,Brother,Sister,Brother-Sister
88,23,Female,Female,Yes,Widowed,24.9,Grandmother,Granddaughter,Grandmother-Granddaughter
38,47,Male,Male,Yes,Single,16.2,Brother,Brother,Brother-Brother
25,31,Female,Female,Yes,Single,11.4,Sister,Sister,Sister-Sister
60,21,Male,Female,Yes,Married,6.3,Grandfather,Granddaughter,Grandfather-Granddaughter
58,16,Female,Male,Yes,Single,26.4,Grandmother,Grandson,Grandmother-Grandson
39,41,Male,Female,Yes,Single,0.9,Brother,Sister,Brother-Sister
52,3,Male,Male,Yes,Single,12.4,Grandfather,Grandson,Grandfather-Grandson
56,52,Male,Male,Yes,Single,14.8,Brother,Brother,Brother-Brother
33,34,Male,Female,No,Single,16.2,Roommate,Roommate,Unrelated
66,10,Female,Male,Yes,Divorced,3.3,Grandmother,Grandson,Grandmother-Grandson
23,17,Male,Female,Yes,Single,20.4,Brother,Sister,Brother-Sister
34,26,Male,Female,Yes,Single,11.8,Brother,Sister,Brother-Sister
51,1,Male,Male,Yes,Widowed,11.5,Grandfather,Grandson,Grandfather-Grandson
70,14,Female,Female,Yes,Married,10.8,Grandmother,Granddaughter,Grandmother-Granddaughter
89,50,Male,Female,Yes,Married,20.7,Grandfather,Granddaughter,Grandfather-Granddaughter
47,40,Male,Male,Yes,Single,3.0,Brother,Brother,Brother-Brother
52,10,Female,Male,Yes,Widowed,9.2,Grandmother,Grandson,Grandmother-Grandson
50,0,Male,Male,Yes,Divorced,17.0,Father,Son,Father-Son
52,46,Male,Male,Yes,Single,29.1,Brother,Brother,Brother-Brother
75,5,Female,Female,Yes,Widowed,13.8,Grandmother,Granddaughter,Grandmother-Granddaughter
6,16,Female,Female,Yes,Single,22.0,Sister,Sister,Sister-Sister
22,24,Male,Male,Yes,Single,1.5,Brother,Brother,Brother-Brother
27,8,Female,Female,Yes,Single,13.7,Mother,Daughter,Mother-Daughter
51,32,Male,Male,Yes,Married,19.6,Father,Son,Father-Son
85,4,Male,Female,Yes,Married,8.1,Grandfather,Granddaughter,Grandfather-Granddaughter
77,2,Male,Female,Yes,Married,2.6,Grandfather,Granddaughter,Grandfather-Granddaughter
55,59,Female,Female,Yes,Single,25.8,Sister,Sister,Sister-Sister
54,3,Male,Female,Yes,Married,13.7,Father,Daughter,Father-Daughter
47,15,Male,Male,Yes,Single,24.3,Father,Son,Father-Son
31,36,Male,Male,Yes,Single,29.9,Brother,Brother,Brother-Brother
54,34,Male,Female,Yes,Married,24.3,Father,Daughter,Father-Daughter
32,8,Female,Male,Yes,Married,23.9,Mother,Son,Mother-Son
65,43,Female,Female,Yes,Divorced,11.4,Mother,Daughter,Mother-Daughter
71,26,Female,Female,Yes,Divorced,12.6,Grandmother,Granddaughter,Grandmother-Granddaughter
38,19,Male,Female,Yes,Widowed,8.5,Father,Daughter,Father-Daughter
26,30,Female,Female,Yes,Single,10.2,Sister,Sister,Sister-Sister
23,29,Male,Female,Yes,Single,23.6,Brother,Sister,Brother-Sister
45,7,Female,Female,Yes,Married,23.7,Mother,Daughter,Mother-Daughter
8,9,Male,Male,Yes,Single,7.7,Brother,Brother,Brother-Brother
85,1,Female,Male,Yes,Divorced,17.5,Grandmother,Grandson,Grandmother-Grandson
70,17,Male,Female,Yes,Married,16.6,Grandfather,Granddaughter,Grandfather-Granddaughter
13,17,Female,Female,Yes,Single,10.7,Sister,Sister,Sister-Sister
44,6,Male,Female,Yes,Widowed,20.8,Father,Daughter,Father-Daughter
37,16,Female,Male,Yes,Married,19.5,Mother,Son,Mother-Son
63,22,Female,Female,Yes,Widowed,12.9,Mother,Daughter,Mother-Daughter
6,1,Male,Female,Yes,Single,16.2,Brother,Sister,Brother-Sister
56,1,Female,Female,Yes,Single,25.1,Mother,Daughter,Mother-Daughter
54,3,Female,Female,Yes,Single,6.4,Grandmother,Granddaughter,Grandmother-Granddaughter
39,4,Female,Male,Yes,Divorced,11.4,Mother,Son,Mother-Son
62,17,Male,Male,Yes,Single,1.5,Father,Son,Father-Son
27,55,Female,Female,No,Single,22.2,Roommate,Roommate,Unrelated
47,25,Male,Male,Yes,Single,6.3,Father,Son,Father-Son
52,8,Male,Female,Yes,Divorced,25.2,Father,Daughter,Father-Daughter
63,12,Female,Male,Yes,Widowed,11.7,Grandmother,Grandson,Grandmother-Grandson
74,13,Female,Female,Yes,Married,22.4,Grandmother,Granddaughter,Grandmother-Granddaughter
44,43,Male,Female,Yes,Married,7.7,Husband,Wife,Husband-Wife
85,43,Male,Male,Yes,Single,7.2,Grandfather,Grandson,Grandfather-Grandson
72,35,Male,Female,Yes,Single,12.1,Grandfather,Granddaughter,Grandfather-Granddaughter
55,58,Male,Female,Yes,Single,15.7,Brother,Sister,Brother-Sister
10,7,Male,Female,Yes,Single,17.5,Brother,Sister,Brother-Sister
76,26,Female,Female,Yes,Widowed,9.8,Grandmother,Granddaughter,Grandmother-Granddaughter
74,24,Male,Male,Yes,Divorced,3.1,Grandfather,Grandson,Grandfather-Grandson
35,14,Male,Male,Yes,Married,19.5,Father,Son,Father-Son
47,11,Female,Male,Yes,Divorced,1.5,Mother,Son,Mother-Son
51,31,Male,Female,Yes,Widowed,10.8,Father,Daughter,Father-Daughter
64,21,Female,Male,Yes,Married,7.4,Grandmother,Grandson,Grandmother-Grandson
56,50,Male,Male,Yes,Single,7.6,Brother,Brother,Brother-Brother
69,27,Male,Female,Yes,Married,5.9,Father,Daughter,Father-Daughter
46,16,Female,Male,Yes,Widowed,6.6,Mother,Son,Mother-Son
18,28,Female,Male,No,Single,10.9,Roommate,Roommate,Unrelated
59,12,Male,Female,Yes,Single,19.1,Father,Daughter,Father-Daughter
77,2,Male,Female,Yes,Married,27.9,Grandfather,Granddaughter,Grandfather-Granddaughter
63,18,Female,Female,Yes,Married,5.3,Grandmother,Granddaughter,Grandmother-Granddaughter
36,26,Female,Female,Yes,Single,6.5,Sister,Sister,Sister-Sister
60,4,Male,Male,Yes,Married,20.4,Grandfather,Grandson,Grandfather-Grandson
61,17,Male,Female,Yes,Single,11.3,Grandfather,Granddaughter,Grandfather-Granddaughter
36,3,Male,Male,Yes,Single,24.6,Father,Son,Father-Son
63,55,Female,Female,Yes,Single,5.9,Roommate,Roommate,Unrelated
84,41,Male,Female,Yes,Divorced,23.4,Grandfather,Granddaughter,Grandfather-Granddaughter
24,28,Male,Male,Yes,Single,16.8,Brother,Brother,Brother-Brother
37,7,Female,Male,Yes,Widowed,15.7,Mother,Son,Mother-Son
56,6,Male,Male,Yes,Single,28.5,Father,Son,Father-Son
29,0,Male,Male,Yes,Married,10.0,Father,Son,Father-Son
52,40,Male,Female,Yes,Married,26.7,Husband,Wife,Husband-Wife
59,2,Female,Male,Yes,Married,10.5,Grandmother,Grandson,Grandmother-Grandson
53,32,Male,Female,Yes,Single,20.9,Father,Daughter,Father-Daughter
70,25,Female,Male,Yes,Single,24.5,Grandmother,Grandson,Grandmother-Grandson
62,34,Female,Male,Yes,Married,13.7,Mother,Son,Mother-Son
25,23,Male,Male,Yes,Single,19.9,Brother,Brother,Brother-Brother
22,58,Male,Male,No,Single,4.4,Roommate,Roommate,Unrelated
39,61,Male,Male,No,Single,27.8,Roommate,Roommate,Unrelated
35,44,Male,Male,No,Single,23.6,Roommate,Roommate,Unrelated
29,34,Female,Female,Yes,Single,29.3,Sister,Sister,Sister-Sister
30,5,Female,Female,Yes,Single,22.3,Mother,Daughter,Mother-Daughter
49,0,Male,Female,Yes,Single,29.8,Father,Daughter,Father-Daughter
52,51,Male,Female,Yes,Single,12.9,Brother,Sister,Brother-Sister
61,8,Male,Female,Yes,Divorced,10.9,Grandfather,Granddaughter,Grandfather-Granddaughter
64,31,Female,Male,Yes,Divorced,0.9,Mother,Son,Mother-Son
45,48,Female,Female,Yes,Single,10.4,Sister,Sister,Sister-Sister
60,5,Male,Female,Yes,Single,16.3,Grandfather,Granddaughter,Grandfather-Granddaughter
29,1,Female,Female,Yes,Widowed,22.4,Mother,Daughter,Mother-Daughter
52,2,Female,Female,Yes,Divorced,1.1,Grandmother,Granddaughter,Grandmother-Granddaughter
45,43,Male,Female,Yes,Married,27.4,Husband,Wife,Husband-Wife
60,19,Male,Male,Yes,Divorced,4.8,Father,Son,Father-Son
74,31,Female,Male,Yes,Divorced,2.0,Grandmother,Grandson,Grandmother-Grandson
60,64,Male,Female,Yes,Married,5.7,Husband,Wife,Husband-Wife
7,15,Male,Female,Yes,Single,9.6,Brother,Sister,Brother-Sister
62,7,Female,Female,Yes,Single,22.2,Grandmother,Granddaughter,Grandmother-Granddaughter
48,26,Female,Female,Yes,Widowed,24.3,Mother,Daughter,Mother-Daughter
54,21,Female,Female,Yes,Single,14.1,Mother,Daughter,Mother-Daughter
22,19,Male,Female,Yes,Married,11.6,Husband,Wife,Husband-Wife
39,46,Male,Male,Yes,Single,4.5,Brother,Brother,Brother-Brother
50,44,Male,Male,Yes,Single,28.1,Brother,Brother,Brother-Brother
57,8,Male,Male,Yes,Married,5.8,Grandfather,Grandson,Grandfather-Grandson
36,2,Male,Male,Yes,Widowed,18.0,Father,Son,Father-Son
54,16,Female,Male,Yes,Married,26.2,Grandmother,Grandson,Grandmother-Grandson
6,9,Male,Female,Yes,Single,2.9,Brother,Sister,Brother-Sister
52,12,Male,Male,Yes,Married,9.5,Grandfather,Grandson,Grandfather-Grandson
31,11,Female,Male,Yes,Single,18.6,Mother,Son,Mother-Son
22,20,Male,Female,Yes,Single,4.4,Brother,Sister,Brother-Sister
83,44,Male,Male,Yes,Single,9.4,Grandfather,Grandson,Grandfather-Grandson
70,31,Female,Female,Yes,Married,6.3,Grandmother,Granddaughter,Grandmother-Granddaughter
63,18,Male,Female,Yes,Widowed,15.6,Grandfather,Granddaughter,Grandfather-Granddaughter
86,30,Female,Male,Yes,Married,8.2,Grandmother,Grandson,Grandmother-Grandson
35,0,Male,Male,Yes,Widowed,8.5,Father,Son,Father-Son
81,10,Female,Male,Yes,Widowed,19.2,Grandmother,Grandson,Grandmother-Grandson
72,13,Male,Male,Yes,Widowed,14.7,Grandfather,Grandson,Grandfather-Grandson
70,18,Male,Female,Yes,Single,6.1,Grandfather,Granddaughter,Grandfather-Granddaughter
40,36,Male,Male,Yes,Single,20.0,Brother,Brother,Brother-Brother
14,22,Male,Male,Yes,Single,6.9,Brother,Brother,Brother-Brother
58,59,Male,Male,Yes,Single,14.0,Brother,Brother,Brother-Brother
10,3,Male,Male,Yes,Single,13.9,Brother,Brother,Brother-Brother
28,25,Male,Female,Yes,Single,6.6,Brother,Sister,Brother-Sister
58,1,Male,Male,Yes,Single,0.8,Father,Son,Father-Son
25,65,Female,Male,No,Single,19.6,Roommate,Roommate,Unrelated
31,13,Male,Female,Yes,Single,2.7,Father,Daughter,Father-Daughter
70,42,Female,Female,No,Single,21.9,Roommate,Roommate,Unrelated
58,23,Female,Female,Yes,Widowed,19.3,Mother,Daughter,Mother-Daughter
15,9,Male,Male,Yes,Single,24.0,Brother,Brother,Brother-Brother
61,23,Male,Male,Yes,Married,29.3,Father,Son,Father-Son
45,25,Female,Male,Yes,Single,19.6,Mother,Son,Mother-Son
65,28,Male,Male,Yes,Married,1.7,Grandfather,Grandson,Grandfather-Grandson
32,11,Female,Male,Yes,Married,13.4,Mother,Son,Mother-Son
56,53,Male,Male,Yes,Single,12.8,Brother,Brother,Brother-Brother
48,9,Female,Female,Yes,Single,29.4,Mother,Daughter,Mother-Daughter
20,15,Male,Female,Yes,Single,12.5,Brother,Sister,Brother-Sister
37,30,Male,Female,Yes,Married,22.8,Husband,Wife,Husband-Wife
87,29,Female,Male,Yes,Widowed,28.0,Grandmother,Grandson,Grandmother-Grandson
37,45,Male,Male,Yes,Single,18.6,Brother,Brother,Brother-Brother
50,59,Female,Female,Yes,Single,24.4,Sister,Sister,Sister-Sister
17,17,Male,Female,Yes,Single,29.8,Brother,Sister,Brother-Sister
43,15,Female,Male,Yes,Single,15.1,Mother,Son,Mother-Son
76,7,Male,Female,Yes,Married,26.7,Grandfather,Granddaughter,Grandfather-Granddaughter
76,12,Female,Female,Yes,Married,9.9,Grandmother,Granddaughter,Grandmother-Granddaughter
23,48,Female,Female,No,Single,15.3,Roommate,Roommate,Unrelated
42,15,Male,Male,Yes,Single,26.4,Father,Son,Father-Son
70,58,Male,Female,Yes,Married,5.9,Husband,Wife,Husband-Wife
49,45,Male,Female,Yes,Single,19.1,Brother,Sister,Brother-Sister
24,25,Male,Male,Yes,Single,1.6,Brother,Brother,Brother-Brother
31,22,Male,Male,Yes,Single,28.1,Brother,Brother,Brother-Brother
20,64,Male,Male,No,Single,26.0,Roommate,Roommate,Unrelated
32,8,Female,Female,Yes,Married,7.2,Mother,Daughter,Mother-Daughter
85,27,Female,Male,Yes,Married,22.4,Grandmother,Grandson,Grandmother-Grandson
57,16,Male,Male,Yes,Married,12.0,Grandfather,Grandson,Grandfather-Grandson
50,3,Female,Female,Yes,Divorced,0.9,Grandmother,Granddaughter,Grandmother-Granddaughter
69,34,Female,Male,Yes,Single,14.6,Grandmother,Grandson,Grandmother-Grandson
58,67,Male,Female,Yes,Married,15.6,Husband,Wife,Husband-Wife
47,57,Male,Male,Yes,Single,24.8,Brother,Brother,Brother-Brother
85,38,Female,Female,Yes,Single,26.7,Grandmother,Granddaughter,Grandmother-Granddaughter
15,11,Female,Female,Yes,Single,0.5,Sister,Sister,Sister-Sister
46,48,Male,Female,Yes,Single,12.3,Brother,Sister,Brother-Sister
42,11,Male,Male,Yes,Divorced,9.8,Father,Son,Father-Son
60,22,Female,Female,Yes,Single,21.8,Grandmother,Granddaughter,Grandmother-Granddaughter
70,29,Female,Male,No,Single,1.1,Roommate,Roommate,Unrelated
81,24,Male,Female,Yes,Divorced,8.6,Grandfather,Granddaughter,Grandfather-Granddaughter
46,22,Male,Male,Yes,Divorced,21.2,Father,Son,Father-Son
39,43,Male,Male,Yes,Single,18.4,Brother,Brother,Brother-Brother
41,15,Female,Female,Yes,Widowed,8.6,Mother,Daughter,Mother-Daughter
55,20,Male,Male,Yes,Single,17.9,Father,Son,Father-Son
87,31,Female,Male,Yes,Married,27.0,Grandmother,Grandson,Grandmother-Grandson
35,2,Female,Female,Yes,Widowed,26.0,Mother,Daughter,Mother-Daughter
64,0,Female,Male,Yes,Single,19.1,Grandmother,Grandson,Grandmother-Grandson
84,35,Male,Female,Yes,Divorced,27.1,Grandfather,Granddaughter,Grandfather-Granddaughter
65,1,Male,Male,Yes,Married,10.9,Grandfather,Grandson,Grandfather-Grandson
19,14,Female,Female,Yes,Single,4.0,Sister,Sister,Sister-Sister
74,3,Female,Male,Yes,Widowed,2.0,Grandmother,Grandson,Grandmother-Grandson
53,56,Female,Female,No,Single,6.5,Roommate,Roommate,Unrelated
52,7,Female,Male,Yes,Single,13.7,Grandmother,Grandson,Grandmother-Grandson
90,54,Female,Female,Yes,Single,18.0,Grandmother,Granddaughter,Grandmother-Granddaughter
27,32,Male,Female,Yes,Married,1.0,Husband,Wife,Husband-Wife
63,22,Female,Male,Yes,Single,21.7,Grandmother,Grandson,Grandmother-Grandson
67,47,Male,Male,Yes,Single,24.4,Father,Son,Father-Son
37,47,Male,Female,Yes,Married,8.0,Husband,Wife,Husband-Wife
54,55,Male,Female,Yes,Single,15.3,Brother,Sister,Brother-Sister
70,26,Female,Female,Yes,Single,22.7,Grandmother,Granddaughter,Grandmother-Granddaughter
74,22,Female,Male,Yes,Widowed,26.9,Grandmother,Grandson,Grandmother-Grandson
59,18,Female,Female,Yes,Married,5.3,Mother,Daughter,Mother-Daughter
79,26,Male,Male,Yes,Single,8.1,Grandfather,Grandson,Grandfather-Grandson
89,12,Female,Female,Yes,Widowed,7.3,Grandmother,Granddaughter,Grandmother-Granddaughter
41,44,Male,Female,Yes,Single,16.5,Brother,Sister,Brother-Sister
48,52,Male,Male,Yes,Single,21.7,Brother,Brother,Brother-Brother
54,28,Male,Female,Yes,Single,2.7,Father,Daughter,Father-Daughter
23,16,Male,Female,Yes,Single,27.2,Brother,Sister,Brother-Sister
32,37,Male,Female,Yes,Single,21.8,Brother,Sister,Brother-Sister
79,28,Male,Female,Yes,Married,13.6,Grandfather,Granddaughter,Grandfather-Granddaughter
51,4,Male,Female,Yes,Single,6.3,Grandfather,Granddaughter,Grandfather-Granddaughter
54,6,Male,Female,Yes,Married,8.9,Grandfather,Granddaughter,Grandfather-Granddaughter
33,7,Male,Male,Yes,Single,2.4,Father,Son,Father-Son
53,4,Male,Female,Yes,Married,12.6,Father,Daughter,Father-Daughter
25,62,Female,Male,No,Single,25.9,Roommate,Roommate,Unrelated
88,27,Male,Female,Yes,Married,18.0,Grandfather,Granddaughter,Grandfather-Granddaughter
33,37,Male,Female,Yes,Single,20.5,Brother,Sister,Brother-Sister
14,4,Male,Female,Yes,Single,18.2,Brother,Sister,Brother-Sister
58,64,Female,Female,Yes,Single,7.9,Sister,Sister,Sister-Sister
31,8,Female,Male,Yes,Single,7.1,Mother,Son,Mother-Son
70,37,Female,Female,Yes,Single,10.7,Roommate,Roommate,Unrelated
62,1,Male,Male,Yes,Married,17.2,Grandfather,Grandson,Grandfather-Grandson
62,6,Female,Female,Yes,Widowed,8.5,Mother,Daughter,Mother-Daughter
49,49,Male,Female,Yes,Single,7.3,Brother,Sister,Brother-Sister
54,10,Female,Female,Yes,Divorced,2.0,Mother,Daughter,Mother-Daughter
83,9,Female,Female,Yes,Married,8.4,Grandmother,Granddaughter,Grandmother-Granddaughter
87,20,Male,Female,Yes,Single,27.0,Grandfather,Granddaughter,Grandfather-Granddaughter
27,34,Female,Female,Yes,Single,6.2,Sister,Sister,Sister-Sister
67,52,Male,Male,No,Single,26.3,Roommate,Roommate,Unrelated
41,45,Female,Female,Yes,Single,6.1,Sister,Sister,Sister-Sister
62,31,Female,Male,No,Single,21.0,Roommate,Roommate,Unrelated
65,3,Female,Male,Yes,Single,13.7,Grandmother,Grandson,Grandmother-Grandson
76,29,Male,Male,Yes,Widowed,3.0,Grandfather,Grandson,Grandfather-Grandson
79,25,Male,Male,Yes,Married,3.1,Grandfather,Grandson,Grandfather-Grandson
50,6,Male,Male,Yes,Married,5.3,Grandfather,Grandson,Grandfather-Grandson
56,26,Female,Female,Yes,Divorced,2.6,Mother,Daughter,Mother-Daughter
35,42,Male,Female,Yes,Married,25.1,Husband,Wife,Husband-Wife
43,3,Male,Female,Yes,Divorced,2.9,Father,Daughter,Father-Daughter
89,45,Female,Female,Yes,Single,8.2,Grandmother,Granddaughter,Grandmother-Granddaughter
55,58,Male,Female,Yes,Married,12.8,Husband,Wife,Husband-Wife
55,17,Male,Male,Yes,Divorced,8.3,Grandfather,Grandson,Grandfather-Grandson
33,6,Male,Female,Yes,Divorced,12.9,Father,Daughter,Father-Daughter
19,26,Male,Male,Yes,Single,17.5,Brother,Brother,Brother-Brother
52,46,Male,Female,Yes,Single,2.8,Brother,Sister,Brother-Sister
61,29,Male,Male,No,Single,15.6,Roommate,Roommate,Unrelated
82,20,Male,Male,Yes,Married,5.4,Grandfather,Grandson,Grandfather-Grandson
46,36,Male,Female,Yes,Married,14.0,Husband,Wife,Husband-Wife
23,32,Male,Female,Yes,Married,15.3,Husband,Wife,Husband-Wife
54,16,Female,Female,Yes,Widowed,7.6,Grandmother,Granddaughter,Grandmother-Granddaughter
30,36,Male,Female,Yes,Married,24.1,Husband,Wife,Husband-Wife
51,6,Female,Male,Yes,Single,18.8,Mother,Son,Mother-Son
55,32,Female,Female,Yes,Single,20.4,Mother,Daughter,Mother-Daughter
47,3,Male,Female,Yes,Widowed,5.6,Father,Daughter,Father-Daughter
87,47,Female,Female,Yes,Single,26.4,Grandmother,Granddaughter,Grandmother-Granddaughter
35,13,Male,Male,Yes,Divorced,15.5,Father,Son,Father-Son
51,3,Female,Male,Yes,Widowed,13.0,Grandmother,Grandson,Grandmother-Grandson
52,50,Female,Female,Yes,Single,11.0,Sister,Sister,Sister-Sister
50,4,Female,Male,Yes,Widowed,9.8,Grandmother,Grandson,Grandmother-Grandson
87,46,Female,Female,Yes,Divorced,7.3,Grandmother,Granddaughter,Grandmother-Granddaughter
29,30,Male,Female,Yes,Single,5.9,Brother,Sister,Brother-Sister
38,2,Female,Female,Yes,Divorced,28.8,Mother,Daughter,Mother-Daughter
21,20,Male,Female,Yes,Single,4.1,Brother,Sister,Brother-Sister
90,21,Male,Female,Yes,Divorced,13.6,Grandfather,Granddaughter,Grandfather-Granddaughter
70,29,Female,Female,Yes,Single,15.7,Grandmother,Granddaughter,Grandmother-Granddaughter
90,29,Male,Female,Yes,Married,1.6,Grandfather,Granddaughter,Grandfather-Granddaughter
54,7,Male,Male,Yes,Married,1.9,Grandfather,Grandson,Grandfather-Grandson
67,5,Male,Male,Yes,Married,1.6,Father,Son,Father-Son
29,5,Female,Female,Yes,Married,29.0,Mother,Daughter,Mother-Daughter
86,44,Male,Male,Yes,Married,10.5,Grandfather,Grandson,Grandfather-Grandson
56,15,Male,Male,Yes,Single,25.2,Grandfather,Grandson,Grandfather-Grandson
53,61,Male,Male,Yes,Single,6.7,Brother,Brother,Brother-Brother
56,10,Female,Female,Yes,Married,11.6,Grandmother,Granddaughter,Grandmother-Granddaughter
47,21,Female,Female,Yes,Married,11.4,Mother,Daughter,Mother-Daughter
76,41,Female,Female,Yes,Single,18.3,Grandmother,Granddaughter,Grandmother-Granddaughter
58,54,Male,Male,Yes,Single,2.1,Brother,Brother,Brother-Brother
36,14,Female,Male,Yes,Divorced,8.7,Mother,Son,Mother-Son
55,68,Female,Female,No,Single,4.1,Roommate,Roommate,Unrelated
44,52,Male,Female,No,Single,20.1,Roommate,Roommate,Unrelated
43,50,Male,Male,Yes,Single,24.2,Brother,Brother,Brother-Brother
71,25,Male,Female,Yes,Widowed,13.9,Grandfather,Granddaughter,Grandfather-Granddaughter
65,27,Female,Female,Yes,Widowed,6.3,Mother,Daughter,Mother-Daughter
5,3,Male,Female,Yes,Single,20.1,Brother,Sister,Brother-Sister
36,30,Male,Male,No,Single,3.7,Roommate,Roommate,Unrelated
25,0,Female,Male,Yes,Divorced,2.9,Mother,Son,Mother-Son
8,10,Male,Female,Yes,Single,18.3,Brother,Sister,Brother-Sister
51,52,Male,Female,Yes,Single,12.6,Brother,Sister,Brother-Sister
48,0,Female,Female,Yes,Divorced,23.5,Mother,Daughter,Mother-Daughter
50,7,Male,Male,Yes,Married,2.4,Grandfather,Grandson,Grandfather-Grandson
65,12,Female,Male,Yes,Divorced,1.4,Grandmother,Grandson,Grandmother-Grandson
30,37,Male,Female,Yes,Married,24.0,Husband,Wife,Husband-Wife
23,48,Male,Female,No,Single,13.8,Roommate,Roommate,Unrelated
65,4,Female,Female,Yes,Widowed,28.7,Mother,Daughter,Mother-Daughter
50,6,Female,Female,Yes,Divorced,24.4,Grandmother,Granddaughter,Grandmother-Granddaughter
30,0,Female,Female,Yes,Widowed,22.0,Mother,Daughter,Mother-Daughter
34,43,Female,Female,Yes,Single,21.6,Sister,Sister,Sister-Sister
67,56,Male,Female,Yes,Married,29.9,Husband,Wife,Husband-Wife
31,1,Female,Male,Yes,Single,8.8,Mother,Son,Mother-Son
67,62,Male,Female,Yes,Married,22.2,Husband,Wife,Husband-Wife
63,39,Female,Male,Yes,Widowed,26.2,Mother,Son,Mother-Son
21,23,Male,Male,Yes,Single,24.2,Brother,Brother,Brother-Brother
61,3,Male,Male,Yes,Married,20.5,Grandfather,Grandson,Grandfather-Grandson
15,13,Male,Male,Yes,Single,25.9,Brother,Brother,Brother-Brother
59,41,Female,Male,No,Single,4.0,Roommate,Roommate,Unrelated
23,24,Male,Male,Yes,Single,5.7,Brother,Brother,Brother-Brother
47,37,Male,Male,No,Single,24.2,Roommate,Roommate,Unrelated
60,67,Female,Female,No,Single,25.6,Roommate,Roommate,Unrelated
14,16,Male,Male,Yes,Single,26.4,Brother,Brother,Brother-Brother
41,12,Male,Male,Yes,Widowed,10.1,Father,Son,Father-Son
67,61,Male,Female,Yes,Married,25.6,Husband,Wife,Husband-Wife
62,26,Female,Female,Yes,Married,27.3,Mother,Daughter,Mother-Daughter
27,35,Male,Male,Yes,Single,2.0,Brother,Brother,Brother-Brother
32,32,Male,Male,Yes,Single,5.2,Brother,Brother,Brother-Brother
32,46,Male,Female,No,Single,17.0,Roommate,Roommate,Unrelated
12,6,Female,Female,Yes,Single,14.5,Sister,Sister,Sister-Sister
47,39,Male,Female,Yes,Married,19.5,Husband,Wife,Husband-Wife
59,54,Male,Female,Yes,Single,17.5,Brother,Sister,Brother-Sister
42,0,Female,Male,Yes,Married,20.1,Mother,Son,Mother-Son
66,26,Female,Male,Yes,Widowed,25.0,Grandmother,Grandson,Grandmother-Grandson
42,9,Female,Female,Yes,Widowed,8.7,Mother,Daughter,Mother-Daughter
83,10,Male,Female,Yes,Married,6.2,Grandfather,Granddaughter,Grandfather-Granddaughter
90,9,Male,Male,Yes,Widowed,16.6,Grandfather,Grandson,Grandfather-Grandson
49,46,Male,Male,Yes,Single,5.8,Brother,Brother,Brother-Brother
50,19,Male,Male,Yes,Married,4.9,Father,Son,Father-Son
59,49,Female,Female,Yes,Single,18.5,Sister,Sister,Sister-Sister
52,13,Male,Male,Yes,Single,9.0,Grandfather,Grandson,Grandfather-Grandson
56,23,Female,Female,Yes,Widowed,26.3,Mother,Daughter,Mother-Daughter
58,35,Male,Male,Yes,Divorced,1.0,Father,Son,Father-Son
67,69,Male,Female,Yes,Married,2.8,Husband,Wife,Husband-Wife
25,30,Female,Female,Yes,Single,15.6,Sister,Sister,Sister-Sister
55,19,Female,Female,Yes,Widowed,16.3,Grandmother,Granddaughter,Grandmother-Granddaughter
19,12,Male,Male,Yes,Single,18.8,Brother,Brother,Brother-Brother
71,9,Male,Female,Yes,Married,23.0,Grandfather,Granddaughter,Grandfather-Granddaughter
73,31,Male,Male,Yes,Widowed,10.7,Grandfather,Grandson,Grandfather-Grandson
55,5,Male,Male,Yes,Single,27.0,Grandfather,Grandson,Grandfather-Grandson
33,53,Male,Male,No,Single,23.2,Roommate,Roommate,Unrelated
87,21,Male,Female,Yes,Single,21.0,Grandfather,Granddaughter,Grandfather-Granddaughter
56,49,Male,Female,Yes,Married,14.2,Husband,Wife,Husband-Wife
64,26,Female,Male,Yes,Married,7.8,Mother,Son,Mother-Son
32,1,Male,Female,Yes,Married,5.8,Father,Daughter,Father-Daughter
45,1,Male,Female,Yes,Widowed,28.4,Father,Daughter,Father-Daughter
54,35,Male,Female,No,Single,16.2,Roommate,Roommate,Unrelated
46,52,Male,Female,Yes,Married,3.6,Husband,Wife,Husband-Wife
44,14,Male,Male,Yes,Widowed,1.3,Father,Son,Father-Son
34,39,Male,Male,No,Single,6.8,Roommate,Roommate,Unrelated
35,42,Male,Female,Yes,Married,7.5,Husband,Wife,Husband-Wife
81,6,Female,Male,Yes,Single,12.5,Grandmother,Grandson,Grandmother-Grandson
63,18,Male,Male,Yes,Widowed,29.9,Grandfather,Grandson,Grandfather-Grandson
83,18,Female,Male,Yes,Widowed,13.1,Grandmother,Grandson,Grandmother-Grandson
40,8,Male,Female,Yes,Divorced,3.6,Father,Daughter,Father-Daughter
41,5,Female,Male,Yes,Single,3.4,Mother,Son,Mother-Son
87,7,Female,Female,Yes,Single,18.4,Grandmother,Granddaughter,Grandmother-Granddaughter
60,18,Male,Female,Yes,Single,16.4,Grandfather,Granddaughter,Grandfather-Granddaughter
64,21,Female,Female,Yes,Divorced,28.0,Grandmother,Granddaughter,Grandmother-Granddaughter
8,2,Male,Male,Yes,Single,12.8,Brother,Brother,Brother-Brother
20,18,Male,Female,Yes,Married,24.7,Husband,Wife,Husband-Wife
28,29,Female,Female,Yes,Single,6.0,Sister,Sister,Sister-Sister
26,8,Female,Male,Yes,Single,24.3,Mother,Son,Mother-Son
32,10,Female,Female,Yes,Widowed,24.8,Mother,Daughter,Mother-Daughter
13,13,Male,Male,Yes,Single,10.2,Brother,Brother,Brother-Brother
25,27,Male,Male,Yes,Single,7.7,Brother,Brother,Brother-Brother
52,7,Female,Female,Yes,Single,10.7,Grandmother,Granddaughter,Grandmother-Granddaughter
5,12,Male,Male,Yes,Single,11.5,Brother,Brother,Brother-Brother
39,20,Male,Male,Yes,Single,8.7,Father,Son,Father-Son
36,31,Male,Male,Yes,Single,22.3,Brother,Brother,Brother-Brother
63,47,Female,Female,No,Single,20.8,Roommate,Roommate,Unrelated
53,20,Male,Female,Yes,Divorced,3.2,Father,Daughter,Father-Daughter
45,37,Male,Female,Yes,Married,25.3,Husband,Wife,Husband-Wife
71,20,Female,Female,Yes,Widowed,19.9,Grandmother,Granddaughter,Grandmother-Granddaughter
34,29,Male,Female,Yes,Married,15.6,Husband,Wife,Husband-Wife
21,24,Male,Male,No,Single,11.5,Roommate,Roommate,Unrelated
71,17,Female,Female,Yes,Single,17.2,Grandmother,Granddaughter,Grandmother-Granddaughter
65,13,Male,Male,Yes,Divorced,23.3,Grandfather,Grandson,Grandfather-Grandson
39,59,Male,Female,No,Single,12.0,Roommate,Roommate,Unrelated
80,15,Female,Female,Yes,Widowed,8.3,Grandmother,Granddaughter,Grandmother-Granddaughter
27,31,Male,Male,Yes,Single,5.1,Brother,Brother,Brother-Brother
46,15,Female,Female,Yes,Married,24.9,Mother,Daughter,Mother-Daughter
67,77,Male,Female,Yes,Married,5.4,Husband,Wife,Husband-Wife
31,21,Female,Female,Yes,Single,12.9,Sister,Sister,Sister-Sister
67,12,Male,Male,Yes,Married,27.1,Grandfather,Grandson,Grandfather-Grandson
38,14,Female,Female,Yes,Widowed,23.9,Mother,Daughter,Mother-Daughter
60,48,Male,Female,Yes,Married,4.5,Husband,Wife,Husband-Wife
30,29,Male,Male,Yes,Single,2.1,Brother,Brother,Brother-Brother
78,1,Male,Male,Yes,Single,20.1,Grandfather,Grandson,Grandfather-Grandson
57,19,Female,Female,Yes,Single,13.7,Grandmother,Granddaughter,Grandmother-Granddaughter
75,8,Female,Male,Yes,Married,17.0,Grandmother,Grandson,Grandmother-Grandson
55,6,Female,Male,Yes,Divorced,1.3,Mother,Son,Mother-Son
48,60,Male,Female,Yes,Married,22.9,Husband,Wife,Husband-Wife
78,29,Male,Female,Yes,Married,18.3,Grandfather,Granddaughter,Grandfather-Granddaughter
50,50,Male,Female,Yes,Married,8.8,Husband,Wife,Husband-Wife
49,3,Female,Male,Yes,Single,5.4,Mother,Son,Mother-Son
65,27,Female,Male,Yes,Married,20.8,Mother,Son,Mother-Son
70,9,Female,Female,Yes,Widowed,2.6,Grandmother,Granddaughter,Grandmother-Granddaughter
32,22,Male,Male,Yes,Single,0.7,Brother,Brother,Brother-Brother
35,33,Female,Female,Yes,Single,6.0,Sister,Sister,Sister-Sister
68,22,Female,Female,Yes,Single,5.5,Grandmother,Granddaughter,Grandmother-Granddaughter
64,28,Male,Male,Yes,Divorced,14.3,Grandfather,Grandson,Grandfather-Grandson
63,37,Female,Male,Yes,Widowed,4.3,Mother,Son,Mother-Son
44,7,Female,Male,Yes,Widowed,3.5,Mother,Son,Mother-Son
65,1,Male,Male,Yes,Single,7.5,Father,Son,Father-Son
62,25,Male,Female,Yes,Divorced,18.6,Grandfather,Granddaughter,Grandfather-Granddaughter
65,6,Female,Male,Yes,Married,24.6,Grandmother,Grandson,Grandmother-Grandson
44,6,Male,Male,Yes,Married,13.9,Father,Son,Father-Son
66,19,Female,Female,Yes,Married,28.9,Grandmother,Granddaughter,Grandmother-Granddaughter
45,54,Male,Male,Yes,Single,27.7,Brother,Brother,Brother-Brother
59,56,Female,Female,Yes,Single,17.3,Sister,Sister,Sister-Sister
7,5,Female,Female,Yes,Single,11.2,Sister,Sister,Sister-Sister
49,59,Male,Male,Yes,Single,29.7,Brother,Brother,Brother-Brother
75,36,Male,Male,Yes,Divorced,16.0,Grandfather,Grandson,Grandfather-Grandson
81,21,Female,Male,Yes,Divorced,27.1,Grandmother,Grandson,Grandmother-Grandson
68,69,Male,Female,Yes,Married,21.4,Husband,Wife,Husband-Wife
68,44,Male,Male,Yes,Divorced,23.7,Father,Son,Father-Son
13,10,Male,Male,Yes,Single,29.3,Brother,Brother,Brother-Brother
33,14,Female,Female,Yes,Divorced,13.9,Mother,Daughter,Mother-Daughter
23,19,Male,Male,Yes,Single,8.0,Brother,Brother,Brother-Brother
25,35,Female,Female,Yes,Single,5.8,Sister,Sister,Sister-Sister
89,31,Female,Female,Yes,Widowed,9.7,Grandmother,Granddaughter,Grandmother-Granddaughter
33,14,Female,Male,Yes,Divorced,24.7,Mother,Son,Mother-Son
70,17,Female,Female,Yes,Married,15.3,Grandmother,Granddaughter,Grandmother-Granddaughter
75,3,Female,Female,Yes,Single,20.4,Grandmother,Granddaughter,Grandmother-Granddaughter
27,37,Male,Female,Yes,Single,5.9,Brother,Sister,Brother-Sister
17,16,Male,Male,Yes,Single,30.0,Brother,Brother,Brother-Brother
55,51,Male,Female,Yes,Single,5.8,Brother,Sister,Brother-Sister
46,1,Male,Female,Yes,Married,18.1,Father,Daughter,Father-Daughter
55,17,Female,Female,Yes,Widowed,12.8,Mother,Daughter,Mother-Daughter
30,9,Female,Male,Yes,Divorced,6.3,Mother,Son,Mother-Son
55,8,Female,Female,Yes,Divorced,15.3,Grandmother,Granddaughter,Grandmother-Granddaughter
86,10,Female,Male,Yes,Single,27.4,Grandmother,Grandson,Grandmother-Grandson
61,24,Male,Female,Yes,Divorced,17.6,Grandfather,Granddaughter,Grandfather-Granddaughter
71,2,Male,Female,Yes,Divorced,11.2,Grandfather,Granddaughter,Grandfather-Granddaughter
39,29,Male,Female,Yes,Married,13.0,Husband,Wife,Husband-Wife
32,5,Male,Male,Yes,Divorced,1.3,Father,Son,Father-Son
50,9,Male,Female,Yes,Married,28.4,Grandfather,Granddaughter,Grandfather-Granddaughter
66,29,Female,Male,Yes,Married,6.4,Grandmother,Grandson,Grandmother-Grandson
42,17,Male,Female,Yes,Single,26.6,Father,Daughter,Father-Daughter
14,10,Male,Male,Yes,Single,25.4,Brother,Brother,Brother-Brother
56,0,Male,Female,Yes,Single,13.6,Grandfather,Granddaughter,Grandfather-Granddaughter
64,0,Male,Female,Yes,Single,12.4,Grandfather,Granddaughter,Grandfather-Granddaughter
59,30,Male,Male,No,Single,5.5,Roommate,Roommate,Unrelated
75,0,Female,Male,Yes,Widowed,22.7,Grandmother,Grandson,Grandmother-Grandson
13,13,Male,Female,Yes,Single,10.4,Brother,Sister,Brother-Sister
55,31,Male,Male,Yes,Divorced,10.5,Father,Son,Father-Son
56,52,Female,Female,Yes,Single,14.0,Sister,Sister,Sister-Sister
65,37,Male,Male,Yes,Married,10.2,Father,Son,Father-Son
78,36,Female,Male,Yes,Divorced,13.8,Grandmother,Grandson,Grandmother-Grandson
45,47,Male,Male,Yes,Single,2.7,Brother,Brother,Brother-Brother
46,37,Male,Male,Yes,Single,22.3,Brother,Brother,Brother-Brother
72,10,Male,Male,Yes,Single,21.6,Grandfather,Grandson,Grandfather-Grandson
33,43,Male,Male,Yes,Single,11.5,Brother,Brother,Brother-Brother
84,18,Female,Female,Yes,Divorced,11.2,Grandmother,Granddaughter,Grandmother-Granddaughter
12,15,Male,Female,Yes,Single,17.6,Brother,Sister,Brother-Sister
62,48,Female,Male,No,Single,5.7,Roommate,Roommate,Unrelated
28,5,Female,Male,Yes,Divorced,25.8,Mother,Son,Mother-Son
21,23,Male,Female,Yes,Single,5.0,Brother,Sister,Brother-Sister
58,30,Male,Male,No,Single,18.6,Roommate,Roommate,Unrelated
13,23,Male,Male,Yes,Single,13.6,Brother,Brother,Brother-Brother
48,26,Male,Female,Yes,Married,22.1,Father,Daughter,Father-Daughter
48,41,Male,Female,Yes,Single,19.5,Brother,Sister,Brother-Sister
69,16,Male,Male,Yes,Widowed,22.1,Father,Son,Father-Son
76,2,Female,Male,Yes,Widowed,15.7,Grandmother,Grandson,Grandmother-Grandson
36,25,Male,Female,Yes,Married,1.5,Husband,Wife,Husband-Wife
35,31,Male,Female,No,Single,21.6,Roommate,Roommate,Unrelated
14,17,Male,Female,Yes,Single,4.8,Brother,Sister,Brother-Sister
36,15,Female,Female,Yes,Married,28.8,Mother,Daughter,Mother-Daughter
41,16,Female,Female,Yes,Married,7.4,Mother,Daughter,Mother-Daughter
60,52,Male,Female,Yes,Single,24.8,Brother,Sister,Brother-Sister
86,39,Male,Male,Yes,Divorced,6.7,Grandfather,Grandson,Grandfather-Grandson
44,4,Male,Male,Yes,Married,2.4,Father,Son,Father-Son
87,37,Female,Male,Yes,Married,9.3,Grandmother,Grandson,Grandmother-Grandson
90,10,Female,Female,Yes,Married,17.4,Grandmother,Granddaughter,Grandmother-Granddaughter
47,25,Male,Male,No,Single,23.2,Roommate,Roommate,Unrelated
56,46,Male,Female,Yes,Single,8.0,Brother,Sister,Brother-Sister
73,32,Female,Female,Yes,Divorced,25.6,Grandmother,Granddaughter,Grandmother-Granddaughter
37,33,Male,Female,Yes,Married,3.6,Husband,Wife,Husband-Wife
46,8,Female,Male,Yes,Widowed,4.5,Mother,Son,Mother-Son
38,14,Female,Female,Yes,Single,17.3,Mother,Daughter,Mother-Daughter
45,26,Female,Male,Yes,Married,3.3,Mother,Son,Mother-Son
50,38,Male,Female,Yes,Married,27.9,Husband,Wife,Husband-Wife
52,38,Female,Female,No,Single,11.9,Roommate,Roommate,Unrelated
37,39,Male,Male,Yes,Single,15.0,Brother,Brother,Brother-Brother
20,12,Male,Female,Yes,Single,12.7,Brother,Sister,Brother-Sister
60,6,Male,Male,Yes,Widowed,23.4,Grandfather,Grandson,Grandfather-Grandson
84,43,Female,Female,Yes,Single,4.5,Grandmother,Granddaughter,Grandmother-Granddaughter
78,37,Female,Female,Yes,Widowed,28.0,Grandmother,Granddaughter,Grandmother-Granddaughter
83,6,Female,Male,Yes,Widowed,27.5,Grandmother,Grandson,Grandmother-Grandson
81,10,Male,Female,Yes,Divorced,14.8,Grandfather,Granddaughter,Grandfather-Granddaughter
18,8,Male,Male,Yes,Single,13.2,Brother,Brother,Brother-Brother
63,4,Female,Male,Yes,Widowed,24.6,Grandmother,Grandson,Grandmother-Grandson
15,19,Male,Male,Yes,Single,11.0,Brother,Brother,Brother-Brother
63,18,Female,Male,Yes,Divorced,28.2,Grandmother,Grandson,Grandmother-Grandson
10,8,Male,Female,Yes,Single,8.3,Brother,Sister,Brother-Sister
48,49,Male,Female,Yes,Single,25.4,Brother,Sister,Brother-Sister
62,9,Female,Male,Yes,Married,15.4,Mother,Son,Mother-Son
50,1,Male,Female,Yes,Married,5.5,Grandfather,Granddaughter,Grandfather-Granddaughter
48,7,Male,Female,Yes,Widowed,5.4,Father,Daughter,Father-Daughter
45,6,Male,Male,Yes,Widowed,11.6,Father,Son,Father-Son
60,57,Male,Female,Yes,Single,19.6,Brother,Sister,Brother-Sister
23,31,Female,Female,No,Single,15.7,Roommate,Roommate,Unrelated
86,39,Male,Female,Yes,Single,15.1,Grandfather,Granddaughter,Grandfather-Granddaughter
64,38,Male,Female,No,Single,0.7,Roommate,Roommate,Unrelated
27,25,Male,Female,Yes,Single,3.9,Brother,Sister,Brother-Sister
84,35,Female,Female,Yes,Divorced,24.9,Grandmother,Granddaughter,Grandmother-Granddaughter
56,33,Female,Female,Yes,Married,26.5,Mother,Daughter,Mother-Daughter
83,6,Male,Male,Yes,Divorced,22.0,Grandfather,Grandson,Grandfather-Grandson
84,20,Male,Male,Yes,Widowed,27.3,Grandfather,Grandson,Grandfather-Grandson
44,23,Male,Male,Yes,Married,12.6,Father,Son,Father-Son
75,10,Male,Female,Yes,Widowed,8.2,Grandfather,Granddaughter,Grandfather-Granddaughter
87,15,Male,Male,Yes,Divorced,27.4,Grandfather,Grandson,Grandfather-Grandson
13,10,Male,Male,Yes,Single,1.5,Brother,Brother,Brother-Brother
25,3,Female,Male,Yes,Single,29.1,Mother,Son,Mother-Son
75,10,Female,Male,Yes,Widowed,14.3,Grandmother,Grandson,Grandmother-Grandson
54,20,Female,Female,No,Single,17.9,Roommate,Roommate,Unrelated
88,6,Female,Female,Yes,Married,27.3,Grandmother,Granddaughter,Grandmother-Granddaughter
56,47,Female,Female,Yes,Single,25.5,Sister,Sister,Sister-Sister
86,37,Female,Female,Yes,Single,23.6,Grandmother,Granddaughter,Grandmother-Granddaughter
37,17,Female,Male,Yes,Married,27.5,Mother,Son,Mother-Son
83,16,Female,Female,Yes,Single,19.9,Grandmother,Granddaughter,Grandmother-Granddaughter
57,22,Female,Male,Yes,Single,24.3,Mother,Son,Mother-Son
48,26,Female,Male,Yes,Widowed,16.2,Mother,Son,Mother-Son
56,48,Male,Female,Yes,Single,7.4,Brother,Sister,Brother-Sister
90,1,Male,Female,Yes,Married,2.3,Grandfather,Granddaughter,Grandfather-Granddaughter
62,13,Female,Male,Yes,Widowed,1.8,Mother,Son,Mother-Son
74,37,Male,Male,Yes,Widowed,15.4,Grandfather,Grandson,Grandfather-Grandson
42,43,Male,Male,Yes,Single,17.7,Brother,Brother,Brother-Brother
73,5,Male,Female,Yes,Single,11.9,Grandfather,Granddaughter,Grandfather-Granddaughter
65,19,Male,Male,Yes,Divorced,19.5,Father,Son,Father-Son
52,60,Female,Female,Yes,Single,22.7,Sister,Sister,Sister-Sister
65,34,Male,Female,Yes,Divorced,19.7,Father,Daughter,Father-Daughter
85,37,Female,Male,Yes,Widowed,29.0,Grandmother,Grandson,Grandmother-Grandson
60,30,Male,Female,Yes,Single,11.7,Roommate,Roommate,Unrelated
52,61,Male,Male,Yes,Single,15.7,Brother,Brother,Brother-Brother
50,19,Male,Female,Yes,Married,17.5,Father,Daughter,Father-Daughter
59,51,Female,Female,Yes,Single,27.0,Sister,Sister,Sister-Sister
60,52,Male,Female,Yes,Married,19.6,Husband,Wife,Husband-Wife
50,4,Female,Male,Yes,Divorced,15.7,Grandmother,Grandson,Grandmother-Grandson
64,28,Female,Male,Yes,Widowed,6.8,Mother,Son,Mother-Son
60,18,Female,Male,Yes,Single,12.5,Grandmother,Grandson,Grandmother-Grandson
71,30,Male,Female,Yes,Single,5.8,Grandfather,Granddaughter,Grandfather-Granddaughter
60,33,Female,Male,Yes,Single,26.8,Mother,Son,Mother-Son
41,7,Male,Female,Yes,Divorced,29.2,Father,Daughter,Father-Daughter
64,28,Female,Male,Yes,Divorced,9.3,Mother,Son,Mother-Son
27,8,Female,Female,Yes,Single,22.3,Mother,Daughter,Mother-Daughter
38,34,Male,Male,Yes,Single,8.2,Brother,Brother,Brother-Brother
60,34,Female,Male,Yes,Divorced,10.7,Mother,Son,Mother-Son
41,2,Female,Male,Yes,Divorced,22.9,Mother,Son,Mother-Son
74,11,Female,Male,Yes,Single,10.4,Grandmother,Grandson,Grandmother-Grandson
5,6,Male,Female,Yes,Single,13.1,Brother,Sister,Brother-Sister
28,54,Male,Female,No,Single,10.3,Roommate,Roommate,Unrelated
41,50,Male,Male,Yes,Single,28.8,Brother,Brother,Brother-Brother
46,45,Male,Female,Yes,Single,9.8,Brother,Sister,Brother-Sister
41,33,Female,Female,Yes,Single,7.4,Sister,Sister,Sister-Sister
32,9,Female,Male,Yes,Widowed,29.6,Mother,Son,Mother-Son
30,40,Female,Female,Yes,Single,2.2,Sister,Sister,Sister-Sister
30,11,Male,Male,Yes,Divorced,25.8,Father,Son,Father-Son
56,26,Female,Female,Yes,Widowed,28.6,Mother,Daughter,Mother-Daughter
61,10,Male,Female,Yes,Single,24.8,Grandfather,Granddaughter,Grandfather-Granddaughter
62,10,Male,Female,Yes,Widowed,25.6,Grandfather,Granddaughter,Grandfather-Granddaughter
33,32,Male,Female,Yes,Single,18.0,Brother,Sister,Brother-Sister
55,54,Male,Female,Yes,Married,19.6,Husband,Wife,Husband-Wife
79,11,Female,Male,Yes,Married,7.2,Grandmother,Grandson,Grandmother-Grandson
66,44,Male,Female,No,Single,21.7,Roommate,Roommate,Unrelated
46,56,Female,Female,Yes,Single,12.5,Sister,Sister,Sister-Sister
58,14,Female,Male,Yes,Single,14.5,Grandmother,Grandson,Grandmother-Grandson
60,5,Male,Female,Yes,Divorced,8.7,Grandfather,Granddaughter,Grandfather-Granddaughter
57,34,Female,Female,No,Single,26.8,Roommate,Roommate,Unrelated
64,38,Male,Female,Yes,Single,27.8,Father,Daughter,Father-Daughter
57,9,Female,Male,Yes,Divorced,20.1,Grandmother,Grandson,Grandmother-Grandson
28,2,Male,Female,Yes,Single,11.1,Father,Daughter,Father-Daughter
52,57,Male,Female,Yes,Married,19.4,Husband,Wife,Husband-Wife
70,41,Male,Female,Yes,Divorced,29.1,Father,Daughter,Father-Daughter
61,7,Female,Female,Yes,Married,20.6,Mother,Daughter,Mother-Daughter
55,40,Female,Female,No,Single,20.9,Roommate,Roommate,Unrelated
29,30,Male,Female,Yes,Married,27.4,Husband,Wife,Husband-Wife
27,19,Female,Female,No,Single,5.8,Roommate,Roommate,Unrelated
43,44,Female,Female,Yes,Single,5.9,Sister,Sister,Sister-Sister
62,32,Female,Female,Yes,Married,1.6,Mother,Daughter,Mother-Daughter
87,32,Female,Male,Yes,Widowed,22.9,Grandmother,Grandson,Grandmother-Grandson
30,30,Male,Female,Yes,Married,21.8,Husband,Wife,Husband-Wife
70,82,Male,Female,Yes,Married,3.3,Husband,Wife,Husband-Wife
68,3,Male,Female,Yes,Single,8.2,Grandfather,Granddaughter,Grandfather-Granddaughter
62,69,Male,Female,Yes,Married,24.6,Husband,Wife,Husband-Wife
63,3,Female,Male,Yes,Divorced,13.8,Mother,Son,Mother-Son
53,52,Female,Female,Yes,Single,1.2,Sister,Sister,Sister-Sister
32,34,Male,Female,Yes,Single,22.6,Brother,Sister,Brother-Sister
39,38,Male,Male,Yes,Single,3.5,Brother,Brother,Brother-Brother
61,68,Male,Female,Yes,Married,3.4,Husband,Wife,Husband-Wife
62,21,Female,Male,Yes,Single,28.1,Grandmother,Grandson,Grandmother-Grandson
53,55,Male,Male,Yes,Single,8.9,Brother,Brother,Brother-Brother
44,18,Male,Male,No,Single,25.4,Roommate,Roommate,Unrelated
43,46,Female,Female,Yes,Single,9.3,Sister,Sister,Sister-Sister
48,5,Male,Male,Yes,Widowed,6.3,Father,Son,Father-Son
82,46,Female,Male,Yes,Divorced,15.4,Grandmother,Grandson,Grandmother-Grandson
33,28,Male,Male,Yes,Single,16.2,Brother,Brother,Brother-Brother
22,31,Male,Female,Yes,Single,4.7,Brother,Sister,Brother-Sister
82,18,Male,Male,Yes,Divorced,19.6,Grandfather,Grandson,Grandfather-Grandson
15,5,Female,Female,Yes,Single,14.5,Sister,Sister,Sister-Sister
34,33,Male,Male,Yes,Single,9.2,Brother,Brother,Brother-Brother
52,13,Male,Female,Yes,Single,21.8,Grandfather,Granddaughter,Grandfather-Granddaughter
41,44,Male,Female,Yes,Single,25.4,Brother,Sister,Brother-Sister
56,64,Female,Female,Yes,Single,27.9,Sister,Sister,Sister-Sister
43,19,Female,Male,Yes,Widowed,10.2,Mother,Son,Mother-Son
85,45,Male,Male,Yes,Single,14.2,Grandfather,Grandson,Grandfather-Grandson
48,3,Male,Male,Yes,Divorced,0.9,Father,Son,Father-Son
52,3,Female,Male,Yes,Single,7.0,Grandmother,Grandson,Grandmother-Grandson
60,70,Male,Male,Yes,Single,26.5,Brother,Brother,Brother-Brother
43,54,Male,Female,Yes,Married,23.4,Husband,Wife,Husband-Wife
47,8,Female,Female,Yes,Divorced,12.2,Mother,Daughter,Mother-Daughter
24,56,Male,Female,No,Single,3.8,Roommate,Roommate,Unrelated
46,2,Female,Male,Yes,Married,0.9,Mother,Son,Mother-Son
61,15,Male,Female,Yes,Married,12.2,Father,Daughter,Father-Daughter
61,0,Female,Male,Yes,Widowed,23.8,Mother,Son,Mother-Son
62,12,Male,Female,Yes,Single,2.1,Father,Daughter,Father-Daughter
59,70,Male,Female,Yes,Married,2.4,Husband,Wife,Husband-Wife
43,53,Male,Female,Yes,Single,18.1,Brother,Sister,Brother-Sister
49,60,Male,Female,Yes,Married,27.5,Husband,Wife,Husband-Wife
27,47,Male,Female,No,Single,28.5,Roommate,Roommate,Unrelated
57,0,Female,Female,Yes,Married,20.2,Grandmother,Granddaughter,Grandmother-Granddaughter
89,39,Female,Male,Yes,Widowed,18.1,Grandmother,Grandson,Grandmother-Grandson
32,14,Female,Female,Yes,Widowed,11.6,Mother,Daughter,Mother-Daughter
75,35,Male,Female,Yes,Divorced,26.5,Grandfather,Granddaughter,Grandfather-Granddaughter
39,53,Male,Male,No,Single,9.2,Roommate,Roommate,Unrelated
35,61,Male,Male,No,Single,13.6,Roommate,Roommate,Unrelated
76,30,Female,Female,Yes,Widowed,21.4,Grandmother,Granddaughter,Grandmother-Granddaughter
34,2,Male,Female,Yes,Divorced,3.4,Father,Daughter,Father-Daughter
58,8,Female,Female,Yes,Single,10.5,Mother,Daughter,Mother-Daughter
49,37,Male,Female,Yes,Married,14.4,Husband,Wife,Husband-Wife
54,13,Male,Female,Yes,Single,16.9,Grandfather,Granddaughter,Grandfather-Granddaughter
56,23,Male,Female,Yes,Single,12.3,Father,Daughter,Father-Daughter
80,43,Female,Female,Yes,Married,27.9,Grandmother,Granddaughter,Grandmother-Granddaughter
48,48,Male,Male,Yes,Single,23.6,Brother,Brother,Brother-Brother
84,36,Male,Male,Yes,Married,1.6,Grandfather,Grandson,Grandfather-Grandson
34,0,Female,Female,Yes,Divorced,2.6,Mother,Daughter,Mother-Daughter
75,36,Female,Female,Yes,Single,22.2,Grandmother,Granddaughter,Grandmother-Granddaughter
20,29,Male,Male,Yes,Single,3.6,Brother,Brother,Brother-Brother
27,3,Female,Male,Yes,Married,3.4,Mother,Son,Mother-Son
66,21,Male,Male,Yes,Single,18.3,Roommate,Roommate,Unrelated
47,23,Male,Female,Yes,Married,0.8,Father,Daughter,Father-Daughter
17,27,Female,Female,Yes,Single,23.2,Sister,Sister,Sister-Sister
62,23,Male,Female,Yes,Divorced,7.1,Grandfather,Granddaughter,Grandfather-Granddaughter
31,31,Male,Female,Yes,Married,18.1,Husband,Wife,Husband-Wife
6,0,Female,Female,Yes,Single,6.5,Sister,Sister,Sister-Sister
15,21,Male,Female,Yes,Single,22.1,Brother,Sister,Brother-Sister
57,48,Female,Female,Yes,Single,28.3,Sister,Sister,Sister-Sister
43,52,Male,Female,Yes,Single,13.1,Brother,Sister,Brother-Sister
61,14,Male,Male,Yes,Single,25.4,Grandfather,Grandson,Grandfather-Grandson
18,15,Male,Male,Yes,Single,9.9,Brother,Brother,Brother-Brother
36,4,Male,Female,Yes,Widowed,21.0,Father,Daughter,Father-Daughter
31,41,Female,Female,No,Single,1.8,Roommate,Roommate,Unrelated
59,71,Male,Female,Yes,Married,9.7,Husband,Wife,Husband-Wife
39,14,Male,Female,Yes,Divorced,29.5,Father,Daughter,Father-Daughter
90,29,Female,Male,Yes,Divorced,18.5,Grandmother,Grandson,Grandmother-Grandson
51,12,Male,Male,Yes,Widowed,6.9,Grandfather,Grandson,Grandfather-Grandson
34,31,Female,Female,Yes,Single,4.2,Sister,Sister,Sister-Sister
47,7,Male,Male,Yes,Divorced,28.2,Father,Son,Father-Son
61,6,Female,Male,Yes,Divorced,12.3,Grandmother,Grandson,Grandmother-Grandson
62,16,Female,Male,Yes,Married,16.4,Grandmother,Grandson,Grandmother-Grandson
55,37,Male,Male,Yes,Married,22.0,Father,Son,Father-Son
67,15,Male,Female,Yes,Single,27.6,Grandfather,Granddaughter,Grandfather-Granddaughter
53,30,Female,Male,Yes,Married,12.4,Mother,Son,Mother-Son
63,9,Female,Male,Yes,Widowed,21.7,Mother,Son,Mother-Son
46,43,Male,Female,No,Single,29.2,Roommate,Roommate,Unrelated
55,59,Male,Female,No,Single,1.2,Roommate,Roommate,Unrelated
62,65,Female,Female,No,Single,9.6,Roommate,Roommate,Unrelated
58,20,Female,Female,Yes,Divorced,20.8,Grandmother,Granddaughter,Grandmother-Granddaughter
77,35,Male,Male,Yes,Widowed,15.6,Grandfather,Grandson,Grandfather-Grandson
87,4,Female,Male,Yes,Widowed,23.0,Grandmother,Grandson,Grandmother-Grandson
51,54,Male,Female,Yes,Single,12.4,Brother,Sister,Brother-Sister
32,67,Female,Female,No,Single,15.1,Roommate,Roommate,Unrelated
79,11,Female,Male,Yes,Widowed,6.2,Grandmother,Grandson,Grandmother-Grandson
58,20,Female,Female,Yes,Single,13.1,Mother,Daughter,Mother-Daughter
33,2,Male,Male,Yes,Single,2.6,Father,Son,Father-Son
24,33,Male,Female,No,Single,16.3,Roommate,Roommate,Unrelated
80,12,Female,Male,Yes,Married,29.9,Grandmother,Grandson,Grandmother-Grandson
34,28,Male,Female,Yes,Single,16.9,Brother,Sister,Brother-Sister
35,7,Female,Male,Yes,Widowed,13.1,Mother,Son,Mother-Son
34,13,Female,Female,Yes,Single,2.0,Mother,Daughter,Mother-Daughter
83,30,Female,Female,Yes,Single,7.9,Grandmother,Granddaughter,Grandmother-Granddaughter
89,46,Female,Female,Yes,Married,12.1,Grandmother,Granddaughter,Grandmother-Granddaughter
47,59,Male,Female,Yes,Married,15.3,Husband,Wife,Husband-Wife
35,25,Male,Female,Yes,Single,23.7,Brother,Sister,Brother-Sister
40,46,Female,Female,Yes,Single,25.4,Sister,Sister,Sister-Sister
67,3,Male,Female,Yes,Widowed,6.8,Father,Daughter,Father-Daughter
47,2,Male,Female,Yes,Widowed,29.1,Father,Daughter,Father-Daughter
26,8,Female,Female,Yes,Divorced,21.1,Mother,Daughter,Mother-Daughter
43,15,Female,Female,Yes,Divorced,2.9,Mother,Daughter,Mother-Daughter
84,23,Male,Male,Yes,Divorced,0.8,Grandfather,Grandson,Grandfather-Grandson
72,7,Male,Female,Yes,Divorced,2.5,Grandfather,Granddaughter,Grandfather-Granddaughter
40,40,Male,Female,Yes,Married,3.6,Husband,Wife,Husband-Wife
58,21,Female,Male,Yes,Married,13.8,Mother,Son,Mother-Son
66,35,Female,Female,No,Single,24.1,Roommate,Roommate,Unrelated
74,14,Female,Male,Yes,Single,16.7,Grandmother,Grandson,Grandmother-Grandson
69,4,Male,Female,Yes,Widowed,14.2,Father,Daughter,Father-Daughter
42,45,Male,Female,Yes,Single,24.5,Brother,Sister,Brother-Sister
75,18,Male,Male,Yes,Married,2.1,Grandfather,Grandson,Grandfather-Grandson
39,35,Male,Female,Yes,Single,13.8,Brother,Sister,Brother-Sister
36,11,Female,Female,Yes,Married,22.8,Mother,Daughter,Mother-Daughter
69,7,Female,Female,Yes,Married,8.4,Grandmother,Granddaughter,Grandmother-Granddaughter
24,26,Female,Female,Yes,Single,28.3,Sister,Sister,Sister-Sister
55,60,Male,Female,Yes,Married,22.2,Husband,Wife,Husband-Wife
40,12,Male,Male,Yes,Divorced,17.8,Father,Son,Father-Son
55,55,Female,Female,Yes,Single,15.3,Sister,Sister,Sister-Sister
90,13,Female,Male,Yes,Single,24.9,Grandmother,Grandson,Grandmother-Grandson
26,37,Female,Male,No,Single,9.6,Roommate,Roommate,Unrelated
33,9,Female,Male,Yes,Widowed,6.5,Mother,Son,Mother-Son
22,20,Male,Female,Yes,Married,16.0,Husband,Wife,Husband-Wife
61,43,Female,Male,Yes,Divorced,12.6,Mother,Son,Mother-Son
89,10,Female,Female,Yes,Single,1.4,Grandmother,Granddaughter,Grandmother-Granddaughter
27,19,Male,Female,Yes,Single,12.6,Brother,Sister,Brother-Sister
49,29,Male,Male,Yes,Widowed,16.9,Father,Son,Father-Son
61,11,Male,Male,Yes,Widowed,18.8,Grandfather,Grandson,Grandfather-Grandson
14,24,Male,Male,Yes,Single,6.5,Brother,Brother,Brother-Brother
30,21,Male,Male,Yes,Single,17.1,Brother,Brother,Brother-Brother
61,42,Female,Female,Yes,Single,30.0,Roommate,Roommate,Unrelated
51,21,Male,Female,Yes,Single,12.0,Father,Daughter,Father-Daughter
76,13,Male,Female,Yes,Divorced,13.5,Grandfather,Granddaughter,Grandfather-Granddaughter
29,2,Male,Male,Yes,Divorced,17.4,Father,Son,Father-Son
38,29,Female,Female,Yes,Single,29.1,Sister,Sister,Sister-Sister
50,55,Female,Female,Yes,Single,9.3,Sister,Sister,Sister-Sister
39,32,Male,Male,Yes,Single,27.3,Brother,Brother,Brother-Brother
37,33,Male,Male,Yes,Single,24.9,Brother,Brother,Brother-Brother
53,45,Male,Male,Yes,Single,6.0,Brother,Brother,Brother-Brother
64,23,Female,Male,Yes,Single,1.5,Mother,Son,Mother-Son
34,47,Female,Male,No,Single,5.5,Roommate,Roommate,Unrelated
71,34,Female,Male,Yes,Married,2.2,Grandmother,Grandson,Grandmother-Grandson
63,18,Male,Male,Yes,Single,28.1,Father,Son,Father-Son
58,21,Male,Female,Yes,Married,2.7,Grandfather,Granddaughter,Grandfather-Granddaughter
57,11,Male,Male,Yes,Married,19.4,Father,Son,Father-Son
40,5,Female,Male,Yes,Widowed,18.0,Mother,Son,Mother-Son
45,37,Female,Female,Yes,Single,29.8,Sister,Sister,Sister-Sister
40,12,Female,Male,Yes,Single,14.5,Mother,Son,Mother-Son
55,65,Male,Female,Yes,Single,2.2,Brother,Sister,Brother-Sister
53,3,Male,Male,Yes,Divorced,17.3,Grandfather,Grandson,Grandfather-Grandson
53,2,Female,Male,Yes,Married,28.7,Grandmother,Grandson,Grandmother-Grandson
70,10,Male,Female,Yes,Divorced,12.6,Grandfather,Granddaughter,Grandfather-Granddaughter
57,8,Female,Male,Yes,Single,22.2,Mother,Son,Mother-Son
57,24,Male,Male,Yes,Married,14.0,Father,Son,Father-Son
9,6,Male,Male,Yes,Single,8.3,Brother,Brother,Brother-Brother
42,10,Male,Female,Yes,Widowed,29.7,Father,Daughter,Father-Daughter
5,3,Female,Female,Yes,Single,12.5,Sister,Sister,Sister-Sister
34,14,Female,Female,Yes,Married,28.9,Mother,Daughter,Mother-Daughter
65,9,Male,Female,Yes,Widowed,6.7,Grandfather,Granddaughter,Grandfather-Granddaughter
11,15,Male,Male,Yes,Single,7.8,Brother,Brother,Brother-Brother
12,3,Male,Male,Yes,Single,14.1,Brother,Brother,Brother-Brother
81,24,Female,Female,Yes,Divorced,24.7,Grandmother,Granddaughter,Grandmother-Granddaughter
56,32,Female,Female,Yes,Married,22.8,Mother,Daughter,Mother-Daughter
37,14,Female,Female,Yes,Single,26.3,Mother,Daughter,Mother-Daughter
88,0,Female,Male,Yes,Married,16.9,Grandmother,Grandson,Grandmother-Grandson
47,40,Male,Male,Yes,Single,12.0,Brother,Brother,Brother-Brother
20,20,Male,Female,Yes,Single,21.5,Brother,Sister,Brother-Sister
49,14,Male,Female,Yes,Married,24.5,Father,Daughter,Father-Daughter
31,9,Male,Male,Yes,Married,18.5,Father,Son,Father-Son
63,26,Male,Male,Yes,Single,7.4,Grandfather,Grandson,Grandfather-Grandson
12,12,Male,Male,Yes,Single,9.8,Brother,Brother,Brother-Brother
61,21,Male,Male,Yes,Widowed,6.1,Grandfather,Grandson,Grandfather-Grandson
51,24,Male,Female,Yes,Married,8.6,Father,Daughter,Father-Daughter
32,0,Female,Male,Yes,Single,8.8,Mother,Son,Mother-Son
66,30,Male,Male,Yes,Widowed,24.0,Father,Son,Father-Son
36,24,Male,Male,No,Single,23.2,Roommate,Roommate,Unrelated
75,37,Male,Female,Yes,Divorced,11.0,Grandfather,Granddaughter,Grandfather-Granddaughter
30,19,Male,Female,Yes,Married,26.8,Husband,Wife,Husband-Wife
37,18,Female,Female,Yes,Widowed,14.1,Mother,Daughter,Mother-Daughter
28,20,Male,Male,Yes,Single,1.7,Brother,Brother,Brother-Brother
22,21,Male,Female,Yes,Single,15.7,Brother,Sister,Brother-Sister
52,52,Female,Female,Yes,Single,7.6,Sister,Sister,Sister-Sister
59,67,Male,Female,Yes,Married,7.5,Husband,Wife,Husband-Wife
50,59,Female,Female,No,Single,10.9,Roommate,Roommate,Unrelated
31,22,Male,Female,Yes,Single,12.5,Brother,Sister,Brother-Sister
54,8,Male,Female,Yes,Married,28.0,Grandfather,Granddaughter,Grandfather-Granddaughter
51,5,Male,Female,Yes,Widowed,15.1,Father,Daughter,Father-Daughter
26,0,Female,Female,Yes,Married,7.6,Mother,Daughter,Mother-Daughter
53,16,Female,Female,Yes,Married,3.9,Mother,Daughter,Mother-Daughter
74,17,Female,Male,Yes,Divorced,16.8,Grandmother,Grandson,Grandmother-Grandson
56,28,Male,Female,Yes,Single,19.7,Father,Daughter,Father-Daughter
64,24,Male,Female,Yes,Widowed,22.6,Grandfather,Granddaughter,Grandfather-Granddaughter
62,5,Female,Female,Yes,Divorced,8.9,Mother,Daughter,Mother-Daughter
70,49,Female,Female,No,Single,25.1,Roommate,Roommate,Unrelated
64,27,Male,Male,Yes,Widowed,4.7,Grandfather,Grandson,Grandfather-Grandson
37,47,Female,Female,Yes,Single,10.9,Sister,Sister,Sister-Sister
24,32,Male,Female,Yes,Single,16.6,Brother,Sister,Brother-Sister
37,45,Female,Male,No,Single,12.9,Roommate,Roommate,Unrelated
63,23,Female,Female,Yes,Single,9.9,Mother,Daughter,Mother-Daughter
49,13,Male,Male,Yes,Married,26.2,Father,Son,Father-Son
50,9,Female,Male,Yes,Divorced,16.6,Mother,Son,Mother-Son
51,49,Male,Female,No,Single,10.1,Roommate,Roommate,Unrelated
22,22,Male,Male,Yes,Single,6.8,Brother,Brother,Brother-Brother
44,53,Male,Female,Yes,Single,11.0,Brother,Sister,Brother-Sister
88,34,Male,Male,Yes,Married,7.3,Grandfather,Grandson,Grandfather-Grandson
54,19,Male,Female,Yes,Divorced,5.9,Father,Daughter,Father-Daughter
61,33,Female,Female,Yes,Single,11.0,Mother,Daughter,Mother-Daughter
42,46,Male,Male,Yes,Single,24.3,Brother,Brother,Brother-Brother
85,21,Male,Female,Yes,Married,22.3,Grandfather,Granddaughter,Grandfather-Granddaughter
57,11,Female,Male,Yes,Widowed,28.3,Grandmother,Grandson,Grandmother-Grandson
87,20,Female,Female,Yes,Single,11.7,Grandmother,Granddaughter,Grandmother-Granddaughter
28,22,Female,Female,Yes,Single,29.5,Sister,Sister,Sister-Sister
60,14,Female,Female,Yes,Divorced,5.3,Grandmother,Granddaughter,Grandmother-Granddaughter
39,45,Male,Male,Yes,Single,24.7,Brother,Brother,Brother-Brother
66,55,Male,Female,Yes,Married,3.7,Husband,Wife,Husband-Wife
69,76,Male,Female,Yes,Married,5.4,Husband,Wife,Husband-Wife
14,13,Male,Male,Yes,Single,8.1,Brother,Brother,Brother-Brother
45,49,Male,Male,Yes,Single,3.0,Brother,Brother,Brother-Brother
66,1,Female,Female,Yes,Divorced,12.7,Grandmother,Granddaughter,Grandmother-Granddaughter
76,20,Female,Female,Yes,Widowed,3.4,Grandmother,Granddaughter,Grandmother-Granddaughter
31,23,Female,Female,Yes,Single,5.5,Sister,Sister,Sister-Sister
50,19,Female,Male,Yes,Widowed,13.5,Mother,Son,Mother-Son
36,52,Female,Male,No,Single,2.1,Roommate,Roommate,Unrelated
73,36,Male,Female,Yes,Widowed,23.2,Grandfather,Granddaughter,Grandfather-Granddaughter
40,32,Female,Female,Yes,Single,28.4,Sister,Sister,Sister-Sister
57,58,Male,Male,Yes,Single,1.4,Brother,Brother,Brother-Brother
49,13,Female,Male,Yes,Single,26.5,Mother,Son,Mother-Son
60,11,Male,Female,Yes,Married,15.2,Grandfather,Granddaughter,Grandfather-Granddaughter
51,14,Male,Female,Yes,Widowed,25.4,Grandfather,Granddaughter,Grandfather-Granddaughter
37,42,Female,Female,Yes,Single,28.9,Sister,Sister,Sister-Sister
25,32,Female,Female,Yes,Single,22.6,Sister,Sister,Sister-Sister
24,27,Male,Female,Yes,Married,7.4,Husband,Wife,Husband-Wife
64,23,Female,Female,Yes,Married,16.9,Grandmother,Granddaughter,Grandmother-Granddaughter
24,19,Female,Female,Yes,Single,29.6,Sister,Sister,Sister-Sister
50,3,Female,Male,Yes,Divorced,3.8,Mother,Son,Mother-Son
82,25,Female,Male,Yes,Single,14.0,Grandmother,Grandson,Grandmother-Grandson
66,69,Male,Female,Yes,Married,11.0,Husband,Wife,Husband-Wife
21,16,Female,Female,Yes,Single,21.2,Sister,Sister,Sister-Sister
37,17,Male,Male,Yes,Married,1.3,Father,Son,Father-Son
83,10,Female,Male,Yes,Divorced,9.8,Grandmother,Grandson,Grandmother-Grandson
46,48,Female,Female,Yes,Single,28.0,Sister,Sister,Sister-Sister
52,10,Male,Female,Yes,Married,13.7,Father,Daughter,Father-Daughter
55,11,Male,Female,Yes,Single,1.1,Grandfather,Granddaughter,Grandfather-Granddaughter
50,5,Male,Female,Yes,Widowed,21.2,Grandfather,Granddaughter,Grandfather-Granddaughter
66,5,Male,Female,Yes,Divorced,24.5,Father,Daughter,Father-Daughter
82,38,Male,Female,Yes,Widowed,11.4,Grandfather,Granddaughter,Grandfather-Granddaughter
19,11,Male,Male,Yes,Single,7.0,Brother,Brother,Brother-Brother
45,55,Male,Male,Yes,Single,13.7,Brother,Brother,Brother-Brother
64,16,Female,Male,Yes,Married,5.3,Grandmother,Grandson,Grandmother-Grandson
43,36,Male,Male,Yes,Single,20.4,Brother,Brother,Brother-Brother
50,54,Male,Male,Yes,Single,22.6,Brother,Brother,Brother-Brother
29,1,Female,Male,Yes,Widowed,18.8,Mother,Son,Mother-Son
41,11,Female,Male,Yes,Married,7.6,Mother,Son,Mother-Son
63,26,Male,Male,Yes,Single,21.1,Father,Son,Father-Son
56,52,Male,Female,Yes,Married,0.9,Husband,Wife,Husband-Wife
36,2,Male,Female,Yes,Widowed,24.8,Father,Daughter,Father-Daughter
52,49,Male,Male,Yes,Single,9.4,Brother,Brother,Brother-Brother
78,11,Male,Male,Yes,Single,10.4,Grandfather,Grandson,Grandfather-Grandson
60,20,Female,Male,Yes,Divorced,2.5,Mother,Son,Mother-Son
41,43,Male,Male,Yes,Single,4.9,Brother,Brother,Brother-Brother
49,14,Female,Male,Yes,Single,4.9,Mother,Son,Mother-Son
57,5,Female,Female,Yes,Single,1.2,Grandmother,Granddaughter,Grandmother-Granddaughter
54,14,Female,Female,Yes,Divorced,14.4,Mother,Daughter,Mother-Daughter
48,27,Male,Male,Yes,Married,8.9,Father,Son,Father-Son
56,14,Male,Male,Yes,Divorced,17.4,Grandfather,Grandson,Grandfather-Grandson
53,24,Male,Female,Yes,Widowed,24.2,Father,Daughter,Father-Daughter
59,23,Female,Male,Yes,Widowed,18.6,Grandmother,Grandson,Grandmother-Grandson
60,6,Male,Female,Yes,Divorced,28.5,Father,Daughter,Father-Daughter
59,5,Female,Male,Yes,Divorced,6.6,Grandmother,Grandson,Grandmother-Grandson
28,9,Female,Female,Yes,Married,12.2,Mother,Daughter,Mother-Daughter
76,6,Female,Female,Yes,Single,0.5,Grandmother,Granddaughter,Grandmother-Granddaughter
26,26,Male,Female,Yes,Married,6.5,Husband,Wife,Husband-Wife
64,15,Male,Female,Yes,Widowed,14.5,Father,Daughter,Father-Daughter
25,4,Female,Male,Yes,Widowed,5.6,Mother,Son,Mother-Son
71,0,Female,Male,Yes,Divorced,8.2,Grandmother,Grandson,Grandmother-Grandson
38,23,Male,Male,No,Single,5.6,Roommate,Roommate,Unrelated
51,9,Male,Female,Yes,Widowed,3.8,Grandfather,Granddaughter,Grandfather-Granddaughter
66,23,Female,Male,Yes,Widowed,1.2,Grandmother,Grandson,Grandmother-Grandson
75,11,Male,Male,Yes,Married,11.4,Grandfather,Grandson,Grandfather-Grandson
60,64,Female,Female,Yes,Single,2.1,Sister,Sister,Sister-Sister
49,17,Female,Male,Yes,Single,26.2,Mother,Son,Mother-Son
36,3,Male,Female,Yes,Single,20.7,Father,Daughter,Father-Daughter
59,51,Female,Female,Yes,Single,26.2,Sister,Sister,Sister-Sister
23,57,Female,Female,No,Single,15.6,Roommate,Roommate,Unrelated
31,12,Male,Female,Yes,Married,16.5,Father,Daughter,Father-Daughter
58,7,Female,Female,Yes,Widowed,28.5,Grandmother,Granddaughter,Grandmother-Granddaughter
48,2,Female,Male,Yes,Married,16.3,Mother,Son,Mother-Son
82,30,Female,Male,Yes,Single,16.5,Grandmother,Grandson,Grandmother-Grandson
41,13,Male,Female,Yes,Divorced,10.9,Father,Daughter,Father-Daughter
45,35,Male,Male,No,Single,19.3,Roommate,Roommate,Unrelated
34,7,Male,Male,Yes,Widowed,28.2,Father,Son,Father-Son
53,21,Male,Male,Yes,Married,11.2,Father,Son,Father-Son
59,18,Male,Male,Yes,Widowed,3.0,Father,Son,Father-Son
35,5,Female,Male,Yes,Widowed,18.5,Mother,Son,Mother-Son
11,8,Female,Female,Yes,Single,1.7,Sister,Sister,Sister-Sister
68,23,Male,Male,Yes,Widowed,19.1,Father,Son,Father-Son
58,6,Female,Male,Yes,Divorced,17.6,Grandmother,Grandson,Grandmother-Grandson
88,2,Male,Female,Yes,Single,28.6,Grandfather,Granddaughter,Grandfather-Granddaughter
39,36,Female,Female,Yes,Single,28.2,Sister,Sister,Sister-Sister
15,20,Male,Male,Yes,Single,3.8,Brother,Brother,Brother-Brother
40,6,Male,Female,Yes,Married,20.4,Father,Daughter,Father-Daughter
61,3,Female,Female,Yes,Widowed,24.7,Grandmother,Granddaughter,Grandmother-Granddaughter
22,25,Male,Female,Yes,Married,9.8,Husband,Wife,Husband-Wife
43,16,Male,Female,Yes,Married,4.5,Father,Daughter,Father-Daughter
33,11,Female,Female,Yes,Widowed,11.5,Mother,Daughter,Mother-Daughter
53,62,Male,Female,Yes,Married,17.3,Husband,Wife,Husband-Wife
62,1,Male,Female,Yes,Divorced,18.7,Grandfather,Granddaughter,Grandfather-Granddaughter
60,1,Female,Female,Yes,Divorced,20.9,Grandmother,Granddaughter,Grandmother-Granddaughter
40,6,Female,Female,Yes,Divorced,23.6,Mother,Daughter,Mother-Daughter
27,6,Female,Male,Yes,Married,17.0,Mother,Son,Mother-Son
88,4,Female,Female,Yes,Single,0.9,Grandmother,Granddaughter,Grandmother-Granddaughter
10,10,Male,Male,Yes,Single,7.0,Brother,Brother,Brother-Brother
32,38,Male,Male,Yes,Single,11.4,Brother,Brother,Brother-Brother
43,41,Male,Female,Yes,Single,11.7,Brother,Sister,Brother-Sister
83,0,Female,Female,Yes,Divorced,17.6,Grandmother,Granddaughter,Grandmother-Granddaughter
30,22,Male,Male,Yes,Single,10.8,Brother,Brother,Brother-Brother
42,59,Female,Female,No,Single,11.2,Roommate,Roommate,Unrelated
64,20,Male,Female,Yes,Single,27.4,Grandfather,Granddaughter,Grandfather-Granddaughter
59,1,Female,Female,Yes,Divorced,6.9,Grandmother,Granddaughter,Grandmother-Granddaughter
81,26,Female,Male,Yes,Single,20.5,Grandmother,Grandson,Grandmother-Grandson
34,34,Male,Female,Yes,Single,8.0,Brother,Sister,Brother-Sister
60,51,Male,Female,Yes,Single,13.6,Brother,Sister,Brother-Sister
43,23,Male,Female,Yes,Single,28.0,Father,Daughter,Father-Daughter
52,2,Female,Female,Yes,Widowed,11.8,Mother,Daughter,Mother-Daughter
51,8,Female,Female,Yes,Married,9.7,Grandmother,Granddaughter,Grandmother-Granddaughter
58,49,Male,Female,Yes,Married,24.2,Husband,Wife,Husband-Wife
61,8,Male,Female,Yes,Widowed,27.3,Father,Daughter,Father-Daughter
58,1,Male,Female,Yes,Single,23.1,Grandfather,Granddaughter,Grandfather-Granddaughter
17,20,Male,Male,Yes,Single,24.8,Brother,Brother,Brother-Brother
62,2,Male,Male,Yes,Married,3.7,Father,Son,Father-Son
20,68,Female,Female,No,Single,0.9,Roommate,Roommate,Unrelated
85,19,Male,Female,Yes,Married,14.5,Grandfather,Granddaughter,Grandfather-Granddaughter
45,8,Female,Male,Yes,Widowed,5.7,Mother,Son,Mother-Son
36,8,Female,Male,Yes,Single,10.1,Mother,Son,Mother-Son
70,8,Female,Male,Yes,Divorced,25.3,Grandmother,Grandson,Grandmother-Grandson
49,53,Male,Female,Yes,Single,2.2,Brother,Sister,Brother-Sister
67,20,Female,Male,No,Single,4.6,Roommate,Roommate,Unrelated
21,28,Male,Female,Yes,Single,13.6,Brother,Sister,Brother-Sister
69,38,Male,Female,Yes,Widowed,17.9,Father,Daughter,Father-Daughter
84,36,Male,Male,Yes,Widowed,9.4,Grandfather,Grandson,Grandfather-Grandson
74,26,Female,Male,Yes,Widowed,10.6,Grandmother,Grandson,Grandmother-Grandson
55,34,Female,Male,Yes,Single,10.7,Mother,Son,Mother-Son
63,54,Male,Female,No,Single,21.3,Roommate,Roommate,Unrelated
28,27,Male,Male,Yes,Single,3.3,Brother,Brother,Brother-Brother
53,9,Male,Female,Yes,Divorced,15.0,Father,Daughter,Father-Daughter
83,15,Male,Male,Yes,Single,9.4,Grandfather,Grandson,Grandfather-Grandson
10,5,Male,Female,Yes,Single,12.8,Brother,Sister,Brother-Sister
41,53,Male,Female,Yes,Married,2.8,Husband,Wife,Husband-Wife
35,16,Male,Female,Yes,Married,23.0,Father,Daughter,Father-Daughter
40,47,Female,Female,Yes,Single,14.5,Sister,Sister,Sister-Sister
55,17,Male,Male,Yes,Divorced,11.5,Grandfather,Grandson,Grandfather-Grandson
30,30,Male,Male,Yes,Single,23.2,Brother,Brother,Brother-Brother
46,19,Male,Male,Yes,Single,11.5,Father,Son,Father-Son
43,33,Male,Male,Yes,Single,17.2,Brother,Brother,Brother-Brother
60,30,Male,Female,Yes,Married,21.3,Father,Daughter,Father-Daughter
52,26,Male,Female,Yes,Widowed,20.5,Father,Daughter,Father-Daughter
83,15,Male,Female,Yes,Married,12.4,Grandfather,Granddaughter,Grandfather-Granddaughter
57,47,Male,Female,Yes,Married,5.3,Husband,Wife,Husband-Wife
64,26,Male,Female,Yes,Widowed,29.9,Father,Daughter,Father-Daughter
61,0,Male,Female,Yes,Single,13.4,Grandfather,Granddaughter,Grandfather-Granddaughter
33,38,Male,Male,Yes,Single,24.7,Brother,Brother,Brother-Brother
39,21,Male,Female,Yes,Widowed,19.9,Father,Daughter,Father-Daughter
11,16,Male,Male,Yes,Single,8.3,Brother,Brother,Brother-Brother
13,10,Male,Male,Yes,Single,25.0,Brother,Brother,Brother-Brother
38,20,Male,Female,Yes,Divorced,8.1,Father,Daughter,Father-Daughter
60,59,Male,Female,Yes,Married,27.9,Husband,Wife,Husband-Wife
61,14,Male,Male,Yes,Single,28.1,Grandfather,Grandson,Grandfather-Grandson
76,29,Female,Male,Yes,Divorced,17.4,Grandmother,Grandson,Grandmother-Grandson
35,5,Female,Male,Yes,Single,9.1,Mother,Son,Mother-Son
47,13,Female,Female,Yes,Divorced,22.8,Mother,Daughter,Mother-Daughter
66,19,Male,Female,Yes,Married,22.7,Grandfather,Granddaughter,Grandfather-Granddaughter
57,11,Male,Male,Yes,Widowed,14.1,Grandfather,Grandson,Grandfather-Grandson
20,14,Male,Female,Yes,Single,18.6,Brother,Sister,Brother-Sister
16,18,Male,Male,Yes,Single,2.9,Brother,Brother,Brother-Brother
58,68,Male,Female,Yes,Married,20.0,Husband,Wife,Husband-Wife
85,17,Female,Female,Yes,Single,23.6,Grandmother,Granddaughter,Grandmother-Granddaughter
66,18,Male,Female,Yes,Divorced,28.3,Grandfather,Granddaughter,Grandfather-Granddaughter
56,4,Female,Male,Yes,Divorced,4.0,Grandmother,Grandson,Grandmother-Grandson
55,2,Female,Male,Yes,Widowed,2.3,Mother,Son,Mother-Son
53,20,Male,Female,Yes,Married,12.6,Father,Daughter,Father-Daughter
65,11,Female,Male,Yes,Married,7.9,Grandmother,Grandson,Grandmother-Grandson
60,6,Male,Female,Yes,Divorced,5.3,Grandfather,Granddaughter,Grandfather-Granddaughter
43,48,Male,Male,Yes,Single,22.1,Brother,Brother,Brother-Brother
25,4,Female,Female,Yes,Single,1.9,Mother,Daughter,Mother-Daughter
59,64,Male,Male,Yes,Single,23.9,Brother,Brother,Brother-Brother
25,34,Female,Female,Yes,Single,22.4,Sister,Sister,Sister-Sister
68,30,Female,Female,Yes,Divorced,28.4,Grandmother,Granddaughter,Grandmother-Granddaughter
78,25,Male,Male,Yes,Single,5.1,Grandfather,Grandson,Grandfather-Grandson
74,2,Female,Male,Yes,Married,28.6,Grandmother,Grandson,Grandmother-Grandson
42,14,Male,Male,Yes,Widowed,2.2,Father,Son,Father-Son
58,30,Female,Female,Yes,Divorced,13.4,Mother,Daughter,Mother-Daughter
88,16,Male,Male,Yes,Widowed,3.1,Grandfather,Grandson,Grandfather-Grandson
24,27,Male,Male,Yes,Single,8.5,Brother,Brother,Brother-Brother
54,56,Female,Female,Yes,Single,10.5,Sister,Sister,Sister-Sister
27,8,Female,Male,Yes,Widowed,21.4,Mother,Son,Mother-Son
73,24,Male,Female,Yes,Single,25.2,Grandfather,Granddaughter,Grandfather-Granddaughter
57,61,Male,Female,Yes,Married,19.1,Husband,Wife,Husband-Wife
35,2,Female,Male,Yes,Single,7.4,Mother,Son,Mother-Son
35,1,Male,Female,Yes,Divorced,10.8,Father,Daughter,Father-Daughter
43,8,Female,Male,Yes,Married,17.1,Mother,Son,Mother-Son
70,11,Male,Male,Yes,Married,9.4,Grandfather,Grandson,Grandfather-Grandson
89,24,Female,Female,Yes,Married,13.6,Grandmother,Granddaughter,Grandmother-Granddaughter
31,5,Female,Male,Yes,Widowed,22.8,Mother,Son,Mother-Son
32,27,Male,Male,Yes,Single,6.4,Brother,Brother,Brother-Brother
29,34,Female,Female,Yes,Single,18.7,Sister,Sister,Sister-Sister
66,4,Female,Female,Yes,Divorced,7.7,Grandmother,Granddaughter,Grandmother-Granddaughter
57,54,Female,Female,Yes,Single,7.2,Sister,Sister,Sister-Sister
54,13,Female,Male,Yes,Married,17.7,Mother,Son,Mother-Son
61,14,Male,Female,Yes,Divorced,10.1,Father,Daughter,Father-Daughter
75,6,Female,Female,Yes,Divorced,19.8,Grandmother,Granddaughter,Grandmother-Granddaughter
26,6,Female,Male,Yes,Married,29.8,Mother,Son,Mother-Son
12,10,Male,Male,Yes,Single,12.0,Brother,Brother,Brother-Brother
84,11,Male,Female,Yes,Single,18.9,Grandfather,Granddaughter,Grandfather-Granddaughter
71,3,Female,Male,Yes,Divorced,11.3,Grandmother,Grandson,Grandmother-Grandson
27,31,Male,Male,Yes,Single,26.6,Brother,Brother,Brother-Brother
36,3,Female,Male,Yes,Widowed,17.0,Mother,Son,Mother-Son
17,13,Male,Female,Yes,Single,12.6,Brother,Sister,Brother-Sister
81,19,Female,Female,Yes,Divorced,2.0,Grandmother,Granddaughter,Grandmother-Granddaughter
90,20,Female,Male,Yes,Divorced,3.9,Grandmother,Grandson,Grandmother-Grandson
16,11,Male,Male,Yes,Single,9.0,Brother,Brother,Brother-Brother
52,27,Female,Female,Yes,Married,6.8,Mother,Daughter,Mother-Daughter
76,20,Female,Male,Yes,Married,29.9,Grandmother,Grandson,Grandmother-Grandson
54,12,Male,Male,Yes,Single,1.6,Grandfather,Grandson,Grandfather-Grandson
44,26,Male,Female,Yes,Divorced,21.8,Father,Daughter,Father-Daughter
24,18,Male,Female,Yes,Married,22.2,Husband,Wife,Husband-Wife
53,6,Male,Female,Yes,Divorced,3.4,Grandfather,Granddaughter,Grandfather-Granddaughter
64,17,Female,Male,Yes,Single,11.8,Mother,Son,Mother-Son
56,7,Male,Female,Yes,Widowed,20.0,Grandfather,Granddaughter,Grandfather-Granddaughter
73,18,Male,Female,Yes,Single,25.6,Grandfather,Granddaughter,Grandfather-Granddaughter
13,20,Male,Female,Yes,Single,12.5,Brother,Sister,Brother-Sister
29,24,Male,Male,No,Single,29.5,Roommate,Roommate,Unrelated
18,20,Male,Female,Yes,Single,27.6,Brother,Sister,Brother-Sister
43,48,Female,Female,Yes,Single,21.1,Sister,Sister,Sister-Sister
62,43,Male,Female,Yes,Widowed,26.0,Father,Daughter,Father-Daughter
67,74,Male,Female,Yes,Married,10.2,Husband,Wife,Husband-Wife
40,57,Male,Male,No,Single,25.5,Roommate,Roommate,Unrelated
63,0,Female,Male,Yes,Married,22.8,Mother,Son,Mother-Son
56,15,Female,Male,Yes,Widowed,14.4,Mother,Son,Mother-Son
37,44,Male,Female,Yes,Single,25.1,Roommate,Roommate,Unrelated
23,42,Female,Female,No,Single,24.4,Roommate,Roommate,Unrelated
47,46,Male,Female,Yes,Single,27.9,Brother,Sister,Brother-Sister
67,17,Male,Female,Yes,Single,5.9,Grandfather,Granddaughter,Grandfather-Granddaughter
60,69,Female,Female,Yes,Single,9.5,Sister,Sister,Sister-Sister
84,40,Male,Male,Yes,Divorced,26.5,Grandfather,Grandson,Grandfather-Grandson
43,57,Female,Male,No,Single,22.6,Roommate,Roommate,Unrelated
60,58,Male,Male,Yes,Single,18.9,Brother,Brother,Brother-Brother
23,20,Female,Female,No,Single,1.2,Roommate,Roommate,Unrelated
68,29,Male,Male,Yes,Single,8.8,Father,Son,Father-Son
75,35,Female,Female,Yes,Widowed,18.0,Grandmother,Granddaughter,Grandmother-Granddaughter
49,25,Female,Male,Yes,Single,3.4,Mother,Son,Mother-Son
52,48,Male,Male,Yes,Single,10.2,Brother,Brother,Brother-Brother
56,8,Female,Male,Yes,Single,22.9,Grandmother,Grandson,Grandmother-Grandson
33,9,Female,Female,Yes,Widowed,0.5,Mother,Daughter,Mother-Daughter
53,3,Male,Female,Yes,Widowed,27.7,Grandfather,Granddaughter,Grandfather-Granddaughter
55,19,Female,Male,Yes,Divorced,12.8,Grandmother,Grandson,Grandmother-Grandson
36,39,Female,Female,No,Single,21.0,Roommate,Roommate,Unrelated
48,54,Male,Female,Yes,Married,19.0,Husband,Wife,Husband-Wife
55,2,Male,Male,Yes,Divorced,19.0,Grandfather,Grandson,Grandfather-Grandson
52,47,Male,Male,Yes,Single,23.8,Brother,Brother,Brother-Brother
19,68,Female,Female,No,Single,28.5,Roommate,Roommate,Unrelated
25,33,Male,Female,Yes,Single,2.9,Brother,Sister,Brother-Sister
56,21,Male,Female,Yes,Divorced,11.7,Father,Daughter,Father-Daughter
16,6,Female,Female,Yes,Single,15.6,Sister,Sister,Sister-Sister
33,15,Female,Male,Yes,Divorced,28.7,Mother,Son,Mother-Son
41,2,Female,Male,Yes,Widowed,1.8,Mother,Son,Mother-Son
26,4,Female,Male,Yes,Divorced,13.5,Mother,Son,Mother-Son
49,24,Female,Female,Yes,Divorced,26.0,Mother,Daughter,Mother-Daughter
44,12,Male,Male,Yes,Single,3.0,Father,Son,Father-Son
55,13,Female,Male,Yes,Married,19.6,Grandmother,Grandson,Grandmother-Grandson
83,32,Female,Male,Yes,Married,2.8,Grandmother,Grandson,Grandmother-Grandson
14,8,Female,Female,Yes,Single,13.4,Sister,Sister,Sister-Sister
25,23,Male,Female,Yes,Married,13.8,Husband,Wife,Husband-Wife
12,3,Male,Female,Yes,Single,11.2,Brother,Sister,Brother-Sister
42,53,Female,Male,No,Single,27.3,Roommate,Roommate,Unrelated
56,32,Female,Female,Yes,Widowed,4.2,Mother,Daughter,Mother-Daughter
18,26,Male,Male,Yes,Single,2.1,Brother,Brother,Brother-Brother
34,14,Male,Male,Yes,Divorced,22.9,Father,Son,Father-Son
54,13,Male,Female,Yes,Widowed,26.8,Grandfather,Granddaughter,Grandfather-Granddaughter
56,16,Female,Female,Yes,Widowed,2.5,Grandmother,Granddaughter,Grandmother-Granddaughter
61,1,Female,Male,Yes,Married,3.3,Grandmother,Grandson,Grandmother-Grandson
60,19,Female,Female,No,Single,25.8,Roommate,Roommate,Unrelated
41,15,Female,Female,Yes,Single,12.4,Mother,Daughter,Mother-Daughter
37,11,Female,Male,Yes,Divorced,23.7,Mother,Son,Mother-Son
90,51,Male,Male,Yes,Single,16.9,Grandfather,Grandson,Grandfather-Grandson
50,6,Male,Female,Yes,Married,9.7,Grandfather,Granddaughter,Grandfather-Granddaughter
50,15,Female,Male,Yes,Divorced,20.8,Grandmother,Grandson,Grandmother-Grandson
33,4,Female,Female,Yes,Single,4.2,Mother,Daughter,Mother-Daughter
65,13,Female,Female,Yes,Divorced,28.0,Grandmother,Granddaughter,Grandmother-Granddaughter
33,14,Male,Female,Yes,Divorced,24.7,Father,Daughter,Father-Daughter
61,6,Male,Female,Yes,Single,14.9,Grandfather,Granddaughter,Grandfather-Granddaughter
58,14,Female,Female,Yes,Married,9.7,Grandmother,Granddaughter,Grandmother-Granddaughter
54,11,Female,Female,Yes,Divorced,8.9,Grandmother,Granddaughter,Grandmother-Granddaughter
73,27,Female,Female,Yes,Married,24.9,Grandmother,Granddaughter,Grandmother-Granddaughter
45,33,Male,Female,Yes,Married,10.6,Husband,Wife,Husband-Wife
73,13,Female,Female,Yes,Divorced,13.2,Grandmother,Granddaughter,Grandmother-Granddaughter
72,31,Female,Female,Yes,Widowed,22.4,Grandmother,Granddaughter,Grandmother-Granddaughter
53,14,Male,Male,Yes,Married,2.8,Grandfather,Grandson,Grandfather-Grandson
40,5,Female,Female,Yes,Widowed,8.4,Mother,Daughter,Mother-Daughter
82,37,Female,Female,Yes,Single,3.3,Grandmother,Granddaughter,Grandmother-Granddaughter
64,68,Male,Female,Yes,Married,2.5,Husband,Wife,Husband-Wife
31,8,Male,Male,Yes,Widowed,7.2,Father,Son,Father-Son
31,26,Female,Female,Yes,Single,13.8,Sister,Sister,Sister-Sister
21,14,Male,Female,Yes,Single,9.8,Brother,Sister,Brother-Sister
14,13,Male,Male,Yes,Single,2.5,Brother,Brother,Brother-Brother
37,67,Male,Female,No,Single,23.7,Roommate,Roommate,Unrelated
75,10,Male,Male,Yes,Divorced,5.4,Grandfather,Grandson,Grandfather-Grandson
50,13,Male,Male,Yes,Single,29.8,Grandfather,Grandson,Grandfather-Grandson
20,26,Male,Male,Yes,Single,8.3,Brother,Brother,Brother-Brother
68,65,Male,Female,Yes,Married,24.5,Husband,Wife,Husband-Wife
10,3,Male,Male,Yes,Single,19.9,Brother,Brother,Brother-Brother
80,40,Male,Female,Yes,Married,8.9,Grandfather,Granddaughter,Grandfather-Granddaughter
69,19,Male,Female,Yes,Widowed,9.3,Grandfather,Granddaughter,Grandfather-Granddaughter
63,12,Male,Female,Yes,Divorced,29.9,Grandfather,Granddaughter,Grandfather-Granddaughter
48,37,Female,Female,No,Single,27.4,Roommate,Roommate,Unrelated
87,44,Female,Female,Yes,Married,3.0,Grandmother,Granddaughter,Grandmother-Granddaughter
61,43,Female,Female,No,Single,6.4,Roommate,Roommate,Unrelated
60,67,Female,Female,Yes,Single,19.1,Sister,Sister,Sister-Sister
13,15,Male,Male,Yes,Single,10.1,Brother,Brother,Brother-Brother
34,12,Male,Male,Yes,Married,13.2,Father,Son,Father-Son
38,38,Male,Male,Yes,Single,16.0,Brother,Brother,Brother-Brother
65,5,Female,Female,Yes,Widowed,15.2,Grandmother,Granddaughter,Grandmother-Granddaughter
56,64,Male,Female,Yes,Single,0.9,Brother,Sister,Brother-Sister
41,42,Male,Male,Yes,Single,23.9,Brother,Brother,Brother-Brother
53,11,Female,Female,Yes,Divorced,4.5,Grandmother,Granddaughter,Grandmother-Granddaughter
49,24,Female,Male,Yes,Single,7.2,Mother,Son,Mother-Son
52,7,Male,Female,Yes,Widowed,27.1,Father,Daughter,Father-Daughter
5,5,Female,Female,Yes,Single,25.7,Sister,Sister,Sister-Sister
79,28,Male,Female,Yes,Widowed,6.9,Grandfather,Granddaughter,Grandfather-Granddaughter
53,18,Male,Male,Yes,Widowed,6.7,Grandfather,Grandson,Grandfather-Grandson
66,59,Male,Female,Yes,Married,22.1,Husband,Wife,Husband-Wife
25,62,Male,Female,No,Single,2.7,Roommate,Roommate,Unrelated
61,62,Male,Female,Yes,Married,25.6,Husband,Wife,Husband-Wife
53,50,Male,Male,Yes,Single,21.6,Brother,Brother,Brother-Brother
46,7,Male,Male,Yes,Single,27.8,Father,Son,Father-Son
29,24,Male,Male,Yes,Single,14.3,Brother,Brother,Brother-Brother
66,30,Female,Female,Yes,Married,12.8,Grandmother,Granddaughter,Grandmother-Granddaughter
56,33,Female,Male,Yes,Widowed,8.3,Mother,Son,Mother-Son
55,4,Female,Male,Yes,Divorced,4.9,Grandmother,Grandson,Grandmother-Grandson
75,1,Female,Male,Yes,Widowed,20.4,Grandmother,Grandson,Grandmother-Grandson
41,36,Female,Female,Yes,Single,16.3,Sister,Sister,Sister-Sister
38,37,Male,Female,Yes,Married,2.2,Husband,Wife,Husband-Wife
75,4,Female,Female,Yes,Widowed,3.2,Grandmother,Granddaughter,Grandmother-Granddaughter
25,6,Female,Male,Yes,Widowed,28.7,Mother,Son,Mother-Son
28,38,Male,Female,No,Single,13.9,Roommate,Roommate,Unrelated
43,5,Female,Female,Yes,Married,26.7,Mother,Daughter,Mother-Daughter
37,38,Male,Female,Yes,Married,13.7,Husband,Wife,Husband-Wife
78,8,Male,Male,Yes,Divorced,5.2,Grandfather,Grandson,Grandfather-Grandson
51,38,Female,Male,No,Single,15.4,Roommate,Roommate,Unrelated
59,24,Male,Female,Yes,Widowed,22.0,Grandfather,Granddaughter,Grandfather-Granddaughter
25,7,Female,Male,Yes,Divorced,10.4,Mother,Son,Mother-Son
77,12,Female,Male,Yes,Divorced,1.5,Grandmother,Grandson,Grandmother-Grandson
63,3,Female,Male,Yes,Single,21.5,Grandmother,Grandson,Grandmother-Grandson
74,27,Female,Male,Yes,Divorced,1.5,Grandmother,Grandson,Grandmother-Grandson
29,54,Male,Female,No,Single,5.4,Roommate,Roommate,Unrelated
51,44,Female,Female,Yes,Single,18.2,Sister,Sister,Sister-Sister
31,20,Male,Female,No,Single,19.2,Roommate,Roommate,Unrelated
45,38,Female,Female,Yes,Single,2.1,Sister,Sister,Sister-Sister
29,4,Male,Female,Yes,Married,1.4,Father,Daughter,Father-Daughter
41,6,Male,Female,Yes,Divorced,23.9,Father,Daughter,Father-Daughter
27,28,Male,Male,No,Single,28.3,Roommate,Roommate,Unrelated
37,10,Male,Female,Yes,Widowed,10.4,Father,Daughter,Father-Daughter
20,49,Male,Female,No,Single,17.4,Roommate,Roommate,Unrelated
82,12,Male,Female,Yes,Single,4.0,Grandfather,Granddaughter,Grandfather-Granddaughter
44,47,Female,Female,Yes,Single,5.3,Sister,Sister,Sister-Sister
82,4,Male,Male,Yes,Single,28.9,Grandfather,Grandson,Grandfather-Grandson
54,59,Male,Female,Yes,Married,19.1,Husband,Wife,Husband-Wife
44,39,Male,Female,Yes,Married,26.4,Husband,Wife,Husband-Wife
53,38,Female,Female,No,Single,16.4,Roommate,Roommate,Unrelated
78,18,Female,Male,Yes,Married,23.6,Grandmother,Grandson,Grandmother-Grandson
43,16,Male,Female,Yes,Widowed,28.0,Father,Daughter,Father-Daughter
58,56,Male,Female,Yes,Married,20.8,Husband,Wife,Husband-Wife
75,1,Male,Female,Yes,Widowed,8.3,Grandfather,Granddaughter,Grandfather-Granddaughter
90,42,Female,Female,Yes,Divorced,7.9,Grandmother,Granddaughter,Grandmother-Granddaughter
11,17,Female,Female,Yes,Single,9.1,Sister,Sister,Sister-Sister
26,2,Female,Female,Yes,Widowed,23.9,Mother,Daughter,Mother-Daughter
57,6,Female,Male,Yes,Widowed,3.1,Mother,Son,Mother-Son
46,2,Female,Male,Yes,Single,24.7,Mother,Son,Mother-Son
16,15,Male,Female,Yes,Single,13.1,Brother,Sister,Brother-Sister
16,15,Male,Female,Yes,Single,4.6,Brother,Sister,Brother-Sister
76,13,Female,Female,Yes,Widowed,8.3,Grandmother,Granddaughter,Grandmother-Granddaughter
48,42,Male,Female,Yes,Married,13.1,Husband,Wife,Husband-Wife
22,32,Male,Female,Yes,Single,4.8,Brother,Sister,Brother-Sister
69,12,Male,Male,Yes,Widowed,5.3,Father,Son,Father-Son
29,31,Male,Female,Yes,Single,19.0,Brother,Sister,Brother-Sister
53,4,Female,Male,Yes,Divorced,21.5,Grandmother,Grandson,Grandmother-Grandson
54,15,Male,Male,Yes,Single,3.1,Grandfather,Grandson,Grandfather-Grandson
45,27,Female,Male,Yes,Widowed,8.5,Mother,Son,Mother-Son
17,8,Male,Male,Yes,Single,22.3,Brother,Brother,Brother-Brother
47,38,Male,Male,Yes,Single,20.0,Brother,Brother,Brother-Brother
64,29,Female,Male,Yes,Married,18.3,Mother,Son,Mother-Son
8,17,Male,Female,Yes,Single,8.4,Brother,Sister,Brother-Sister
51,29,Male,Female,Yes,Widowed,24.6,Father,Daughter,Father-Daughter
60,2,Female,Female,Yes,Married,25.5,Grandmother,Granddaughter,Grandmother-Granddaughter
60,65,Male,Female,Yes,Married,24.4,Husband,Wife,Husband-Wife
43,16,Female,Female,Yes,Single,9.1,Mother,Daughter,Mother-Daughter
57,12,Female,Female,Yes,Single,26.8,Mother,Daughter,Mother-Daughter
42,21,Male,Female,Yes,Divorced,28.1,Father,Daughter,Father-Daughter
25,1,Female,Male,Yes,Divorced,23.4,Mother,Son,Mother-Son
59,14,Male,Male,Yes,Married,19.2,Father,Son,Father-Son
36,35,Male,Female,Yes,Married,20.3,Husband,Wife,Husband-Wife
40,6,Female,Female,Yes,Single,23.1,Mother,Daughter,Mother-Daughter
57,30,Male,Male,Yes,Married,15.0,Father,Son,Father-Son
86,24,Male,Male,Yes,Widowed,5.0,Grandfather,Grandson,Grandfather-Grandson
69,77,Male,Female,Yes,Married,1.5,Husband,Wife,Husband-Wife
57,36,Male,Female,Yes,Widowed,25.5,Father,Daughter,Father-Daughter
74,33,Female,Male,Yes,Divorced,15.1,Grandmother,Grandson,Grandmother-Grandson
31,9,Female,Female,Yes,Married,10.7,Mother,Daughter,Mother-Daughter
41,21,Male,Female,Yes,Married,24.0,Father,Daughter,Father-Daughter
39,8,Female,Male,Yes,Married,4.1,Mother,Son,Mother-Son
59,13,Female,Female,Yes,Single,29.6,Grandmother,Granddaughter,Grandmother-Granddaughter
45,42,Male,Female,Yes,Single,18.3,Brother,Sister,Brother-Sister
11,5,Male,Male,Yes,Single,27.2,Brother,Brother,Brother-Brother
34,26,Male,Female,Yes,Single,6.4,Brother,Sister,Brother-Sister
61,5,Female,Male,Yes,Widowed,12.0,Grandmother,Grandson,Grandmother-Grandson
89,44,Female,Male,Yes,Widowed,23.2,Grandmother,Grandson,Grandmother-Grandson
58,8,Male,Male,Yes,Widowed,19.2,Grandfather,Grandson,Grandfather-Grandson
63,12,Male,Male,Yes,Divorced,1.7,Grandfather,Grandson,Grandfather-Grandson
78,31,Female,Male,Yes,Single,9.0,Grandmother,Grandson,Grandmother-Grandson
18,26,Female,Male,No,Single,14.4,Roommate,Roommate,Unrelated
51,55,Female,Female,Yes,Single,27.5,Sister,Sister,Sister-Sister
64,15,Female,Male,Yes,Married,26.4,Mother,Son,Mother-Son
6,0,Female,Female,Yes,Single,25.9,Sister,Sister,Sister-Sister
39,12,Female,Male,Yes,Widowed,18.7,Mother,Son,Mother-Son
66,11,Female,Female,Yes,Married,27.0,Grandmother,Granddaughter,Grandmother-Granddaughter
83,6,Male,Male,Yes,Widowed,11.7,Grandfather,Grandson,Grandfather-Grandson
88,45,Male,Male,Yes,Widowed,17.5,Grandfather,Grandson,Grandfather-Grandson
35,31,Male,Male,Yes,Single,27.4,Brother,Brother,Brother-Brother
72,34,Male,Male,Yes,Married,28.3,Grandfather,Grandson,Grandfather-Grandson
65,40,Female,Female,Yes,Divorced,24.1,Mother,Daughter,Mother-Daughter
31,10,Male,Female,Yes,Married,25.2,Father,Daughter,Father-Daughter
56,10,Male,Male,Yes,Single,5.6,Father,Son,Father-Son
34,41,Female,Female,Yes,Single,7.9,Sister,Sister,Sister-Sister
45,41,Male,Male,Yes,Single,22.4,Brother,Brother,Brother-Brother
50,15,Female,Female,Yes,Married,28.7,Mother,Daughter,Mother-Daughter
28,8,Male,Male,Yes,Married,24.0,Father,Son,Father-Son
23,13,Male,Female,Yes,Single,6.7,Brother,Sister,Brother-Sister
54,31,Male,Female,Yes,Widowed,18.1,Father,Daughter,Father-Daughter
84,23,Female,Male,Yes,Divorced,28.7,Grandmother,Grandson,Grandmother-Grandson
44,56,Male,Female,Yes,Married,28.6,Husband,Wife,Husband-Wife
78,18,Female,Female,Yes,Widowed,8.1,Grandmother,Granddaughter,Grandmother-Granddaughter
17,11,Male,Male,Yes,Single,3.0,Brother,Brother,Brother-Brother
53,14,Female,Male,Yes,Single,19.8,Grandmother,Grandson,Grandmother-Grandson
21,25,Female,Male,No,Single,19.5,Roommate,Roommate,Unrelated
34,35,Male,Female,Yes,Single,22.8,Brother,Sister,Brother-Sister
58,4,Male,Female,Yes,Single,21.3,Father,Daughter,Father-Daughter
51,55,Female,Male,No,Single,23.9,Roommate,Roommate,Unrelated
42,7,Male,Female,Yes,Single,29.6,Father,Daughter,Father-Daughter
35,8,Male,Male,Yes,Widowed,11.0,Father,Son,Father-Son
50,49,Male,Female,Yes,Married,17.2,Husband,Wife,Husband-Wife
38,17,Male,Female,Yes,Single,7.2,Father,Daughter,Father-Daughter
66,29,Male,Female,Yes,Single,22.4,Roommate,Roommate,Unrelated
40,46,Male,Female,Yes,Single,22.0,Brother,Sister,Brother-Sister
59,6,Female,Female,Yes,Widowed,26.4,Grandmother,Granddaughter,Grandmother-Granddaughter
14,9,Female,Female,Yes,Single,20.5,Sister,Sister,Sister-Sister
34,15,Female,Female,Yes,Single,4.4,Mother,Daughter,Mother-Daughter
46,19,Female,Male,No,Single,11.9,Roommate,Roommate,Unrelated
60,59,Male,Female,No,Single,12.5,Roommate,Roommate,Unrelated
86,44,Male,Female,Yes,Married,18.3,Grandfather,Granddaughter,Grandfather-Granddaughter
58,23,Male,Female,Yes,Single,14.3,Father,Daughter,Father-Daughter
65,13,Female,Female,Yes,Single,24.2,Mother,Daughter,Mother-Daughter
64,21,Female,Female,Yes,Divorced,23.1,Grandmother,Granddaughter,Grandmother-Granddaughter
24,18,Female,Female,Yes,Single,14.8,Sister,Sister,Sister-Sister
8,6,Male,Male,Yes,Single,3.5,Brother,Brother,Brother-Brother
30,38,Male,Female,Yes,Married,24.1,Husband,Wife,Husband-Wife
16,16,Male,Female,Yes,Single,20.6,Brother,Sister,Brother-Sister
49,41,Male,Female,Yes,Married,9.5,Husband,Wife,Husband-Wife
61,15,Male,Male,Yes,Married,10.0,Grandfather,Grandson,Grandfather-Grandson
73,19,Female,Male,Yes,Single,0.8,Grandmother,Grandson,Grandmother-Grandson
51,5,Female,Male,Yes,Widowed,6.9,Grandmother,Grandson,Grandmother-Grandson
49,4,Male,Male,Yes,Single,24.2,Father,Son,Father-Son
75,29,Female,Male,Yes,Divorced,11.1,Grandmother,Grandson,Grandmother-Grandson
52,29,Male,Male,Yes,Widowed,4.1,Father,Son,Father-Son
43,19,Female,Male,Yes,Married,15.6,Mother,Son,Mother-Son
51,11,Female,Female,Yes,Divorced,25.8,Mother,Daughter,Mother-Daughter
67,27,Male,Female,Yes,Divorced,22.9,Grandfather,Granddaughter,Grandfather-Granddaughter
74,4,Female,Female,Yes,Single,19.9,Grandmother,Granddaughter,Grandmother-Granddaughter
27,28,Female,Female,Yes,Single,10.2,Sister,Sister,Sister-Sister
38,41,Female,Female,Yes,Single,12.4,Sister,Sister,Sister-Sister
22,18,Male,Female,Yes,Married,21.7,Husband,Wife,Husband-Wife
74,4,Male,Male,Yes,Widowed,16.8,Grandfather,Grandson,Grandfather-Grandson
70,6,Male,Female,Yes,Divorced,19.4,Grandfather,Granddaughter,Grandfather-Granddaughter
52,60,Male,Male,Yes,Single,21.6,Brother,Brother,Brother-Brother
66,24,Male,Male,Yes,Married,7.4,Grandfather,Grandson,Grandfather-Grandson
55,33,Female,Female,Yes,Divorced,17.0,Mother,Daughter,Mother-Daughter
90,55,Male,Female,Yes,Married,8.9,Grandfather,Granddaughter,Grandfather-Granddaughter
50,11,Female,Male,Yes,Divorced,5.0,Grandmother,Grandson,Grandmother-Grandson
59,20,Female,Female,Yes,Widowed,13.7,Mother,Daughter,Mother-Daughter
24,52,Male,Female,No,Single,11.9,Roommate,Roommate,Unrelated
47,21,Female,Female,Yes,Divorced,14.0,Mother,Daughter,Mother-Daughter
24,30,Male,Female,Yes,Married,20.6,Husband,Wife,Husband-Wife
79,5,Female,Female,Yes,Married,25.2,Grandmother,Granddaughter,Grandmother-Granddaughter
58,18,Female,Female,Yes,Widowed,26.3,Grandmother,Granddaughter,Grandmother-Granddaughter
53,31,Male,Female,Yes,Widowed,17.2,Father,Daughter,Father-Daughter
57,64,Male,Male,No,Single,23.9,Roommate,Roommate,Unrelated
66,16,Male,Female,Yes,Widowed,18.6,Grandfather,Granddaughter,Grandfather-Granddaughter
56,8,Female,Male,Yes,Divorced,23.8,Grandmother,Grandson,Grandmother-Grandson
80,42,Female,Female,Yes,Widowed,22.2,Grandmother,Granddaughter,Grandmother-Granddaughter
49,39,Female,Female,Yes,Single,22.4,Sister,Sister,Sister-Sister
32,24,Male,Female,Yes,Married,14.5,Husband,Wife,Husband-Wife
64,67,Male,Female,Yes,Married,11.8,Husband,Wife,Husband-Wife
56,47,Male,Male,No,Single,24.9,Roommate,Roommate,Unrelated
40,38,Male,Male,Yes,Single,29.4,Brother,Brother,Brother-Brother
46,25,Female,Male,Yes,Widowed,21.3,Mother,Son,Mother-Son
35,40,Female,Female,Yes,Single,15.8,Sister,Sister,Sister-Sister
36,4,Female,Female,Yes,Married,2.3,Mother,Daughter,Mother-Daughter
38,37,Male,Female,Yes,Married,21.7,Husband,Wife,Husband-Wife
61,5,Male,Female,Yes,Widowed,18.3,Grandfather,Granddaughter,Grandfather-Granddaughter
47,56,Female,Male,No,Single,18.5,Roommate,Roommate,Unrelated
66,25,Male,Female,Yes,Widowed,3.2,Grandfather,Granddaughter,Grandfather-Granddaughter
31,27,Female,Female,No,Single,30.0,Roommate,Roommate,Unrelated
22,31,Male,Female,Yes,Single,25.6,Brother,Sister,Brother-Sister
37,0,Female,Male,Yes,Married,11.2,Mother,Son,Mother-Son
53,6,Female,Female,Yes,Divorced,3.7,Grandmother,Granddaughter,Grandmother-Granddaughter
82,10,Female,Female,Yes,Divorced,4.1,Grandmother,Granddaughter,Grandmother-Granddaughter
80,45,Male,Male,Yes,Widowed,17.4,Grandfather,Grandson,Grandfather-Grandson
51,65,Male,Male,No,Single,15.2,Roommate,Roommate,Unrelated
16,6,Male,Female,Yes,Single,20.2,Brother,Sister,Brother-Sister
84,22,Male,Female,Yes,Married,18.8,Grandfather,Granddaughter,Grandfather-Granddaughter
32,14,Male,Male,Yes,Widowed,15.1,Father,Son,Father-Son
44,25,Male,Male,Yes,Married,26.8,Father,Son,Father-Son
40,16,Female,Male,Yes,Divorced,22.5,Mother,Son,Mother-Son
47,14,Male,Male,Yes,Divorced,14.5,Father,Son,Father-Son
50,2,Female,Female,Yes,Married,15.6,Grandmother,Granddaughter,Grandmother-Granddaughter
23,31,Male,Female,Yes,Single,10.7,Brother,Sister,Brother-Sister
28,18,Male,Female,Yes,Married,3.7,Husband,Wife,Husband-Wife
35,27,Male,Female,Yes,Married,3.6,Husband,Wife,Husband-Wife
62,60,Male,Female,Yes,Married,24.8,Husband,Wife,Husband-Wife
33,27,Male,Male,Yes,Single,24.0,Brother,Brother,Brother-Brother
76,37,Male,Male,Yes,Divorced,6.2,Grandfather,Grandson,Grandfather-Grandson
44,24,Male,Female,Yes,Divorced,19.2,Father,Daughter,Father-Daughter
20,15,Male,Female,Yes,Single,22.5,Brother,Sister,Brother-Sister
90,25,Male,Female,Yes,Widowed,25.2,Grandfather,Granddaughter,Grandfather-Granddaughter
62,21,Male,Male,Yes,Widowed,7.9,Father,Son,Father-Son
41,7,Female,Female,Yes,Divorced,15.2,Mother,Daughter,Mother-Daughter
78,17,Male,Male,Yes,Single,22.5,Grandfather,Grandson,Grandfather-Grandson
86,15,Female,Male,Yes,Widowed,21.4,Grandmother,Grandson,Grandmother-Grandson
35,3,Male,Female,Yes,Widowed,15.7,Father,Daughter,Father-Daughter
25,25,Male,Male,Yes,Single,18.4,Brother,Brother,Brother-Brother
68,8,Female,Female,Yes,Divorced,10.5,Grandmother,Granddaughter,Grandmother-Granddaughter
41,50,Female,Male,No,Single,12.0,Roommate,Roommate,Unrelated
73,23,Male,Male,Yes,Widowed,7.6,Grandfather,Grandson,Grandfather-Grandson
37,37,Female,Female,Yes,Single,3.8,Sister,Sister,Sister-Sister
36,45,Male,Male,Yes,Single,2.0,Brother,Brother,Brother-Brother
32,0,Male,Female,Yes,Divorced,14.7,Father,Daughter,Father-Daughter
51,12,Female,Male,Yes,Married,13.2,Mother,Son,Mother-Son
57,18,Female,Male,Yes,Widowed,2.1,Grandmother,Grandson,Grandmother-Grandson
56,14,Female,Male,Yes,Married,18.6,Mother,Son,Mother-Son
13,19,Male,Female,Yes,Single,5.5,Brother,Sister,Brother-Sister
21,68,Male,Male,No,Single,14.4,Roommate,Roommate,Unrelated
41,51,Female,Female,Yes,Single,20.5,Sister,Sister,Sister-Sister
67,3,Male,Male,Yes,Married,4.0,Father,Son,Father-Son
57,55,Male,Female,Yes,Married,21.2,Husband,Wife,Husband-Wife
35,44,Female,Female,No,Single,22.1,Roommate,Roommate,Unrelated
63,27,Male,Female,Yes,Divorced,26.3,Father,Daughter,Father-Daughter
45,49,Male,Male,Yes,Single,18.5,Brother,Brother,Brother-Brother
28,5,Male,Female,Yes,Divorced,6.4,Father,Daughter,Father-Daughter
57,15,Male,Male,Yes,Single,20.1,Grandfather,Grandson,Grandfather-Grandson
14,8,Female,Female,Yes,Single,19.5,Sister,Sister,Sister-Sister
66,26,Male,Male,Yes,Married,26.1,Grandfather,Grandson,Grandfather-Grandson
62,71,Male,Female,Yes,Married,21.7,Husband,Wife,Husband-Wife
69,57,Male,Female,Yes,Married,12.0,Husband,Wife,Husband-Wife
40,33,Male,Female,Yes,Married,18.0,Husband,Wife,Husband-Wife
50,27,Male,Male,Yes,Widowed,29.6,Father,Son,Father-Son
71,24,Male,Male,Yes,Married,9.2,Grandfather,Grandson,Grandfather-Grandson
58,27,Female,Male,Yes,Single,7.2,Mother,Son,Mother-Son
47,13,Female,Male,Yes,Divorced,2.8,Mother,Son,Mother-Son
50,18,Male,Male,Yes,Married,11.6,Father,Son,Father-Son
57,34,Male,Male,No,Single,12.6,Roommate,Roommate,Unrelated
54,53,Male,Male,Yes,Single,11.7,Brother,Brother,Brother-Brother
29,48,Female,Female,No,Single,5.4,Roommate,Roommate,Unrelated
27,31,Male,Female,Yes,Married,23.6,Husband,Wife,Husband-Wife
84,45,Female,Male,Yes,Divorced,21.7,Grandmother,Grandson,Grandmother-Grandson
76,31,Female,Female,Yes,Married,25.7,Grandmother,Granddaughter,Grandmother-Granddaughter
73,17,Male,Male,Yes,Divorced,12.8,Grandfather,Grandson,Grandfather-Grandson
35,9,Female,Female,Yes,Divorced,23.1,Mother,Daughter,Mother-Daughter
65,23,Female,Male,Yes,Widowed,19.3,Mother,Son,Mother-Son
57,39,Male,Female,Yes,Single,9.2,Father,Daughter,Father-Daughter
54,24,Male,Male,Yes,Married,7.6,Father,Son,Father-Son
30,9,Female,Male,Yes,Married,0.7,Mother,Son,Mother-Son
70,13,Female,Male,Yes,Widowed,13.2,Grandmother,Grandson,Grandmother-Grandson
53,57,Male,Female,Yes,Single,29.3,Brother,Sister,Brother-Sister
54,20,Male,Female,Yes,Married,7.3,Father,Daughter,Father-Daughter
30,20,Male,Female,Yes,Married,28.1,Husband,Wife,Husband-Wife
90,40,Male,Male,Yes,Married,13.0,Grandfather,Grandson,Grandfather-Grandson
46,6,Female,Female,Yes,Single,8.3,Mother,Daughter,Mother-Daughter
43,1,Male,Male,Yes,Married,22.4,Father,Son,Father-Son
44,38,Male,Female,Yes,Single,26.4,Brother,Sister,Brother-Sister
64,41,Male,Female,Yes,Single,4.6,Father,Daughter,Father-Daughter
29,9,Female,Female,Yes,Married,9.5,Mother,Daughter,Mother-Daughter
26,66,Female,Female,No,Single,8.8,Roommate,Roommate,Unrelated
54,4,Male,Male,Yes,Widowed,8.9,Grandfather,Grandson,Grandfather-Grandson
82,24,Female,Male,Yes,Married,17.9,Grandmother,Grandson,Grandmother-Grandson
85,47,Male,Male,Yes,Widowed,11.9,Grandfather,Grandson,Grandfather-Grandson
52,0,Male,Female,Yes,Divorced,6.5,Father,Daughter,Father-Daughter
8,16,Male,Male,Yes,Single,12.7,Brother,Brother,Brother-Brother
39,15,Female,Female,Yes,Divorced,24.7,Mother,Daughter,Mother-Daughter
58,2,Male,Female,Yes,Married,25.1,Grandfather,Granddaughter,Grandfather-Granddaughter
81,12,Female,Female,Yes,Widowed,21.6,Grandmother,Granddaughter,Grandmother-Granddaughter
88,18,Female,Male,Yes,Divorced,20.1,Grandmother,Grandson,Grandmother-Grandson
57,54,Female,Male,Yes,Single,15.0,Roommate,Roommate,Unrelated
10,9,Female,Female,Yes,Single,22.0,Sister,Sister,Sister-Sister
63,6,Male,Male,Yes,Widowed,25.3,Grandfather,Grandson,Grandfather-Grandson
23,17,Male,Female,Yes,Single,22.0,Brother,Sister,Brother-Sister
22,63,Male,Male,No,Single,5.5,Roommate,Roommate,Unrelated
26,2,Female,Male,Yes,Married,29.8,Mother,Son,Mother-Son
48,17,Female,Male,Yes,Divorced,28.9,Mother,Son,Mother-Son
39,33,Female,Female,No,Single,23.5,Roommate,Roommate,Unrelated
51,25,Female,Male,No,Single,17.8,Roommate,Roommate,Unrelated
42,26,Female,Male,No,Single,18.3,Roommate,Roommate,Unrelated
63,8,Female,Female,Yes,Single,3.4,Grandmother,Granddaughter,Grandmother-Granddaughter
27,34,Male,Male,Yes,Single,24.3,Brother,Brother,Brother-Brother
75,33,Male,Male,Yes,Married,9.7,Grandfather,Grandson,Grandfather-Grandson
53,55,Male,Male,Yes,Single,9.8,Brother,Brother,Brother-Brother
35,68,Male,Male,No,Single,29.7,Roommate,Roommate,Unrelated
56,34,Male,Female,Yes,Single,15.1,Father,Daughter,Father-Daughter
38,16,Female,Male,Yes,Single,4.1,Mother,Son,Mother-Son
47,57,Male,Female,Yes,Single,20.4,Brother,Sister,Brother-Sister
35,11,Male,Male,Yes,Divorced,4.3,Father,Son,Father-Son
45,69,Male,Male,No,Single,22.9,Roommate,Roommate,Unrelated
58,60,Female,Female,Yes,Single,7.5,Sister,Sister,Sister-Sister
58,15,Female,Male,Yes,Single,5.4,Grandmother,Grandson,Grandmother-Grandson
61,5,Female,Male,Yes,Married,18.8,Grandmother,Grandson,Grandmother-Grandson
26,48,Female,Female,No,Single,11.2,Roommate,Roommate,Unrelated
45,31,Female,Male,No,Single,25.0,Roommate,Roommate,Unrelated
24,18,Male,Female,Yes,Married,21.9,Husband,Wife,Husband-Wife
65,29,Female,Male,Yes,Married,23.7,Grandmother,Grandson,Grandmother-Grandson
49,53,Male,Male,No,Single,7.0,Roommate,Roommate,Unrelated
40,52,Male,Female,Yes,Married,3.6,Husband,Wife,Husband-Wife
50,5,Male,Female,Yes,Divorced,5.7,Grandfather,Granddaughter,Grandfather-Granddaughter
82,14,Female,Female,Yes,Single,17.8,Grandmother,Granddaughter,Grandmother-Granddaughter
56,58,Male,Female,Yes,Married,18.5,Husband,Wife,Husband-Wife
59,49,Male,Male,Yes,Single,14.9,Brother,Brother,Brother-Brother
55,15,Male,Female,Yes,Single,25.0,Father,Daughter,Father-Daughter
37,4,Male,Male,Yes,Single,26.4,Father,Son,Father-Son
25,30,Male,Male,Yes,Single,14.8,Brother,Brother,Brother-Brother
62,10,Male,Male,Yes,Married,27.3,Grandfather,Grandson,Grandfather-Grandson
57,19,Male,Female,Yes,Married,13.4,Grandfather,Granddaughter,Grandfather-Granddaughter
54,19,Male,Male,Yes,Single,25.6,Grandfather,Grandson,Grandfather-Grandson
56,29,Female,Female,Yes,Widowed,20.4,Mother,Daughter,Mother-Daughter
59,65,Female,Female,Yes,Single,16.1,Sister,Sister,Sister-Sister
67,4,Female,Male,Yes,Widowed,13.9,Grandmother,Grandson,Grandmother-Grandson
12,9,Male,Female,Yes,Single,3.6,Brother,Sister,Brother-Sister
55,9,Female,Female,Yes,Divorced,14.4,Grandmother,Granddaughter,Grandmother-Granddaughter
58,18,Female,Female,Yes,Married,10.5,Mother,Daughter,Mother-Daughter
59,12,Male,Male,Yes,Single,17.9,Grandfather,Grandson,Grandfather-Grandson
53,4,Female,Female,Yes,Widowed,14.3,Grandmother,Granddaughter,Grandmother-Granddaughter
5,8,Male,Male,Yes,Single,21.6,Brother,Brother,Brother-Brother
50,29,Male,Male,Yes,Divorced,13.1,Father,Son,Father-Son
33,3,Female,Male,Yes,Widowed,21.9,Mother,Son,Mother-Son
28,25,Male,Male,No,Single,13.5,Roommate,Roommate,Unrelated
65,31,Male,Female,Yes,Married,16.4,Father,Daughter,Father-Daughter
88,14,Female,Male,Yes,Married,13.8,Grandmother,Grandson,Grandmother-Grandson
55,24,Male,Female,Yes,Married,24.1,Father,Daughter,Father-Daughter
89,8,Male,Female,Yes,Single,2.1,Grandfather,Granddaughter,Grandfather-Granddaughter
40,43,Male,Female,Yes,Single,7.2,Brother,Sister,Brother-Sister
43,6,Male,Male,Yes,Widowed,8.9,Father,Son,Father-Son
24,14,Male,Male,Yes,Single,7.0,Brother,Brother,Brother-Brother
44,42,Female,Female,Yes,Single,23.1,Sister,Sister,Sister-Sister
40,18,Female,Male,Yes,Widowed,9.5,Mother,Son,Mother-Son
69,65,Male,Female,No,Single,28.0,Roommate,Roommate,Unrelated
35,29,Female,Female,Yes,Single,14.0,Sister,Sister,Sister-Sister
77,32,Male,Female,Yes,Married,23.3,Grandfather,Granddaughter,Grandfather-Granddaughter
19,29,Male,Female,Yes,Single,2.0,Brother,Sister,Brother-Sister
53,12,Male,Female,Yes,Divorced,20.5,Grandfather,Granddaughter,Grandfather-Granddaughter
41,45,Male,Female,Yes,Married,26.3,Husband,Wife,Husband-Wife
30,38,Male,Female,Yes,Married,10.8,Husband,Wife,Husband-Wife
62,15,Female,Female,Yes,Widowed,20.5,Mother,Daughter,Mother-Daughter
43,23,Female,Female,Yes,Divorced,24.2,Mother,Daughter,Mother-Daughter
57,51,Male,Female,Yes,Married,13.7,Husband,Wife,Husband-Wife
63,9,Female,Male,Yes,Widowed,27.1,Mother,Son,Mother-Son
89,46,Male,Male,Yes,Single,20.7,Grandfather,Grandson,Grandfather-Grandson
45,27,Female,Female,Yes,Single,10.9,Mother,Daughter,Mother-Daughter
55,19,Male,Female,Yes,Divorced,5.3,Grandfather,Granddaughter,Grandfather-Granddaughter
48,11,Female,Male,Yes,Single,18.7,Mother,Son,Mother-Son
86,33,Male,Female,Yes,Divorced,21.8,Grandfather,Granddaughter,Grandfather-Granddaughter
27,34,Male,Male,Yes,Single,24.9,Brother,Brother,Brother-Brother
48,29,Male,Male,Yes,Married,8.8,Father,Son,Father-Son
48,49,Male,Female,Yes,Married,24.6,Husband,Wife,Husband-Wife
89,18,Male,Female,Yes,Married,13.3,Grandfather,Granddaughter,Grandfather-Granddaughter
39,15,Male,Male,Yes,Single,19.0,Father,Son,Father-Son
61,12,Male,Female,Yes,Divorced,14.0,Grandfather,Granddaughter,Grandfather-Granddaughter
60,22,Male,Female,Yes,Single,22.7,Grandfather,Granddaughter,Grandfather-Granddaughter
11,7,Male,Male,Yes,Single,16.8,Brother,Brother,Brother-Brother
54,29,Female,Male,Yes,Single,21.2,Mother,Son,Mother-Son
61,28,Female,Female,No,Single,15.8,Roommate,Roommate,Unrelated
56,17,Male,Male,Yes,Divorced,21.1,Grandfather,Grandson,Grandfather-Grandson
9,19,Male,Female,Yes,Single,1.0,Brother,Sister,Brother-Sister
36,6,Female,Male,Yes,Single,11.0,Mother,Son,Mother-Son
61,59,Female,Female,No,Single,21.7,Roommate,Roommate,Unrelated
71,33,Female,Male,Yes,Single,0.5,Grandmother,Grandson,Grandmother-Grandson
34,0,Male,Male,Yes,Widowed,17.3,Father,Son,Father-Son
62,12,Female,Female,Yes,Divorced,11.4,Mother,Daughter,Mother-Daughter
31,23,Female,Male,No,Single,9.1,Roommate,Roommate,Unrelated
11,10,Female,Female,Yes,Single,11.2,Sister,Sister,Sister-Sister
26,4,Female,Female,Yes,Married,19.2,Mother,Daughter,Mother-Daughter
51,3,Male,Male,Yes,Widowed,25.3,Grandfather,Grandson,Grandfather-Grandson
14,11,Male,Male,Yes,Single,19.8,Brother,Brother,Brother-Brother
5,2,Male,Male,Yes,Single,4.8,Brother,Brother,Brother-Brother
29,38,Male,Female,Yes,Single,2.0,Brother,Sister,Brother-Sister
54,51,Female,Male,No,Single,1.9,Roommate,Roommate,Unrelated
75,38,Female,Male,Yes,Married,2.8,Grandmother,Grandson,Grandmother-Grandson
35,26,Female,Female,Yes,Single,15.6,Sister,Sister,Sister-Sister
38,28,Female,Female,Yes,Single,11.0,Sister,Sister,Sister-Sister
43,7,Female,Male,Yes,Divorced,8.7,Mother,Son,Mother-Son
35,36,Male,Female,Yes,Married,17.4,Husband,Wife,Husband-Wife
41,47,Female,Female,Yes,Single,11.8,Sister,Sister,Sister-Sister
48,49,Female,Female,Yes,Single,12.1,Sister,Sister,Sister-Sister
70,3,Male,Male,Yes,Divorced,3.4,Grandfather,Grandson,Grandfather-Grandson
45,44,Female,Female,Yes,Single,21.6,Roommate,Roommate,Unrelated
53,19,Male,Male,Yes,Single,17.7,Father,Son,Father-Son
27,2,Female,Male,Yes,Single,24.2,Mother,Son,Mother-Son
67,62,Male,Female,Yes,Married,10.9,Husband,Wife,Husband-Wife
65,29,Female,Female,Yes,Married,28.2,Grandmother,Granddaughter,Grandmother-Granddaughter
44,20,Female,Female,Yes,Widowed,28.7,Mother,Daughter,Mother-Daughter
28,2,Male,Male,Yes,Divorced,26.1,Father,Son,Father-Son
43,45,Male,Male,Yes,Single,15.6,Brother,Brother,Brother-Brother
57,10,Male,Male,Yes,Married,10.9,Grandfather,Grandson,Grandfather-Grandson
70,14,Female,Female,Yes,Widowed,2.7,Grandmother,Granddaughter,Grandmother-Granddaughter
19,17,Female,Female,Yes,Single,9.3,Sister,Sister,Sister-Sister
41,33,Male,Female,Yes,Single,7.8,Brother,Sister,Brother-Sister
73,35,Female,Female,Yes,Single,18.0,Grandmother,Granddaughter,Grandmother-Granddaughter
33,35,Male,Female,Yes,Married,3.8,Husband,Wife,Husband-Wife
23,13,Female,Female,Yes,Single,18.4,Sister,Sister,Sister-Sister
57,36,Female,Female,Yes,Married,3.9,Mother,Daughter,Mother-Daughter
64,29,Male,Male,Yes,Divorced,14.6,Grandfather,Grandson,Grandfather-Grandson
63,45,Female,Male,Yes,Married,2.9,Mother,Son,Mother-Son
86,50,Male,Male,Yes,Married,29.3,Grandfather,Grandson,Grandfather-Grandson
30,57,Male,Male,No,Single,6.4,Roommate,Roommate,Unrelated
54,17,Female,Male,Yes,Widowed,28.5,Mother,Son,Mother-Son
41,13,Male,Female,Yes,Widowed,29.6,Father,Daughter,Father-Daughter
39,13,Female,Male,Yes,Single,19.4,Mother,Son,Mother-Son
52,11,Male,Female,Yes,Widowed,24.3,Grandfather,Granddaughter,Grandfather-Granddaughter
47,22,Male,Female,Yes,Single,3.8,Father,Daughter,Father-Daughter
64,3,Female,Male,Yes,Married,5.2,Mother,Son,Mother-Son
59,68,Male,Female,Yes,Single,29.2,Brother,Sister,Brother-Sister
51,6,Female,Female,Yes,Single,10.3,Grandmother,Granddaughter,Grandmother-Granddaughter
55,64,Male,Female,Yes,Married,14.9,Husband,Wife,Husband-Wife
63,0,Female,Male,Yes,Widowed,19.4,Grandmother,Grandson,Grandmother-Grandson
6,6,Male,Female,Yes,Single,6.8,Brother,Sister,Brother-Sister
53,23,Female,Female,No,Single,6.7,Roommate,Roommate,Unrelated
50,3,Male,Female,Yes,Widowed,5.7,Grandfather,Granddaughter,Grandfather-Granddaughter
22,19,Male,Female,Yes,Single,20.4,Brother,Sister,Brother-Sister
62,36,Female,Male,No,Single,28.5,Roommate,Roommate,Unrelated
59,3,Male,Male,Yes,Single,29.0,Grandfather,Grandson,Grandfather-Grandson
54,36,Female,Female,Yes,Widowed,12.2,Mother,Daughter,Mother-Daughter
52,24,Male,Female,Yes,Widowed,16.5,Father,Daughter,Father-Daughter
59,9,Male,Male,Yes,Married,2.7,Grandfather,Grandson,Grandfather-Grandson
51,19,Female,Female,Yes,Single,9.0,Mother,Daughter,Mother-Daughter
36,4,Female,Male,Yes,Single,4.5,Mother,Son,Mother-Son
77,6,Male,Male,Yes,Widowed,6.1,Grandfather,Grandson,Grandfather-Grandson
54,11,Female,Male,Yes,Single,9.8,Grandmother,Grandson,Grandmother-Grandson
57,33,Female,Female,Yes,Married,29.4,Mother,Daughter,Mother-Daughter
55,9,Male,Male,Yes,Single,5.1,Grandfather,Grandson,Grandfather-Grandson
31,34,Male,Female,Yes,Married,1.3,Husband,Wife,Husband-Wife
74,10,Male,Male,Yes,Divorced,14.0,Grandfather,Grandson,Grandfather-Grandson
14,21,Female,Female,Yes,Single,1.7,Sister,Sister,Sister-Sister
77,5,Female,Male,Yes,Divorced,10.4,Grandmother,Grandson,Grandmother-Grandson
35,16,Male,Female,Yes,Divorced,19.7,Father,Daughter,Father-Daughter
72,24,Male,Male,Yes,Divorced,1.2,Grandfather,Grandson,Grandfather-Grandson
72,6,Female,Male,Yes,Widowed,26.1,Grandmother,Grandson,Grandmother-Grandson
35,39,Female,Female,Yes,Single,15.3,Sister,Sister,Sister-Sister
54,19,Female,Female,Yes,Widowed,24.8,Mother,Daughter,Mother-Daughter
69,8,Male,Male,Yes,Widowed,2.7,Grandfather,Grandson,Grandfather-Grandson
70,29,Female,Female,Yes,Widowed,22.8,Grandmother,Granddaughter,Grandmother-Granddaughter
44,42,Female,Female,Yes,Single,19.9,Sister,Sister,Sister-Sister
33,1,Female,Female,Yes,Divorced,21.4,Mother,Daughter,Mother-Daughter
74,30,Female,Female,Yes,Divorced,13.1,Grandmother,Granddaughter,Grandmother-Granddaughter
65,29,Female,Male,Yes,Divorced,18.5,Mother,Son,Mother-Son
55,29,Female,Male,Yes,Divorced,29.9,Mother,Son,Mother-Son
48,20,Male,Male,Yes,Widowed,1.7,Father,Son,Father-Son
17,22,Female,Female,Yes,Single,3.6,Sister,Sister,Sister-Sister
52,0,Female,Male,Yes,Divorced,14.7,Grandmother,Grandson,Grandmother-Grandson
46,37,Male,Female,Yes,Married,2.0,Husband,Wife,Husband-Wife
29,0,Male,Male,Yes,Divorced,13.3,Father,Son,Father-Son
5,5,Female,Female,Yes,Single,9.3,Sister,Sister,Sister-Sister
90,46,Female,Female,Yes,Widowed,21.6,Grandmother,Granddaughter,Grandmother-Granddaughter
24,14,Male,Male,Yes,Single,26.9,Brother,Brother,Brother-Brother
82,39,Female,Male,Yes,Married,27.1,Grandmother,Grandson,Grandmother-Grandson
47,52,Male,Male,No,Single,24.2,Roommate,Roommate,Unrelated
43,51,Male,Female,Yes,Married,4.9,Husband,Wife,Husband-Wife
5,15,Male,Male,Yes,Single,4.0,Brother,Brother,Brother-Brother
67,5,Male,Male,Yes,Single,13.1,Father,Son,Father-Son
86,6,Male,Female,Yes,Widowed,20.9,Grandfather,Granddaughter,Grandfather-Granddaughter
58,0,Female,Female,Yes,Widowed,18.8,Grandmother,Granddaughter,Grandmother-Granddaughter
38,28,Female,Female,Yes,Single,26.6,Sister,Sister,Sister-Sister
56,4,Male,Female,Yes,Widowed,18.4,Grandfather,Granddaughter,Grandfather-Granddaughter
73,24,Male,Male,Yes,Married,14.9,Grandfather,Grandson,Grandfather-Grandson
43,25,Male,Female,Yes,Divorced,20.6,Father,Daughter,Father-Daughter
57,61,Male,Male,Yes,Single,4.2,Brother,Brother,Brother-Brother
88,2,Male,Female,Yes,Divorced,6.7,Grandfather,Granddaughter,Grandfather-Granddaughter
78,12,Male,Female,Yes,Single,9.4,Grandfather,Granddaughter,Grandfather-Granddaughter
51,44,Male,Male,Yes,Single,18.1,Brother,Brother,Brother-Brother
48,19,Female,Female,Yes,Widowed,25.6,Mother,Daughter,Mother-Daughter
88,28,Male,Female,Yes,Widowed,24.7,Grandfather,Granddaughter,Grandfather-Granddaughter
63,35,Male,Female,Yes,Single,27.0,Father,Daughter,Father-Daughter
21,30,Female,Female,Yes,Single,27.7,Sister,Sister,Sister-Sister
36,38,Male,Female,No,Single,15.8,Roommate,Roommate,Unrelated
19,20,Female,Female,Yes,Single,28.4,Sister,Sister,Sister-Sister
7,2,Male,Female,Yes,Single,5.0,Brother,Sister,Brother-Sister
31,36,Male,Male,Yes,Single,13.7,Brother,Brother,Brother-Brother
77,33,Male,Male,Yes,Married,21.1,Grandfather,Grandson,Grandfather-Grandson
48,44,Male,Female,Yes,Married,9.3,Husband,Wife,Husband-Wife
52,22,Female,Male,Yes,Divorced,23.4,Mother,Son,Mother-Son
60,19,Male,Female,Yes,Single,1.8,Grandfather,Granddaughter,Grandfather-Granddaughter
53,13,Male,Male,Yes,Divorced,19.0,Grandfather,Grandson,Grandfather-Grandson
44,23,Male,Male,Yes,Divorced,12.2,Father,Son,Father-Son
44,56,Female,Male,No,Single,15.1,Roommate,Roommate,Unrelated
17,10,Female,Female,Yes,Single,16.6,Sister,Sister,Sister-Sister
50,5,Female,Female,Yes,Divorced,22.8,Grandmother,Granddaughter,Grandmother-Granddaughter
38,16,Female,Female,Yes,Divorced,18.2,Mother,Daughter,Mother-Daughter
78,29,Female,Male,Yes,Single,18.2,Grandmother,Grandson,Grandmother-Grandson
78,4,Male,Male,Yes,Married,19.9,Grandfather,Grandson,Grandfather-Grandson
88,9,Male,Female,Yes,Widowed,22.0,Grandfather,Granddaughter,Grandfather-Granddaughter
82,1,Male,Male,Yes,Divorced,16.0,Grandfather,Grandson,Grandfather-Grandson
88,26,Female,Female,Yes,Married,9.8,Grandmother,Granddaughter,Grandmother-Granddaughter
50,2,Female,Male,Yes,Single,11.2,Grandmother,Grandson,Grandmother-Grandson
56,7,Male,Female,Yes,Divorced,8.4,Grandfather,Granddaughter,Grandfather-Granddaughter
70,10,Male,Male,Yes,Divorced,11.8,Grandfather,Grandson,Grandfather-Grandson
69,29,Female,Male,Yes,Divorced,7.7,Grandmother,Grandson,Grandmother-Grandson
50,68,Male,Male,No,Single,9.9,Roommate,Roommate,Unrelated
24,46,Female,Male,No,Single,27.2,Roommate,Roommate,Unrelated
7,3,Male,Female,Yes,Single,17.5,Brother,Sister,Brother-Sister
58,55,Female,Female,Yes,Single,24.3,Sister,Sister,Sister-Sister
27,23,Male,Female,Yes,Married,2.0,Husband,Wife,Husband-Wife
36,2,Male,Male,Yes,Divorced,3.5,Father,Son,Father-Son
27,9,Female,Male,Yes,Widowed,15.2,Mother,Son,Mother-Son
42,6,Female,Female,Yes,Married,18.6,Mother,Daughter,Mother-Daughter
67,9,Male,Female,Yes,Divorced,8.7,Grandfather,Granddaughter,Grandfather-Granddaughter
45,0,Female,Male,Yes,Married,7.6,Mother,Son,Mother-Son
39,34,Male,Male,Yes,Single,7.5,Brother,Brother,Brother-Brother
61,7,Male,Female,Yes,Divorced,11.2,Grandfather,Granddaughter,Grandfather-Granddaughter
18,23,Male,Male,Yes,Single,24.9,Brother,Brother,Brother-Brother
14,22,Female,Female,Yes,Single,29.5,Sister,Sister,Sister-Sister
62,25,Female,Male,Yes,Married,28.2,Grandmother,Grandson,Grandmother-Grandson
53,35,Female,Female,Yes,Divorced,13.0,Mother,Daughter,Mother-Daughter
51,41,Male,Female,Yes,Single,3.9,Brother,Sister,Brother-Sister
24,20,Male,Female,Yes,Married,20.5,Husband,Wife,Husband-Wife
56,20,Male,Male,Yes,Married,17.3,Grandfather,Grandson,Grandfather-Grandson
59,59,Female,Female,Yes,Single,17.4,Sister,Sister,Sister-Sister
66,6,Male,Female,Yes,Widowed,7.7,Grandfather,Granddaughter,Grandfather-Granddaughter
23,59,Male,Female,No,Single,26.6,Roommate,Roommate,Unrelated
10,4,Male,Male,Yes,Single,22.7,Brother,Brother,Brother-Brother
64,6,Female,Male,Yes,Divorced,16.4,Grandmother,Grandson,Grandmother-Grandson
68,19,Female,Female,Yes,Single,13.7,Grandmother,Granddaughter,Grandmother-Granddaughter
68,9,Female,Female,Yes,Married,19.5,Grandmother,Granddaughter,Grandmother-Granddaughter
60,17,Female,Male,Yes,Widowed,22.5,Grandmother,Grandson,Grandmother-Grandson
21,26,Male,Female,Yes,Married,16.0,Husband,Wife,Husband-Wife
59,2,Male,Female,Yes,Married,29.4,Father,Daughter,Father-Daughter
74,14,Male,Female,Yes,Widowed,20.4,Grandfather,Granddaughter,Grandfather-Granddaughter
64,7,Female,Male,Yes,Divorced,18.3,Grandmother,Grandson,Grandmother-Grandson
63,28,Female,Male,Yes,Married,29.7,Grandmother,Grandson,Grandmother-Grandson
34,8,Male,Female,Yes,Widowed,1.7,Father,Daughter,Father-Daughter
78,28,Male,Male,Yes,Single,15.3,Grandfather,Grandson,Grandfather-Grandson
61,67,Male,Male,No,Single,6.1,Roommate,Roommate,Unrelated
54,31,Female,Male,Yes,Single,4.9,Roommate,Roommate,Unrelated
44,63,Female,Male,No,Single,20.8,Roommate,Roommate,Unrelated
69,26,Female,Male,Yes,Single,3.7,Grandmother,Grandson,Grandmother-Grandson
51,11,Male,Male,Yes,Divorced,8.9,Grandfather,Grandson,Grandfather-Grandson
67,25,Female,Female,Yes,Widowed,1.4,Grandmother,Granddaughter,Grandmother-Granddaughter
38,18,Male,Female,Yes,Divorced,1.2,Father,Daughter,Father-Daughter
28,1,Female,Male,Yes,Divorced,1.6,Mother,Son,Mother-Son
45,25,Female,Female,Yes,Divorced,19.5,Mother,Daughter,Mother-Daughter
65,27,Male,Female,Yes,Widowed,1.9,Grandfather,Granddaughter,Grandfather-Granddaughter
55,35,Female,Male,Yes,Single,7.6,Mother,Son,Mother-Son
46,45,Female,Female,Yes,Single,8.1,Sister,Sister,Sister-Sister
38,30,Male,Female,Yes,Married,7.8,Husband,Wife,Husband-Wife
69,47,Male,Female,Yes,Widowed,0.9,Father,Daughter,Father-Daughter
48,53,Female,Female,No,Single,8.5,Roommate,Roommate,Unrelated
30,12,Male,Male,Yes,Married,29.4,Father,Son,Father-Son
54,16,Male,Male,Yes,Divorced,18.4,Father,Son,Father-Son
39,19,Female,Male,Yes,Divorced,25.3,Mother,Son,Mother-Son
51,3,Female,Male,Yes,Widowed,16.2,Mother,Son,Mother-Son
14,13,Male,Male,Yes,Single,4.0,Brother,Brother,Brother-Brother
53,19,Female,Female,No,Single,26.8,Roommate,Roommate,Unrelated
66,39,Male,Female,Yes,Widowed,26.8,Father,Daughter,Father-Daughter
64,4,Male,Male,Yes,Widowed,26.9,Father,Son,Father-Son
49,33,Female,Female,No,Single,2.1,Roommate,Roommate,Unrelated
60,8,Female,Male,Yes,Married,11.8,Grandmother,Grandson,Grandmother-Grandson
40,17,Female,Male,Yes,Single,9.3,Mother,Son,Mother-Son
38,2,Male,Male,Yes,Widowed,19.2,Father,Son,Father-Son
38,36,Female,Female,Yes,Single,24.6,Sister,Sister,Sister-Sister
33,13,Male,Female,Yes,Widowed,25.4,Father,Daughter,Father-Daughter
52,51,Female,Male,Yes,Single,20.7,Roommate,Roommate,Unrelated
72,22,Female,Male,Yes,Married,15.8,Grandmother,Grandson,Grandmother-Grandson
9,6,Female,Female,Yes,Single,22.7,Sister,Sister,Sister-Sister
64,24,Male,Female,Yes,Married,5.1,Father,Daughter,Father-Daughter
36,3,Male,Female,Yes,Married,15.7,Father,Daughter,Father-Daughter
77,19,Female,Female,Yes,Widowed,3.6,Grandmother,Granddaughter,Grandmother-Granddaughter
85,35,Male,Male,Yes,Widowed,17.6,Grandfather,Grandson,Grandfather-Grandson
19,13,Female,Female,Yes,Single,4.4,Sister,Sister,Sister-Sister
33,27,Female,Female,Yes,Single,2.7,Sister,Sister,Sister-Sister
37,31,Male,Female,Yes,Married,3.7,Husband,Wife,Husband-Wife
65,23,Female,Female,Yes,Married,12.5,Grandmother,Granddaughter,Grandmother-Granddaughter
77,23,Male,Female,Yes,Married,14.9,Grandfather,Granddaughter,Grandfather-Granddaughter
60,11,Female,Male,Yes,Single,24.1,Grandmother,Grandson,Grandmother-Grandson
50,10,Female,Male,Yes,Single,10.1,Grandmother,Grandson,Grandmother-Grandson
63,32,Female,Female,No,Single,21.6,Roommate,Roommate,Unrelated
49,22,Female,Female,Yes,Divorced,7.0,Mother,Daughter,Mother-Daughter
53,32,Female,Male,Yes,Widowed,19.9,Mother,Son,Mother-Son
27,8,Female,Female,Yes,Single,19.9,Mother,Daughter,Mother-Daughter
18,17,Male,Male,Yes,Single,1.5,Brother,Brother,Brother-Brother
41,49,Male,Female,Yes,Single,11.7,Roommate,Roommate,Unrelated
48,35,Female,Female,No,Single,3.1,Roommate,Roommate,Unrelated
78,21,Female,Male,Yes,Married,26.3,Grandmother,Grandson,Grandmother-Grandson
79,5,Female,Male,Yes,Divorced,9.9,Grandmother,Grandson,Grandmother-Grandson
82,33,Male,Female,Yes,Divorced,27.5,Grandfather,Granddaughter,Grandfather-Granddaughter
74,38,Male,Male,Yes,Divorced,6.6,Grandfather,Grandson,Grandfather-Grandson
34,35,Female,Female,Yes,Single,27.9,Sister,Sister,Sister-Sister
50,51,Male,Male,Yes,Single,22.4,Brother,Brother,Brother-Brother
73,28,Female,Female,Yes,Widowed,2.7,Grandmother,Granddaughter,Grandmother-Granddaughter
60,19,Female,Female,Yes,Divorced,16.3,Grandmother,Granddaughter,Grandmother-Granddaughter
82,8,Male,Male,Yes,Married,2.3,Grandfather,Grandson,Grandfather-Grandson
58,5,Female,Male,Yes,Married,6.3,Grandmother,Grandson,Grandmother-Grandson
35,67,Male,Male,No,Single,26.0,Roommate,Roommate,Unrelated
74,35,Male,Female,Yes,Single,28.3,Grandfather,Granddaughter,Grandfather-Granddaughter
52,25,Female,Male,Yes,Married,17.5,Mother,Son,Mother-Son
60,40,Female,Male,Yes,Divorced,7.9,Mother,Son,Mother-Son
59,57,Male,Male,No,Single,16.2,Roommate,Roommate,Unrelated
63,25,Female,Female,Yes,Widowed,27.0,Grandmother,Granddaughter,Grandmother-Granddaughter
45,40,Female,Female,Yes,Single,1.9,Sister,Sister,Sister-Sister
34,41,Female,Female,Yes,Single,10.0,Sister,Sister,Sister-Sister
81,16,Male,Female,Yes,Widowed,10.4,Grandfather,Granddaughter,Grandfather-Granddaughter
55,5,Male,Male,Yes,Married,3.8,Father,Son,Father-Son
46,21,Male,Female,Yes,Married,20.7,Father,Daughter,Father-Daughter
37,43,Male,Female,Yes,Single,3.3,Brother,Sister,Brother-Sister
73,31,Male,Male,Yes,Married,7.3,Grandfather,Grandson,Grandfather-Grandson
46,28,Female,Female,Yes,Widowed,25.3,Mother,Daughter,Mother-Daughter
40,16,Female,Male,Yes,Single,16.8,Mother,Son,Mother-Son
47,37,Male,Female,Yes,Single,28.4,Brother,Sister,Brother-Sister
45,11,Female,Female,Yes,Divorced,26.8,Mother,Daughter,Mother-Daughter
45,53,Male,Female,Yes,Married,24.2,Husband,Wife,Husband-Wife
78,34,Male,Male,Yes,Widowed,10.2,Grandfather,Grandson,Grandfather-Grandson
55,1,Female,Male,Yes,Widowed,14.1,Mother,Son,Mother-Son
39,35,Female,Female,Yes,Single,29.9,Roommate,Roommate,Unrelated
23,18,Male,Female,Yes,Married,1.7,Husband,Wife,Husband-Wife
76,31,Female,Female,Yes,Divorced,4.7,Grandmother,Granddaughter,Grandmother-Granddaughter
31,39,Male,Female,Yes,Married,21.7,Husband,Wife,Husband-Wife
49,25,Female,Male,Yes,Divorced,19.2,Mother,Son,Mother-Son
43,38,Male,Female,No,Single,28.3,Roommate,Roommate,Unrelated
25,32,Male,Female,Yes,Married,20.7,Husband,Wife,Husband-Wife
60,4,Male,Male,Yes,Divorced,29.6,Father,Son,Father-Son
34,24,Male,Female,Yes,Married,1.9,Husband,Wife,Husband-Wife
49,14,Male,Female,Yes,Married,27.5,Father,Daughter,Father-Daughter
41,37,Male,Male,Yes,Single,23.5,Brother,Brother,Brother-Brother
54,52,Female,Female,Yes,Single,15.5,Sister,Sister,Sister-Sister
84,6,Male,Male,Yes,Widowed,24.9,Grandfather,Grandson,Grandfather-Grandson
88,31,Female,Female,Yes,Widowed,29.4,Grandmother,Granddaughter,Grandmother-Granddaughter
42,24,Female,Male,Yes,Widowed,2.6,Mother,Son,Mother-Son
51,53,Female,Female,No,Single,10.4,Roommate,Roommate,Unrelated
23,18,Male,Female,Yes,Married,21.5,Husband,Wife,Husband-Wife
56,12,Female,Female,Yes,Single,24.4,Grandmother,Granddaughter,Grandmother-Granddaughter
43,11,Male,Male,Yes,Widowed,22.7,Father,Son,Father-Son
46,21,Female,Male,Yes,Divorced,1.5,Mother,Son,Mother-Son
26,18,Female,Female,Yes,Single,6.7,Sister,Sister,Sister-Sister
28,32,Male,Female,Yes,Married,7.5,Husband,Wife,Husband-Wife
23,69,Male,Female,Yes,Single,4.4,Roommate,Roommate,Unrelated
52,3,Male,Female,Yes,Single,0.8,Father,Daughter,Father-Daughter
60,11,Female,Male,Yes,Single,25.8,Grandmother,Grandson,Grandmother-Grandson
58,5,Female,Female,Yes,Widowed,2.2,Mother,Daughter,Mother-Daughter
19,27,Male,Female,Yes,Single,29.9,Brother,Sister,Brother-Sister
49,16,Female,Male,Yes,Married,4.3,Mother,Son,Mother-Son
69,33,Male,Female,No,Single,24.5,Roommate,Roommate,Unrelated
55,12,Male,Female,Yes,Single,1.5,Father,Daughter,Father-Daughter
15,20,Female,Female,Yes,Single,14.5,Sister,Sister,Sister-Sister
33,15,Male,Female,Yes,Married,5.9,Father,Daughter,Father-Daughter
58,10,Male,Female,Yes,Single,27.5,Grandfather,Granddaughter,Grandfather-Granddaughter
55,1,Male,Male,Yes,Single,29.8,Father,Son,Father-Son
53,9,Female,Female,Yes,Widowed,7.8,Mother,Daughter,Mother-Daughter
67,1,Female,Female,Yes,Widowed,13.0,Grandmother,Granddaughter,Grandmother-Granddaughter
32,4,Female,Male,Yes,Widowed,9.4,Mother,Son,Mother-Son
53,65,Male,Male,No,Single,2.6,Roommate,Roommate,Unrelated
64,12,Male,Female,Yes,Married,9.0,Father,Daughter,Father-Daughter
34,6,Female,Female,Yes,Single,0.8,Mother,Daughter,Mother-Daughter
32,5,Male,Female,Yes,Single,20.7,Father,Daughter,Father-Daughter
62,14,Male,Male,Yes,Married,18.8,Grandfather,Grandson,Grandfather-Grandson
60,27,Male,Male,No,Single,15.6,Roommate,Roommate,Unrelated
44,56,Male,Female,Yes,Married,11.1,Husband,Wife,Husband-Wife
51,42,Female,Female,No,Single,7.4,Roommate,Roommate,Unrelated
54,21,Male,Male,Yes,Married,23.0,Father,Son,Father-Son
36,43,Male,Female,No,Single,9.4,Roommate,Roommate,Unrelated
64,6,Male,Female,Yes,Divorced,5.9,Father,Daughter,Father-Daughter
57,37,Female,Female,Yes,Married,11.8,Mother,Daughter,Mother-Daughter
49,50,Female,Female,Yes,Single,20.9,Sister,Sister,Sister-Sister
40,35,Female,Female,Yes,Single,4.0,Sister,Sister,Sister-Sister
27,28,Male,Female,Yes,Married,2.4,Husband,Wife,Husband-Wife
38,6,Male,Male,Yes,Widowed,18.4,Father,Son,Father-Son
20,12,Female,Female,Yes,Single,24.0,Sister,Sister,Sister-Sister
63,35,Male,Female,Yes,Widowed,2.9,Father,Daughter,Father-Daughter
65,20,Female,Female,No,Single,11.3,Roommate,Roommate,Unrelated
50,58,Male,Female,Yes,Single,15.7,Brother,Sister,Brother-Sister
66,5,Male,Male,Yes,Married,27.7,Grandfather,Grandson,Grandfather-Grandson
23,23,Female,Male,No,Single,25.4,Roommate,Roommate,Unrelated
30,31,Male,Male,Yes,Single,10.0,Brother,Brother,Brother-Brother
53,47,Male,Female,Yes,Single,19.1,Brother,Sister,Brother-Sister
44,14,Female,Female,Yes,Married,10.4,Mother,Daughter,Mother-Daughter
49,46,Male,Female,Yes,Single,0.9,Brother,Sister,Brother-Sister
45,41,Male,Male,Yes,Single,26.9,Brother,Brother,Brother-Brother
55,5,Male,Male,Yes,Married,14.8,Grandfather,Grandson,Grandfather-Grandson
67,79,Male,Female,Yes,Married,19.4,Husband,Wife,Husband-Wife
59,0,Female,Male,Yes,Widowed,10.4,Grandmother,Grandson,Grandmother-Grandson
44,66,Female,Male,No,Single,10.3,Roommate,Roommate,Unrelated
41,22,Female,Female,Yes,Married,13.8,Mother,Daughter,Mother-Daughter
46,17,Female,Female,Yes,Widowed,5.3,Mother,Daughter,Mother-Daughter
24,34,Male,Female,Yes,Single,1.7,Brother,Sister,Brother-Sister
40,15,Female,Female,Yes,Married,15.5,Mother,Daughter,Mother-Daughter
55,5,Male,Male,Yes,Widowed,26.9,Grandfather,Grandson,Grandfather-Grandson
15,16,Female,Female,Yes,Single,13.7,Sister,Sister,Sister-Sister
87,32,Male,Male,Yes,Single,5.4,Grandfather,Grandson,Grandfather-Grandson
40,56,Male,Female,No,Single,4.8,Roommate,Roommate,Unrelated
44,35,Male,Male,Yes,Single,13.9,Brother,Brother,Brother-Brother
87,41,Female,Female,Yes,Divorced,3.5,Grandmother,Granddaughter,Grandmother-Granddaughter
66,19,Female,Male,Yes,Married,27.7,Grandmother,Grandson,Grandmother-Grandson
56,30,Female,Female,Yes,Single,2.7,Mother,Daughter,Mother-Daughter
35,16,Female,Female,Yes,Married,19.2,Mother,Daughter,Mother-Daughter
21,24,Male,Male,Yes,Single,9.6,Brother,Brother,Brother-Brother
84,40,Female,Male,Yes,Divorced,19.7,Grandmother,Grandson,Grandmother-Grandson
65,29,Male,Female,Yes,Widowed,19.4,Grandfather,Granddaughter,Grandfather-Granddaughter
36,35,Female,Female,Yes,Single,18.7,Sister,Sister,Sister-Sister
31,7,Male,Female,Yes,Divorced,23.7,Father,Daughter,Father-Daughter
37,27,Male,Female,Yes,Single,2.2,Brother,Sister,Brother-Sister
69,31,Female,Male,Yes,Married,13.7,Grandmother,Grandson,Grandmother-Grandson
81,22,Male,Female,Yes,Widowed,1.0,Grandfather,Granddaughter,Grandfather-Granddaughter
34,4,Female,Male,Yes,Single,15.2,Mother,Son,Mother-Son
61,16,Male,Male,Yes,Divorced,2.7,Grandfather,Grandson,Grandfather-Grandson
46,6,Female,Female,Yes,Married,17.0,Mother,Daughter,Mother-Daughter
34,32,Female,Female,Yes,Single,29.0,Sister,Sister,Sister-Sister
42,13,Female,Male,Yes,Single,2.0,Mother,Son,Mother-Son
64,14,Female,Male,Yes,Single,28.5,Grandmother,Grandson,Grandmother-Grandson
27,52,Male,Male,Yes,Single,27.6,Roommate,Roommate,Unrelated
76,25,Female,Female,Yes,Married,6.8,Grandmother,Granddaughter,Grandmother-Granddaughter
64,10,Male,Female,Yes,Widowed,16.2,Grandfather,Granddaughter,Grandfather-Granddaughter
55,11,Male,Male,Yes,Married,29.2,Father,Son,Father-Son
46,10,Male,Female,Yes,Divorced,1.7,Father,Daughter,Father-Daughter
77,1,Male,Male,Yes,Single,16.1,Grandfather,Grandson,Grandfather-Grandson
48,5,Female,Male,Yes,Widowed,2.4,Mother,Son,Mother-Son
55,20,Male,Female,Yes,Divorced,19.0,Father,Daughter,Father-Daughter
24,31,Female,Female,Yes,Single,29.0,Sister,Sister,Sister-Sister
53,15,Male,Female,Yes,Widowed,20.1,Father,Daughter,Father-Daughter
34,13,Female,Male,Yes,Single,15.6,Mother,Son,Mother-Son
37,7,Male,Male,Yes,Widowed,17.6,Father,Son,Father-Son
57,16,Male,Female,Yes,Divorced,19.8,Father,Daughter,Father-Daughter
63,20,Male,Female,Yes,Widowed,17.9,Grandfather,Granddaughter,Grandfather-Granddaughter
12,10,Male,Female,Yes,Single,24.8,Brother,Sister,Brother-Sister
77,15,Female,Male,Yes,Widowed,16.8,Grandmother,Grandson,Grandmother-Grandson
14,18,Female,Female,Yes,Single,29.1,Sister,Sister,Sister-Sister
62,7,Female,Male,Yes,Divorced,8.0,Mother,Son,Mother-Son
66,16,Female,Male,Yes,Single,4.1,Grandmother,Grandson,Grandmother-Grandson
56,6,Female,Female,Yes,Married,21.5,Mother,Daughter,Mother-Daughter
51,16,Male,Female,Yes,Married,11.7,Grandfather,Granddaughter,Grandfather-Granddaughter
60,14,Male,Female,Yes,Widowed,5.4,Grandfather,Granddaughter,Grandfather-Granddaughter
75,8,Male,Female,Yes,Married,9.9,Grandfather,Granddaughter,Grandfather-Granddaughter
51,49,Male,Male,Yes,Single,13.0,Brother,Brother,Brother-Brother
58,0,Female,Male,Yes,Widowed,11.3,Grandmother,Grandson,Grandmother-Grandson
67,41,Male,Female,Yes,Single,21.9,Father,Daughter,Father-Daughter
69,65,Male,Female,Yes,Married,17.1,Husband,Wife,Husband-Wife
39,3,Female,Male,Yes,Divorced,15.8,Mother,Son,Mother-Son
80,6,Female,Male,Yes,Married,17.5,Grandmother,Grandson,Grandmother-Grandson
41,3,Female,Female,Yes,Married,22.4,Mother,Daughter,Mother-Daughter
35,4,Male,Male,Yes,Widowed,28.9,Father,Son,Father-Son
43,20,Female,Female,Yes,Widowed,14.0,Mother,Daughter,Mother-Daughter
55,6,Female,Male,Yes,Widowed,11.2,Mother,Son,Mother-Son
76,21,Male,Male,Yes,Married,3.8,Grandfather,Grandson,Grandfather-Grandson
36,10,Female,Female,Yes,Widowed,29.1,Mother,Daughter,Mother-Daughter
51,16,Female,Female,Yes,Widowed,12.5,Mother,Daughter,Mother-Daughter
36,37,Male,Female,Yes,Married,26.1,Husband,Wife,Husband-Wife
8,4,Female,Female,Yes,Single,3.4,Sister,Sister,Sister-Sister
45,17,Female,Male,Yes,Married,22.6,Mother,Son,Mother-Son
50,4,Male,Female,Yes,Married,10.4,Grandfather,Granddaughter,Grandfather-Granddaughter
60,65,Male,Male,Yes,Single,22.3,Brother,Brother,Brother-Brother
86,0,Female,Female,Yes,Married,7.2,Grandmother,Granddaughter,Grandmother-Granddaughter
32,21,Male,Female,Yes,Married,5.3,Husband,Wife,Husband-Wife
34,42,Male,Male,Yes,Single,3.1,Roommate,Roommate,Unrelated
74,35,Male,Male,Yes,Widowed,16.4,Grandfather,Grandson,Grandfather-Grandson
24,26,Male,Female,Yes,Single,1.7,Brother,Sister,Brother-Sister
59,0,Male,Female,Yes,Married,19.4,Father,Daughter,Father-Daughter
51,9,Female,Male,Yes,Widowed,6.4,Grandmother,Grandson,Grandmother-Grandson
58,12,Female,Female,Yes,Single,20.9,Mother,Daughter,Mother-Daughter
56,17,Female,Male,Yes,Single,23.8,Grandmother,Grandson,Grandmother-Grandson
9,4,Female,Female,Yes,Single,13.1,Sister,Sister,Sister-Sister
51,7,Female,Male,Yes,Widowed,7.9,Mother,Son,Mother-Son
84,34,Female,Female,Yes,Widowed,8.6,Grandmother,Granddaughter,Grandmother-Granddaughter
65,62,Male,Female,Yes,Married,4.2,Husband,Wife,Husband-Wife
86,47,Female,Female,Yes,Single,15.4,Grandmother,Granddaughter,Grandmother-Granddaughter
42,18,Male,Male,No,Single,21.8,Roommate,Roommate,Unrelated
66,42,Male,Male,Yes,Single,11.6,Father,Son,Father-Son
77,16,Female,Male,Yes,Widowed,13.4,Grandmother,Grandson,Grandmother-Grandson
64,13,Male,Female,Yes,Married,10.1,Father,Daughter,Father-Daughter
28,25,Male,Female,Yes,Married,20.7,Husband,Wife,Husband-Wife
82,33,Female,Male,Yes,Single,0.6,Grandmother,Grandson,Grandmother-Grandson
10,0,Male,Male,Yes,Single,3.2,Brother,Brother,Brother-Brother
58,1,Male,Female,Yes,Married,16.6,Grandfather,Granddaughter,Grandfather-Granddaughter
45,0,Male,Male,Yes,Widowed,19.5,Father,Son,Father-Son
56,12,Male,Male,Yes,Divorced,6.3,Grandfather,Grandson,Grandfather-Grandson
41,39,Female,Female,Yes,Single,20.1,Sister,Sister,Sister-Sister
84,34,Female,Female,Yes,Single,24.8,Grandmother,Granddaughter,Grandmother-Granddaughter
90,49,Male,Female,Yes,Single,29.4,Grandfather,Granddaughter,Grandfather-Granddaughter
81,19,Female,Female,Yes,Widowed,11.3,Grandmother,Granddaughter,Grandmother-Granddaughter
84,25,Male,Female,Yes,Married,25.3,Grandfather,Granddaughter,Grandfather-Granddaughter
74,3,Male,Male,Yes,Widowed,5.6,Grandfather,Grandson,Grandfather-Grandson
51,54,Male,Female,Yes,Married,23.4,Husband,Wife,Husband-Wife
18,17,Female,Female,Yes,Single,4.4,Sister,Sister,Sister-Sister
39,20,Female,Female,Yes,Widowed,29.8,Mother,Daughter,Mother-Daughter
66,40,Male,Male,Yes,Single,9.1,Father,Son,Father-Son
32,5,Female,Male,Yes,Widowed,6.4,Mother,Son,Mother-Son
45,13,Female,Male,Yes,Married,11.1,Mother,Son,Mother-Son
60,39,Male,Male,Yes,Widowed,10.4,Father,Son,Father-Son
59,16,Female,Female,Yes,Widowed,5.5,Grandmother,Granddaughter,Grandmother-Granddaughter
43,16,Female,Female,Yes,Divorced,4.7,Mother,Daughter,Mother-Daughter
51,20,Male,Female,Yes,Divorced,13.6,Father,Daughter,Father-Daughter
43,14,Female,Male,Yes,Married,20.9,Mother,Son,Mother-Son
59,21,Female,Female,Yes,Divorced,14.5,Mother,Daughter,Mother-Daughter
15,21,Male,Male,Yes,Single,8.5,Brother,Brother,Brother-Brother
44,5,Female,Female,Yes,Married,28.7,Mother,Daughter,Mother-Daughter
45,14,Male,Male,Yes,Single,4.0,Father,Son,Father-Son
42,50,Female,Female,Yes,Single,14.3,Sister,Sister,Sister-Sister
53,58,Male,Female,Yes,Single,9.8,Brother,Sister,Brother-Sister
43,39,Male,Female,Yes,Married,19.3,Husband,Wife,Husband-Wife
12,13,Male,Female,Yes,Single,18.9,Brother,Sister,Brother-Sister
44,17,Male,Female,Yes,Widowed,12.2,Father,Daughter,Father-Daughter
38,28,Male,Male,Yes,Single,24.1,Brother,Brother,Brother-Brother
58,9,Female,Male,Yes,Single,16.5,Grandmother,Grandson,Grandmother-Grandson
69,9,Male,Male,Yes,Married,11.6,Father,Son,Father-Son
62,0,Male,Male,Yes,Single,17.3,Grandfather,Grandson,Grandfather-Grandson
14,23,Male,Female,Yes,Single,28.0,Brother,Sister,Brother-Sister
39,44,Male,Female,Yes,Single,24.9,Brother,Sister,Brother-Sister
76,6,Male,Male,Yes,Married,21.0,Grandfather,Grandson,Grandfather-Grandson
13,12,Female,Female,Yes,Single,19.3,Sister,Sister,Sister-Sister
27,20,Male,Male,Yes,Single,11.0,Brother,Brother,Brother-Brother
30,32,Male,Female,Yes,Single,19.9,Brother,Sister,Brother-Sister
54,1,Male,Female,Yes,Widowed,23.1,Grandfather,Granddaughter,Grandfather-Granddaughter
26,8,Female,Female,Yes,Single,26.7,Mother,Daughter,Mother-Daughter
49,15,Male,Female,Yes,Widowed,5.8,Father,Daughter,Father-Daughter
43,60,Female,Male,No,Single,3.6,Roommate,Roommate,Unrelated
85,25,Female,Male,Yes,Divorced,8.0,Grandmother,Grandson,Grandmother-Grandson
56,2,Male,Male,Yes,Divorced,5.6,Father,Son,Father-Son
60,50,Male,Female,Yes,Single,18.2,Brother,Sister,Brother-Sister
79,37,Male,Male,Yes,Widowed,8.6,Grandfather,Grandson,Grandfather-Grandson
60,25,Female,Female,Yes,Single,21.0,Grandmother,Granddaughter,Grandmother-Granddaughter
63,23,Male,Male,Yes,Single,26.8,Grandfather,Grandson,Grandfather-Grandson
54,62,Female,Female,Yes,Single,14.1,Sister,Sister,Sister-Sister
33,1,Male,Male,Yes,Single,18.0,Father,Son,Father-Son
80,33,Male,Male,Yes,Widowed,16.1,Grandfather,Grandson,Grandfather-Grandson
57,17,Male,Female,Yes,Married,16.7,Grandfather,Granddaughter,Grandfather-Granddaughter
37,64,Female,Female,No,Single,13.8,Roommate,Roommate,Unrelated
54,49,Male,Female,Yes,Married,3.4,Husband,Wife,Husband-Wife
85,8,Female,Male,Yes,Single,26.9,Grandmother,Grandson,Grandmother-Grandson
58,7,Male,Female,Yes,Divorced,2.0,Grandfather,Granddaughter,Grandfather-Granddaughter
40,42,Male,Male,Yes,Single,25.2,Brother,Brother,Brother-Brother
58,15,Female,Male,Yes,Widowed,3.6,Grandmother,Grandson,Grandmother-Grandson
61,3,Male,Female,Yes,Divorced,20.8,Grandfather,Granddaughter,Grandfather-Granddaughter
39,18,Female,Female,Yes,Divorced,5.8,Mother,Daughter,Mother-Daughter
66,57,Female,Male,No,Single,18.1,Roommate,Roommate,Unrelated
30,23,Female,Female,Yes,Single,19.5,Sister,Sister,Sister-Sister
40,13,Female,Female,Yes,Widowed,3.1,Mother,Daughter,Mother-Daughter
55,18,Female,Female,Yes,Widowed,13.8,Grandmother,Granddaughter,Grandmother-Granddaughter
39,29,Female,Female,Yes,Single,28.5,Sister,Sister,Sister-Sister
62,41,Female,Male,Yes,Divorced,3.3,Mother,Son,Mother-Son
65,37,Female,Male,No,Single,14.6,Roommate,Roommate,Unrelated
16,15,Male,Female,Yes,Single,4.2,Brother,Sister,Brother-Sister
37,29,Male,Female,Yes,Single,10.5,Brother,Sister,Brother-Sister
65,0,Male,Female,Yes,Divorced,8.9,Grandfather,Granddaughter,Grandfather-Granddaughter
25,1,Female,Male,Yes,Single,19.7,Mother,Son,Mother-Son
58,33,Male,Male,Yes,Divorced,16.9,Father,Son,Father-Son
50,10,Male,Female,Yes,Widowed,17.6,Grandfather,Granddaughter,Grandfather-Granddaughter
81,26,Female,Male,Yes,Married,8.3,Grandmother,Grandson,Grandmother-Grandson
26,34,Male,Male,Yes,Single,21.0,Brother,Brother,Brother-Brother
33,26,Male,Female,Yes,Married,26.3,Husband,Wife,Husband-Wife
76,28,Female,Male,Yes,Divorced,28.1,Grandmother,Grandson,Grandmother-Grandson
26,1,Female,Female,Yes,Married,26.5,Mother,Daughter,Mother-Daughter
7,4,Male,Female,Yes,Single,22.5,Brother,Sister,Brother-Sister
45,4,Female,Female,Yes,Single,1.8,Mother,Daughter,Mother-Daughter
10,3,Male,Male,Yes,Single,20.2,Brother,Brother,Brother-Brother
82,32,Male,Female,Yes,Single,10.1,Grandfather,Granddaughter,Grandfather-Granddaughter
58,14,Male,Male,Yes,Divorced,3.4,Grandfather,Grandson,Grandfather-Grandson
50,50,Female,Female,Yes,Single,13.3,Sister,Sister,Sister-Sister
37,46,Male,Female,Yes,Married,10.5,Husband,Wife,Husband-Wife
13,22,Male,Female,Yes,Single,23.1,Brother,Sister,Brother-Sister
46,35,Male,Female,Yes,Married,1.0,Husband,Wife,Husband-Wife
53,44,Male,Female,Yes,Single,26.0,Brother,Sister,Brother-Sister
30,0,Female,Male,Yes,Widowed,22.4,Mother,Son,Mother-Son
57,14,Male,Female,Yes,Widowed,1.6,Grandfather,Granddaughter,Grandfather-Granddaughter
57,37,Male,Female,Yes,Widowed,8.5,Father,Daughter,Father-Daughter
37,2,Female,Female,Yes,Divorced,27.3,Mother,Daughter,Mother-Daughter
5,15,Female,Female,Yes,Single,11.2,Sister,Sister,Sister-Sister
63,24,Male,Male,Yes,Divorced,11.7,Father,Son,Father-Son
36,16,Male,Male,Yes,Divorced,29.1,Father,Son,Father-Son
26,22,Female,Female,Yes,Single,16.4,Sister,Sister,Sister-Sister
42,37,Female,Female,No,Single,26.8,Roommate,Roommate,Unrelated
32,38,Male,Male,Yes,Single,20.0,Brother,Brother,Brother-Brother
38,17,Male,Female,Yes,Divorced,26.9,Father,Daughter,Father-Daughter
7,8,Male,Female,Yes,Single,7.2,Brother,Sister,Brother-Sister
62,15,Male,Male,Yes,Divorced,29.0,Grandfather,Grandson,Grandfather-Grandson
23,33,Female,Female,No,Single,12.4,Roommate,Roommate,Unrelated
41,23,Female,Male,Yes,Married,2.2,Mother,Son,Mother-Son
51,24,Male,Female,Yes,Widowed,21.0,Father,Daughter,Father-Daughter
81,17,Female,Female,Yes,Married,23.2,Grandmother,Granddaughter,Grandmother-Granddaughter
71,10,Female,Male,Yes,Widowed,5.0,Grandmother,Grandson,Grandmother-Grandson
44,50,Male,Female,Yes,Married,26.8,Husband,Wife,Husband-Wife
35,42,Male,Female,Yes,Married,16.4,Husband,Wife,Husband-Wife
43,25,Male,Male,Yes,Widowed,16.3,Father,Son,Father-Son
48,51,Male,Male,Yes,Single,12.6,Brother,Brother,Brother-Brother
30,7,Female,Male,Yes,Divorced,14.1,Mother,Son,Mother-Son
80,44,Female,Male,Yes,Widowed,3.9,Grandmother,Grandson,Grandmother-Grandson
30,9,Male,Male,Yes,Widowed,2.5,Father,Son,Father-Son
25,39,Male,Male,No,Single,22.0,Roommate,Roommate,Unrelated
59,4,Female,Male,Yes,Widowed,15.2,Grandmother,Grandson,Grandmother-Grandson
51,43,Male,Female,Yes,Single,19.3,Brother,Sister,Brother-Sister
37,7,Male,Male,Yes,Single,1.2,Father,Son,Father-Son
56,32,Female,Female,No,Single,11.7,Roommate,Roommate,Unrelated
54,10,Female,Male,Yes,Single,25.0,Mother,Son,Mother-Son
60,51,Male,Female,No,Single,10.6,Roommate,Roommate,Unrelated
41,17,Female,Male,Yes,Divorced,10.1,Mother,Son,Mother-Son
53,2,Male,Female,Yes,Widowed,1.6,Grandfather,Granddaughter,Grandfather-Granddaughter
76,5,Male,Female,Yes,Widowed,21.3,Grandfather,Granddaughter,Grandfather-Granddaughter
31,12,Female,Male,Yes,Widowed,29.1,Mother,Son,Mother-Son
46,40,Male,Male,Yes,Single,14.0,Brother,Brother,Brother-Brother
47,29,Male,Female,Yes,Married,7.7,Father,Daughter,Father-Daughter
52,26,Female,Female,Yes,Widowed,12.2,Mother,Daughter,Mother-Daughter
88,52,Male,Male,Yes,Divorced,4.3,Grandfather,Grandson,Grandfather-Grandson
31,58,Female,Female,No,Single,9.7,Roommate,Roommate,Unrelated
56,35,Female,Female,Yes,Divorced,9.5,Mother,Daughter,Mother-Daughter
60,17,Female,Male,Yes,Widowed,21.5,Grandmother,Grandson,Grandmother-Grandson
64,22,Male,Male,Yes,Widowed,17.5,Father,Son,Father-Son
53,52,Male,Male,Yes,Single,20.7,Brother,Brother,Brother-Brother
61,20,Female,Male,Yes,Married,9.0,Grandmother,Grandson,Grandmother-Grandson
33,12,Male,Female,Yes,Single,4.4,Father,Daughter,Father-Daughter
69,19,Male,Female,Yes,Widowed,16.9,Grandfather,Granddaughter,Grandfather-Granddaughter
86,31,Female,Female,Yes,Divorced,15.7,Grandmother,Granddaughter,Grandmother-Granddaughter
83,48,Male,Male,Yes,Divorced,23.6,Grandfather,Grandson,Grandfather-Grandson
30,32,Female,Female,Yes,Single,2.3,Sister,Sister,Sister-Sister
39,42,Male,Male,Yes,Single,10.7,Brother,Brother,Brother-Brother
35,7,Female,Male,Yes,Widowed,26.0,Mother,Son,Mother-Son
79,31,Male,Male,Yes,Married,17.1,Grandfather,Grandson,Grandfather-Grandson
60,67,Male,Female,Yes,Married,25.4,Husband,Wife,Husband-Wife
47,13,Female,Female,Yes,Single,8.8,Mother,Daughter,Mother-Daughter
35,28,Male,Male,Yes,Single,1.6,Brother,Brother,Brother-Brother
46,14,Female,Male,Yes,Single,5.0,Mother,Son,Mother-Son
67,56,Male,Female,No,Single,7.8,Roommate,Roommate,Unrelated
63,29,Male,Female,Yes,Single,4.3,Father,Daughter,Father-Daughter
22,12,Female,Female,Yes,Single,7.1,Sister,Sister,Sister-Sister
31,64,Male,Male,No,Single,2.0,Roommate,Roommate,Unrelated
20,16,Male,Male,Yes,Single,2.2,Brother,Brother,Brother-Brother
66,34,Male,Male,Yes,Widowed,4.5,Father,Son,Father-Son
72,10,Male,Male,Yes,Married,9.6,Grandfather,Grandson,Grandfather-Grandson
38,8,Female,Female,Yes,Married,2.8,Mother,Daughter,Mother-Daughter
60,72,Male,Female,Yes,Married,4.4,Husband,Wife,Husband-Wife
19,16,Female,Female,Yes,Single,8.1,Sister,Sister,Sister-Sister
59,2,Female,Male,Yes,Divorced,9.5,Grandmother,Grandson,Grandmother-Grandson
49,40,Male,Female,Yes,Single,6.4,Brother,Sister,Brother-Sister
36,14,Female,Male,Yes,Widowed,23.8,Mother,Son,Mother-Son
61,14,Male,Female,Yes,Divorced,2.3,Grandfather,Granddaughter,Grandfather-Granddaughter
68,12,Male,Male,Yes,Married,11.9,Father,Son,Father-Son
65,10,Female,Male,Yes,Married,19.4,Grandmother,Grandson,Grandmother-Grandson
60,22,Female,Female,Yes,Divorced,17.4,Grandmother,Granddaughter,Grandmother-Granddaughter
26,20,Male,Female,Yes,Single,29.5,Brother,Sister,Brother-Sister
26,41,Female,Male,No,Single,24.7,Roommate,Roommate,Unrelated
30,11,Male,Male,Yes,Divorced,15.3,Father,Son,Father-Son
56,36,Female,Male,Yes,Divorced,3.9,Mother,Son,Mother-Son
51,46,Male,Male,Yes,Single,17.7,Brother,Brother,Brother-Brother
62,21,Female,Female,Yes,Widowed,20.8,Grandmother,Granddaughter,Grandmother-Granddaughter
60,3,Male,Female,Yes,Divorced,2.6,Grandfather,Granddaughter,Grandfather-Granddaughter
49,9,Male,Male,Yes,Married,0.8,Father,Son,Father-Son
38,28,Male,Male,No,Single,8.3,Roommate,Roommate,Unrelated
61,16,Female,Male,Yes,Divorced,1.2,Grandmother,Grandson,Grandmother-Grandson
39,33,Male,Male,Yes,Single,15.3,Brother,Brother,Brother-Brother
82,23,Male,Male,Yes,Single,23.7,Grandfather,Grandson,Grandfather-Grandson
52,55,Male,Female,Yes,Single,20.6,Brother,Sister,Brother-Sister
23,16,Male,Male,Yes,Single,6.3,Brother,Brother,Brother-Brother
11,5,Male,Male,Yes,Single,0.8,Brother,Brother,Brother-Brother
59,57,Female,Female,Yes,Single,10.6,Sister,Sister,Sister-Sister
58,4,Male,Female,Yes,Married,18.1,Father,Daughter,Father-Daughter
62,17,Female,Female,Yes,Single,3.1,Grandmother,Granddaughter,Grandmother-Granddaughter
64,0,Male,Male,Yes,Widowed,17.6,Grandfather,Grandson,Grandfather-Grandson
80,1,Male,Male,Yes,Married,11.8,Grandfather,Grandson,Grandfather-Grandson
62,22,Male,Female,No,Single,9.7,Roommate,Roommate,Unrelated
60,54,Female,Female,No,Single,22.7,Roommate,Roommate,Unrelated
53,0,Male,Male,Yes,Single,18.1,Grandfather,Grandson,Grandfather-Grandson
34,35,Female,Male,No,Single,22.3,Roommate,Roommate,Unrelated
69,30,Female,Male,Yes,Married,10.3,Grandmother,Grandson,Grandmother-Grandson
34,3,Male,Female,Yes,Married,6.1,Father,Daughter,Father-Daughter
19,10,Male,Female,Yes,Single,18.3,Brother,Sister,Brother-Sister
63,10,Female,Female,Yes,Married,2.5,Grandmother,Granddaughter,Grandmother-Granddaughter
40,17,Male,Male,Yes,Married,11.1,Father,Son,Father-Son
82,5,Male,Female,Yes,Married,9.6,Grandfather,Granddaughter,Grandfather-Granddaughter
43,6,Female,Male,Yes,Divorced,25.0,Mother,Son,Mother-Son
87,3,Female,Male,Yes,Married,3.7,Grandmother,Grandson,Grandmother-Grandson
13,19,Male,Female,Yes,Single,12.2,Brother,Sister,Brother-Sister
61,28,Male,Male,No,Single,7.4,Roommate,Roommate,Unrelated
25,56,Female,Female,No,Single,16.7,Roommate,Roommate,Unrelated
65,27,Female,Male,No,Single,22.6,Roommate,Roommate,Unrelated
63,17,Male,Male,Yes,Divorced,10.8,Father,Son,Father-Son
81,24,Male,Female,Yes,Married,13.4,Grandfather,Granddaughter,Grandfather-Granddaughter
62,24,Male,Female,Yes,Widowed,14.1,Father,Daughter,Father-Daughter
55,32,Female,Male,Yes,Single,2.6,Mother,Son,Mother-Son
43,43,Male,Female,Yes,Single,14.2,Brother,Sister,Brother-Sister
47,41,Male,Female,Yes,Single,25.1,Brother,Sister,Brother-Sister
59,0,Female,Male,Yes,Divorced,1.6,Grandmother,Grandson,Grandmother-Grandson
83,22,Male,Female,Yes,Widowed,23.2,Grandfather,Granddaughter,Grandfather-Granddaughter
67,18,Female,Female,Yes,Married,4.6,Grandmother,Granddaughter,Grandmother-Granddaughter
55,28,Male,Female,No,Single,22.2,Roommate,Roommate,Unrelated
35,33,Male,Male,Yes,Single,5.0,Brother,Brother,Brother-Brother
58,8,Female,Female,Yes,Widowed,15.1,Grandmother,Granddaughter,Grandmother-Granddaughter
51,16,Male,Female,Yes,Married,14.9,Grandfather,Granddaughter,Grandfather-Granddaughter
66,3,Male,Male,Yes,Divorced,2.4,Grandfather,Grandson,Grandfather-Grandson
48,19,Male,Male,Yes,Single,2.2,Father,Son,Father-Son
70,47,Male,Male,Yes,Divorced,11.5,Father,Son,Father-Son
45,54,Male,Male,Yes,Single,27.5,Brother,Brother,Brother-Brother
30,10,Male,Male,Yes,Single,9.5,Father,Son,Father-Son
81,2,Male,Male,Yes,Married,22.5,Grandfather,Grandson,Grandfather-Grandson
21,30,Male,Female,Yes,Single,25.6,Brother,Sister,Brother-Sister
57,1,Female,Female,Yes,Single,21.5,Mother,Daughter,Mother-Daughter
43,13,Female,Female,Yes,Widowed,13.5,Mother,Daughter,Mother-Daughter
80,4,Male,Male,Yes,Widowed,11.0,Grandfather,Grandson,Grandfather-Grandson
53,16,Male,Male,Yes,Married,8.0,Grandfather,Grandson,Grandfather-Grandson
38,12,Female,Female,Yes,Widowed,2.1,Mother,Daughter,Mother-Daughter
57,61,Male,Male,Yes,Single,26.5,Brother,Brother,Brother-Brother
23,31,Male,Female,Yes,Married,21.2,Husband,Wife,Husband-Wife
44,6,Male,Female,Yes,Single,19.9,Father,Daughter,Father-Daughter
9,14,Male,Male,Yes,Single,8.2,Brother,Brother,Brother-Brother
70,24,Male,Male,Yes,Single,14.7,Roommate,Roommate,Unrelated
77,25,Male,Female,Yes,Divorced,8.7,Grandfather,Granddaughter,Grandfather-Granddaughter
12,10,Female,Female,Yes,Single,8.6,Sister,Sister,Sister-Sister
73,4,Female,Male,Yes,Single,4.2,Grandmother,Grandson,Grandmother-Grandson
5,1,Male,Male,Yes,Single,9.4,Brother,Brother,Brother-Brother
31,41,Male,Female,No,Single,18.7,Roommate,Roommate,Unrelated
38,37,Male,Female,Yes,Married,6.7,Husband,Wife,Husband-Wife
65,27,Female,Female,Yes,Divorced,10.2,Grandmother,Granddaughter,Grandmother-Granddaughter
20,18,Male,Female,Yes,Married,2.6,Husband,Wife,Husband-Wife
69,30,Female,Male,No,Single,6.3,Roommate,Roommate,Unrelated
41,37,Female,Female,Yes,Single,7.0,Sister,Sister,Sister-Sister
75,29,Female,Female,Yes,Married,12.3,Grandmother,Granddaughter,Grandmother-Granddaughter
54,45,Male,Female,Yes,Married,27.5,Husband,Wife,Husband-Wife
37,15,Female,Female,Yes,Widowed,4.1,Mother,Daughter,Mother-Daughter
41,29,Male,Female,Yes,Married,21.6,Husband,Wife,Husband-Wife
38,32,Female,Female,Yes,Single,4.1,Sister,Sister,Sister-Sister
63,19,Female,Female,Yes,Widowed,23.0,Mother,Daughter,Mother-Daughter
52,5,Female,Female,Yes,Widowed,11.5,Grandmother,Granddaughter,Grandmother-Granddaughter
35,31,Male,Female,Yes,Single,15.4,Brother,Sister,Brother-Sister
88,37,Female,Female,Yes,Single,25.8,Grandmother,Granddaughter,Grandmother-Granddaughter
55,7,Male,Male,Yes,Divorced,28.9,Father,Son,Father-Son
60,42,Male,Male,Yes,Divorced,16.3,Father,Son,Father-Son
70,42,Female,Male,No,Single,9.6,Roommate,Roommate,Unrelated
55,21,Male,Male,No,Single,11.7,Roommate,Roommate,Unrelated
81,41,Female,Male,Yes,Divorced,13.8,Grandmother,Grandson,Grandmother-Grandson
39,27,Male,Male,No,Single,6.7,Roommate,Roommate,Unrelated
41,32,Female,Female,No,Single,3.4,Roommate,Roommate,Unrelated
78,37,Male,Female,Yes,Married,13.2,Grandfather,Granddaughter,Grandfather-Granddaughter
60,24,Male,Male,Yes,Married,27.3,Grandfather,Grandson,Grandfather-Grandson
29,1,Male,Male,Yes,Widowed,28.6,Father,Son,Father-Son
36,6,Female,Male,Yes,Single,14.9,Mother,Son,Mother-Son
80,11,Male,Male,Yes,Divorced,16.4,Grandfather,Grandson,Grandfather-Grandson
17,9,Male,Male,Yes,Single,21.2,Brother,Brother,Brother-Brother
69,14,Male,Male,Yes,Married,12.4,Grandfather,Grandson,Grandfather-Grandson
59,9,Male,Female,Yes,Divorced,6.6,Father,Daughter,Father-Daughter
69,76,Male,Female,Yes,Married,26.1,Husband,Wife,Husband-Wife
46,37,Male,Female,Yes,Married,2.7,Husband,Wife,Husband-Wife
58,3,Male,Female,Yes,Married,2.2,Grandfather,Granddaughter,Grandfather-Granddaughter
67,14,Male,Male,Yes,Married,9.8,Grandfather,Grandson,Grandfather-Grandson
79,26,Female,Female,Yes,Widowed,6.5,Grandmother,Granddaughter,Grandmother-Granddaughter
72,7,Female,Male,Yes,Divorced,26.8,Grandmother,Grandson,Grandmother-Grandson
33,29,Female,Female,Yes,Single,12.7,Sister,Sister,Sister-Sister
43,13,Female,Male,Yes,Single,15.7,Mother,Son,Mother-Son
64,22,Male,Male,Yes,Single,4.8,Grandfather,Grandson,Grandfather-Grandson
55,20,Female,Male,Yes,Widowed,8.1,Grandmother,Grandson,Grandmother-Grandson
80,2,Female,Female,Yes,Divorced,13.6,Grandmother,Granddaughter,Grandmother-Granddaughter
29,39,Male,Female,Yes,Single,14.4,Brother,Sister,Brother-Sister
43,47,Female,Female,Yes,Single,23.0,Sister,Sister,Sister-Sister
50,57,Male,Female,Yes,Single,27.0,Brother,Sister,Brother-Sister
17,26,Male,Male,Yes,Single,10.5,Brother,Brother,Brother-Brother
78,24,Female,Female,Yes,Widowed,10.5,Grandmother,Granddaughter,Grandmother-Granddaughter
20,27,Male,Female,Yes,Married,14.3,Husband,Wife,Husband-Wife
29,8,Female,Male,Yes,Widowed,4.9,Mother,Son,Mother-Son
79,7,Male,Male,Yes,Widowed,27.7,Grandfather,Grandson,Grandfather-Grandson
60,16,Female,Male,Yes,Single,19.2,Mother,Son,Mother-Son
35,3,Female,Female,Yes,Single,19.2,Mother,Daughter,Mother-Daughter
52,54,Female,Male,No,Single,6.4,Roommate,Roommate,Unrelated
75,31,Male,Male,Yes,Single,21.9,Grandfather,Grandson,Grandfather-Grandson
88,26,Male,Male,Yes,Single,10.7,Grandfather,Grandson,Grandfather-Grandson
55,13,Male,Male,Yes,Single,24.3,Grandfather,Grandson,Grandfather-Grandson
32,0,Female,Male,Yes,Divorced,25.9,Mother,Son,Mother-Son
38,10,Male,Male,Yes,Married,26.4,Father,Son,Father-Son
37,37,Male,Female,Yes,Married,18.0,Husband,Wife,Husband-Wife
89,29,Female,Male,Yes,Married,25.3,Grandmother,Grandson,Grandmother-Grandson
73,7,Female,Male,Yes,Single,0.5,Grandmother,Grandson,Grandmother-Grandson
50,32,Male,Female,Yes,Single,18.4,Father,Daughter,Father-Daughter
62,12,Male,Female,Yes,Married,0.8,Grandfather,Granddaughter,Grandfather-Granddaughter
59,17,Female,Male,Yes,Single,7.3,Grandmother,Grandson,Grandmother-Grandson
40,47,Male,Male,Yes,Single,17.0,Brother,Brother,Brother-Brother
51,45,Male,Female,Yes,Single,26.9,Brother,Sister,Brother-Sister
17,24,Male,Female,Yes,Single,7.9,Brother,Sister,Brother-Sister
62,66,Female,Male,No,Single,3.5,Roommate,Roommate,Unrelated
47,39,Female,Male,Yes,Single,23.4,Roommate,Roommate,Unrelated
28,18,Male,Male,Yes,Single,12.0,Brother,Brother,Brother-Brother
45,12,Male,Female,Yes,Single,10.4,Father,Daughter,Father-Daughter
63,41,Male,Female,Yes,Married,22.2,Father,Daughter,Father-Daughter
35,12,Male,Female,Yes,Married,29.1,Father,Daughter,Father-Daughter
59,14,Female,Male,Yes,Widowed,15.1,Mother,Son,Mother-Son
85,45,Male,Male,Yes,Divorced,21.1,Grandfather,Grandson,Grandfather-Grandson
58,55,Male,Female,Yes,Married,8.9,Husband,Wife,Husband-Wife
29,1,Female,Male,Yes,Single,29.8,Mother,Son,Mother-Son
60,48,Male,Female,Yes,Married,17.8,Husband,Wife,Husband-Wife
66,3,Male,Female,Yes,Married,9.6,Grandfather,Granddaughter,Grandfather-Granddaughter
32,9,Male,Male,Yes,Widowed,15.4,Father,Son,Father-Son
82,10,Male,Male,Yes,Married,24.2,Grandfather,Grandson,Grandfather-Grandson
51,22,Male,Male,Yes,Single,22.8,Father,Son,Father-Son
61,26,Male,Female,Yes,Widowed,26.0,Grandfather,Granddaughter,Grandfather-Granddaughter
77,21,Male,Male,Yes,Single,10.2,Grandfather,Grandson,Grandfather-Grandson
50,24,Male,Female,Yes,Married,1.1,Father,Daughter,Father-Daughter
51,41,Male,Male,Yes,Single,21.9,Brother,Brother,Brother-Brother
11,9,Male,Female,Yes,Single,18.1,Brother,Sister,Brother-Sister
32,5,Male,Female,Yes,Divorced,16.5,Father,Daughter,Father-Daughter
36,41,Male,Female,Yes,Married,16.6,Husband,Wife,Husband-Wife
49,51,Male,Female,Yes,Single,12.7,Brother,Sister,Brother-Sister
53,50,Female,Female,Yes,Single,7.2,Sister,Sister,Sister-Sister
28,26,Male,Female,Yes,Single,11.6,Brother,Sister,Brother-Sister
43,25,Female,Male,Yes,Single,5.3,Mother,Son,Mother-Son
10,2,Female,Female,Yes,Single,14.8,Sister,Sister,Sister-Sister
38,11,Male,Male,Yes,Divorced,0.8,Father,Son,Father-Son
31,26,Male,Female,Yes,Married,24.9,Husband,Wife,Husband-Wife
17,23,Female,Female,Yes,Single,24.6,Sister,Sister,Sister-Sister
53,5,Female,Male,Yes,Widowed,3.1,Mother,Son,Mother-Son
22,25,Female,Female,Yes,Single,13.2,Sister,Sister,Sister-Sister
65,21,Male,Male,Yes,Divorced,6.0,Father,Son,Father-Son
70,28,Female,Female,Yes,Divorced,24.6,Grandmother,Granddaughter,Grandmother-Granddaughter
87,12,Male,Male,Yes,Single,30.0,Grandfather,Grandson,Grandfather-Grandson
62,52,Female,Male,No,Single,26.9,Roommate,Roommate,Unrelated
57,14,Male,Male,Yes,Divorced,13.0,Grandfather,Grandson,Grandfather-Grandson
64,26,Male,Male,Yes,Divorced,1.9,Grandfather,Grandson,Grandfather-Grandson
53,1,Female,Male,Yes,Divorced,22.2,Mother,Son,Mother-Son
75,30,Male,Female,Yes,Single,20.2,Grandfather,Granddaughter,Grandfather-Granddaughter
52,40,Male,Female,Yes,Married,17.8,Husband,Wife,Husband-Wife
67,8,Male,Female,Yes,Married,8.5,Grandfather,Granddaughter,Grandfather-Granddaughter
52,10,Female,Male,Yes,Widowed,2.4,Grandmother,Grandson,Grandmother-Grandson
57,13,Male,Male,Yes,Widowed,26.2,Grandfather,Grandson,Grandfather-Grandson
55,22,Female,Female,Yes,Married,23.3,Mother,Daughter,Mother-Daughter
58,1,Female,Female,Yes,Widowed,20.5,Grandmother,Granddaughter,Grandmother-Granddaughter
29,38,Male,Male,Yes,Single,15.3,Brother,Brother,Brother-Brother
10,19,Male,Female,Yes,Single,19.1,Brother,Sister,Brother-Sister
26,29,Male,Female,Yes,Single,20.1,Brother,Sister,Brother-Sister
32,4,Female,Male,Yes,Divorced,5.2,Mother,Son,Mother-Son
71,26,Female,Female,Yes,Married,21.7,Grandmother,Granddaughter,Grandmother-Granddaughter
16,11,Male,Female,Yes,Single,22.4,Brother,Sister,Brother-Sister
61,32,Female,Female,Yes,Widowed,15.6,Mother,Daughter,Mother-Daughter
67,67,Male,Female,Yes,Married,0.7,Husband,Wife,Husband-Wife
35,10,Female,Female,Yes,Single,13.2,Mother,Daughter,Mother-Daughter
67,77,Male,Female,Yes,Married,4.8,Husband,Wife,Husband-Wife
8,8,Male,Male,Yes,Single,8.7,Brother,Brother,Brother-Brother
70,3,Male,Female,Yes,Single,12.7,Father,Daughter,Father-Daughter
44,1,Male,Male,Yes,Married,7.2,Father,Son,Father-Son
58,68,Male,Male,Yes,Single,11.5,Brother,Brother,Brother-Brother
29,29,Male,Female,Yes,Single,17.6,Brother,Sister,Brother-Sister
58,52,Male,Male,Yes,Single,12.1,Brother,Brother,Brother-Brother
64,2,Female,Female,Yes,Single,16.8,Grandmother,Granddaughter,Grandmother-Granddaughter
77,28,Female,Male,Yes,Widowed,1.5,Grandmother,Grandson,Grandmother-Grandson
90,19,Female,Female,Yes,Widowed,28.2,Grandmother,Granddaughter,Grandmother-Granddaughter
37,26,Male,Female,Yes,Married,1.5,Husband,Wife,Husband-Wife
83,48,Male,Female,Yes,Single,28.3,Grandfather,Granddaughter,Grandfather-Granddaughter
81,11,Female,Male,Yes,Married,17.9,Grandmother,Grandson,Grandmother-Grandson
75,3,Male,Female,Yes,Divorced,20.2,Grandfather,Granddaughter,Grandfather-Granddaughter
88,45,Female,Female,Yes,Married,3.6,Grandmother,Granddaughter,Grandmother-Granddaughter
64,27,Female,Male,Yes,Divorced,1.3,Grandmother,Grandson,Grandmother-Grandson
79,11,Male,Female,Yes,Divorced,19.0,Grandfather,Granddaughter,Grandfather-Granddaughter
35,16,Female,Female,Yes,Divorced,25.8,Mother,Daughter,Mother-Daughter
88,46,Male,Female,Yes,Widowed,24.4,Grandfather,Granddaughter,Grandfather-Granddaughter
40,9,Female,Female,Yes,Single,29.9,Mother,Daughter,Mother-Daughter
75,2,Male,Female,Yes,Widowed,6.6,Grandfather,Granddaughter,Grandfather-Granddaughter
42,32,Male,Female,Yes,Married,8.1,Husband,Wife,Husband-Wife
53,18,Male,Female,Yes,Married,26.2,Father,Daughter,Father-Daughter
79,1,Male,Female,Yes,Widowed,11.8,Grandfather,Granddaughter,Grandfather-Granddaughter
49,24,Female,Male,Yes,Married,4.0,Mother,Son,Mother-Son
56,35,Female,Female,Yes,Widowed,20.5,Mother,Daughter,Mother-Daughter
56,10,Female,Female,Yes,Married,26.5,Grandmother,Granddaughter,Grandmother-Granddaughter
57,1,Male,Female,Yes,Married,27.2,Grandfather,Granddaughter,Grandfather-Granddaughter
74,8,Male,Male,Yes,Divorced,2.5,Grandfather,Grandson,Grandfather-Grandson
63,0,Male,Male,Yes,Divorced,1.2,Father,Son,Father-Son
20,18,Female,Female,Yes,Single,11.5,Sister,Sister,Sister-Sister
66,31,Male,Male,Yes,Single,4.2,Grandfather,Grandson,Grandfather-Grandson
34,14,Male,Female,Yes,Married,7.0,Father,Daughter,Father-Daughter
58,5,Male,Female,Yes,Single,22.6,Grandfather,Granddaughter,Grandfather-Granddaughter
57,58,Male,Female,Yes,Married,16.5,Husband,Wife,Husband-Wife
67,25,Female,Female,Yes,Divorced,8.0,Grandmother,Granddaughter,Grandmother-Granddaughter
13,22,Male,Female,Yes,Single,12.3,Brother,Sister,Brother-Sister
69,29,Female,Female,Yes,Widowed,1.8,Grandmother,Granddaughter,Grandmother-Granddaughter
51,3,Male,Female,Yes,Divorced,4.2,Grandfather,Granddaughter,Grandfather-Granddaughter
59,36,Male,Female,No,Single,24.6,Roommate,Roommate,Unrelated
67,49,Male,Female,Yes,Widowed,15.4,Father,Daughter,Father-Daughter
45,11,Female,Male,Yes,Divorced,2.9,Mother,Son,Mother-Son
43,31,Male,Female,Yes,Married,20.4,Husband,Wife,Husband-Wife
87,13,Female,Female,Yes,Widowed,4.1,Grandmother,Granddaughter,Grandmother-Granddaughter
63,0,Female,Male,Yes,Married,4.1,Grandmother,Grandson,Grandmother-Grandson
68,65,Male,Female,Yes,Married,25.7,Husband,Wife,Husband-Wife
64,56,Male,Female,Yes,Married,23.5,Husband,Wife,Husband-Wife
61,6,Male,Female,Yes,Divorced,18.3,Grandfather,Granddaughter,Grandfather-Granddaughter
73,16,Female,Male,Yes,Divorced,11.5,Grandmother,Grandson,Grandmother-Grandson
56,33,Female,Female,Yes,Divorced,21.3,Mother,Daughter,Mother-Daughter
83,8,Female,Female,Yes,Widowed,27.6,Grandmother,Granddaughter,Grandmother-Granddaughter
33,66,Male,Male,No,Single,8.3,Roommate,Roommate,Unrelated
56,16,Male,Male,Yes,Married,2.7,Grandfather,Grandson,Grandfather-Grandson
59,24,Female,Male,Yes,Married,2.5,Grandmother,Grandson,Grandmother-Grandson
65,77,Male,Female,Yes,Married,16.1,Husband,Wife,Husband-Wife
51,2,Female,Female,Yes,Divorced,5.7,Grandmother,Granddaughter,Grandmother-Granddaughter
60,2,Female,Male,Yes,Divorced,1.3,Grandmother,Grandson,Grandmother-Grandson
51,3,Female,Female,Yes,Married,4.2,Grandmother,Granddaughter,Grandmother-Granddaughter
68,0,Female,Female,Yes,Widowed,29.8,Grandmother,Granddaughter,Grandmother-Granddaughter
64,21,Male,Female,Yes,Widowed,3.4,Grandfather,Granddaughter,Grandfather-Granddaughter
5,8,Male,Female,Yes,Single,24.3,Brother,Sister,Brother-Sister
28,30,Male,Male,Yes,Single,15.9,Brother,Brother,Brother-Brother
39,49,Male,Male,No,Single,23.4,Roommate,Roommate,Unrelated
36,52,Female,Female,No,Single,20.0,Roommate,Roommate,Unrelated
33,25,Male,Female,Yes,Married,6.7,Husband,Wife,Husband-Wife
54,61,Male,Female,Yes,Single,18.3,Brother,Sister,Brother-Sister
30,35,Male,Male,Yes,Single,24.2,Brother,Brother,Brother-Brother
20,16,Male,Male,Yes,Single,7.1,Brother,Brother,Brother-Brother
60,35,Female,Male,Yes,Married,1.7,Mother,Son,Mother-Son
60,55,Male,Female,Yes,Married,8.1,Husband,Wife,Husband-Wife
48,3,Male,Male,Yes,Divorced,10.7,Father,Son,Father-Son
29,5,Female,Female,Yes,Single,9.4,Mother,Daughter,Mother-Daughter
25,34,Male,Female,Yes,Single,10.0,Brother,Sister,Brother-Sister
43,13,Male,Male,Yes,Single,21.3,Father,Son,Father-Son
57,21,Male,Female,Yes,Single,20.3,Grandfather,Granddaughter,Grandfather-Granddaughter
55,40,Male,Female,No,Single,29.9,Roommate,Roommate,Unrelated
64,8,Female,Male,Yes,Married,23.8,Grandmother,Grandson,Grandmother-Grandson
47,21,Male,Male,Yes,Married,11.4,Father,Son,Father-Son
67,4,Male,Female,Yes,Widowed,14.8,Grandfather,Granddaughter,Grandfather-Granddaughter
64,71,Male,Female,Yes,Married,22.3,Husband,Wife,Husband-Wife
16,17,Male,Female,Yes,Single,23.6,Brother,Sister,Brother-Sister
73,19,Female,Male,Yes,Married,27.1,Grandmother,Grandson,Grandmother-Grandson
66,25,Female,Male,Yes,Widowed,6.4,Grandmother,Grandson,Grandmother-Grandson
32,13,Male,Male,Yes,Married,26.9,Father,Son,Father-Son
35,11,Male,Female,Yes,Divorced,20.3,Father,Daughter,Father-Daughter
44,15,Male,Male,Yes,Single,29.7,Father,Son,Father-Son
54,49,Male,Female,Yes,Single,28.5,Brother,Sister,Brother-Sister
58,19,Male,Female,Yes,Divorced,29.5,Grandfather,Granddaughter,Grandfather-Granddaughter
43,54,Male,Female,No,Single,14.3,Roommate,Roommate,Unrelated
49,12,Female,Male,Yes,Widowed,23.1,Mother,Son,Mother-Son
34,60,Male,Male,No,Single,2.2,Roommate,Roommate,Unrelated
33,5,Female,Male,Yes,Married,2.3,Mother,Son,Mother-Son
59,7,Female,Female,Yes,Single,13.4,Grandmother,Granddaughter,Grandmother-Granddaughter
17,15,Female,Female,Yes,Single,13.0,Sister,Sister,Sister-Sister
59,53,Male,Female,Yes,Married,12.5,Husband,Wife,Husband-Wife
62,1,Female,Female,Yes,Widowed,17.5,Mother,Daughter,Mother-Daughter
55,12,Female,Female,Yes,Divorced,9.5,Grandmother,Granddaughter,Grandmother-Granddaughter
53,14,Male,Male,Yes,Divorced,8.2,Grandfather,Grandson,Grandfather-Grandson
69,64,Male,Female,Yes,Married,15.0,Husband,Wife,Husband-Wife
31,23,Female,Female,Yes,Single,6.8,Roommate,Roommate,Unrelated
42,23,Male,Male,Yes,Divorced,15.0,Father,Son,Father-Son
44,22,Female,Female,Yes,Divorced,29.6,Mother,Daughter,Mother-Daughter
48,27,Female,Male,Yes,Widowed,10.0,Mother,Son,Mother-Son
50,37,Male,Female,No,Single,18.2,Roommate,Roommate,Unrelated
62,8,Female,Male,Yes,Married,23.8,Grandmother,Grandson,Grandmother-Grandson
28,23,Male,Female,Yes,Married,18.1,Husband,Wife,Husband-Wife
60,55,Male,Female,Yes,Single,12.6,Brother,Sister,Brother-Sister
82,9,Female,Male,Yes,Single,19.3,Grandmother,Grandson,Grandmother-Grandson
58,65,Male,Male,Yes,Single,27.9,Brother,Brother,Brother-Brother
32,8,Female,Female,Yes,Divorced,15.9,Mother,Daughter,Mother-Daughter
62,35,Female,Female,Yes,Widowed,7.6,Mother,Daughter,Mother-Daughter
38,5,Male,Female,Yes,Married,3.5,Father,Daughter,Father-Daughter
84,38,Female,Male,Yes,Single,27.7,Grandmother,Grandson,Grandmother-Grandson
62,6,Female,Female,Yes,Single,13.5,Mother,Daughter,Mother-Daughter
43,4,Female,Female,Yes,Married,20.0,Mother,Daughter,Mother-Daughter
59,17,Male,Female,Yes,Married,28.3,Father,Daughter,Father-Daughter
34,43,Female,Female,Yes,Single,29.6,Sister,Sister,Sister-Sister
31,29,Female,Female,Yes,Single,2.9,Sister,Sister,Sister-Sister
49,0,Female,Male,Yes,Divorced,22.3,Mother,Son,Mother-Son
39,34,Male,Female,Yes,Single,1.1,Brother,Sister,Brother-Sister
58,5,Male,Female,Yes,Married,4.1,Grandfather,Granddaughter,Grandfather-Granddaughter
52,7,Male,Male,Yes,Divorced,13.5,Grandfather,Grandson,Grandfather-Grandson
21,31,Male,Female,Yes,Single,23.9,Brother,Sister,Brother-Sister
87,23,Female,Male,Yes,Divorced,12.2,Grandmother,Grandson,Grandmother-Grandson
28,8,Male,Male,Yes,Widowed,2.0,Father,Son,Father-Son
56,7,Male,Male,Yes,Divorced,1.6,Father,Son,Father-Son
77,8,Female,Male,Yes,Married,1.6,Grandmother,Grandson,Grandmother-Grandson
69,51,Female,Female,No,Single,8.0,Roommate,Roommate,Unrelated
46,24,Male,Male,Yes,Widowed,16.6,Father,Son,Father-Son
5,4,Female,Female,Yes,Single,11.4,Sister,Sister,Sister-Sister
37,37,Male,Female,Yes,Single,10.8,Roommate,Roommate,Unrelated
55,17,Female,Male,Yes,Widowed,22.9,Grandmother,Grandson,Grandmother-Grandson
50,62,Male,Male,No,Single,14.9,Roommate,Roommate,Unrelated
33,30,Female,Female,Yes,Single,0.5,Sister,Sister,Sister-Sister
51,2,Male,Female,Yes,Divorced,28.9,Grandfather,Granddaughter,Grandfather-Granddaughter
73,16,Male,Male,Yes,Married,3.8,Grandfather,Grandson,Grandfather-Grandson
58,55,Male,Female,Yes,Single,12.3,Brother,Sister,Brother-Sister
88,9,Male,Female,Yes,Married,16.9,Grandfather,Granddaughter,Grandfather-Granddaughter
49,17,Male,Male,Yes,Divorced,8.8,Father,Son,Father-Son
35,52,Female,Female,No,Single,11.6,Roommate,Roommate,Unrelated
55,9,Male,Female,Yes,Single,26.4,Grandfather,Granddaughter,Grandfather-Granddaughter
50,0,Female,Male,Yes,Divorced,23.0,Grandmother,Grandson,Grandmother-Grandson
20,21,Male,Male,Yes,Single,17.8,Brother,Brother,Brother-Brother
48,20,Male,Male,Yes,Married,15.6,Father,Son,Father-Son
70,30,Male,Male,Yes,Divorced,24.0,Grandfather,Grandson,Grandfather-Grandson
27,7,Female,Female,Yes,Divorced,11.9,Mother,Daughter,Mother-Daughter
44,26,Female,Female,Yes,Married,9.2,Mother,Daughter,Mother-Daughter
60,0,Female,Female,Yes,Married,15.0,Grandmother,Granddaughter,Grandmother-Granddaughter
45,21,Male,Female,No,Single,22.6,Roommate,Roommate,Unrelated
65,25,Female,Female,Yes,Divorced,0.6,Grandmother,Granddaughter,Grandmother-Granddaughter
21,13,Male,Female,Yes,Single,17.8,Brother,Sister,Brother-Sister
16,22,Male,Female,Yes,Single,1.7,Brother,Sister,Brother-Sister
60,5,Female,Female,Yes,Single,0.9,Mother,Daughter,Mother-Daughter
75,12,Female,Male,Yes,Widowed,15.5,Grandmother,Grandson,Grandmother-Grandson
39,44,Male,Male,No,Single,23.9,Roommate,Roommate,Unrelated
56,19,Male,Female,Yes,Widowed,3.5,Grandfather,Granddaughter,Grandfather-Granddaughter
69,17,Female,Female,Yes,Divorced,27.4,Grandmother,Granddaughter,Grandmother-Granddaughter
76,30,Female,Female,Yes,Single,28.0,Grandmother,Granddaughter,Grandmother-Granddaughter
34,9,Female,Male,Yes,Divorced,26.7,Mother,Son,Mother-Son
58,16,Male,Female,Yes,Married,26.9,Grandfather,Granddaughter,Grandfather-Granddaughter
24,28,Male,Female,Yes,Single,19.9,Brother,Sister,Brother-Sister
53,6,Female,Male,Yes,Divorced,18.7,Grandmother,Grandson,Grandmother-Grandson
33,9,Female,Female,Yes,Widowed,26.2,Mother,Daughter,Mother-Daughter
44,68,Male,Male,No,Single,4.2,Roommate,Roommate,Unrelated
55,56,Male,Male,Yes,Single,18.9,Brother,Brother,Brother-Brother
71,2,Female,Female,Yes,Divorced,28.3,Grandmother,Granddaughter,Grandmother-Granddaughter
58,31,Female,Male,Yes,Married,10.8,Mother,Son,Mother-Son
57,34,Male,Male,Yes,Married,24.4,Father,Son,Father-Son
80,35,Female,Female,Yes,Widowed,28.4,Grandmother,Granddaughter,Grandmother-Granddaughter
31,31,Female,Female,Yes,Single,8.6,Sister,Sister,Sister-Sister
41,50,Male,Female,Yes,Married,2.3,Husband,Wife,Husband-Wife
54,12,Male,Male,Yes,Widowed,0.7,Father,Son,Father-Son
84,29,Female,Male,Yes,Divorced,14.2,Grandmother,Grandson,Grandmother-Grandson
57,59,Female,Female,Yes,Single,17.5,Sister,Sister,Sister-Sister
60,1,Male,Male,Yes,Single,23.9,Grandfather,Grandson,Grandfather-Grandson
33,5,Male,Female,Yes,Single,16.8,Father,Daughter,Father-Daughter
38,6,Male,Female,Yes,Married,23.4,Father,Daughter,Father-Daughter
52,7,Female,Male,Yes,Divorced,5.9,Grandmother,Grandson,Grandmother-Grandson
47,2,Female,Female,Yes,Widowed,0.8,Mother,Daughter,Mother-Daughter
86,0,Male,Male,Yes,Divorced,11.3,Grandfather,Grandson,Grandfather-Grandson
59,22,Male,Male,Yes,Married,11.0,Grandfather,Grandson,Grandfather-Grandson
27,26,Male,Female,Yes,Single,17.4,Brother,Sister,Brother-Sister
47,9,Male,Female,Yes,Single,22.0,Father,Daughter,Father-Daughter
49,39,Female,Male,No,Single,12.2,Roommate,Roommate,Unrelated
65,1,Female,Female,Yes,Widowed,7.1,Grandmother,Granddaughter,Grandmother-Granddaughter
49,61,Male,Female,No,Single,24.2,Roommate,Roommate,Unrelated
52,11,Male,Male,Yes,Divorced,10.0,Grandfather,Grandson,Grandfather-Grandson
62,15,Male,Female,Yes,Married,2.2,Father,Daughter,Father-Daughter
69,15,Male,Female,Yes,Widowed,22.3,Grandfather,Granddaughter,Grandfather-Granddaughter
74,18,Male,Female,Yes,Divorced,5.1,Grandfather,Granddaughter,Grandfather-Granddaughter
47,27,Male,Female,Yes,Married,13.3,Father,Daughter,Father-Daughter
60,28,Female,Female,Yes,Widowed,6.2,Mother,Daughter,Mother-Daughter
61,26,Male,Male,Yes,Widowed,21.5,Father,Son,Father-Son
67,37,Male,Female,Yes,Single,18.7,Father,Daughter,Father-Daughter
49,48,Male,Male,Yes,Single,20.7,Brother,Brother,Brother-Brother
34,7,Male,Male,Yes,Widowed,13.9,Father,Son,Father-Son
33,6,Female,Female,Yes,Married,5.8,Mother,Daughter,Mother-Daughter
57,61,Female,Female,Yes,Single,5.4,Sister,Sister,Sister-Sister
83,28,Female,Female,Yes,Divorced,12.0,Grandmother,Granddaughter,Grandmother-Granddaughter
65,29,Male,Female,Yes,Divorced,1.6,Grandfather,Granddaughter,Grandfather-Granddaughter
59,58,Male,Male,Yes,Single,16.3,Brother,Brother,Brother-Brother
52,16,Male,Female,Yes,Widowed,3.7,Grandfather,Granddaughter,Grandfather-Granddaughter
43,45,Male,Male,Yes,Single,7.5,Brother,Brother,Brother-Brother
84,25,Male,Male,Yes,Divorced,4.4,Grandfather,Grandson,Grandfather-Grandson
88,7,Male,Male,Yes,Married,13.1,Grandfather,Grandson,Grandfather-Grandson
19,21,Male,Male,No,Single,1.6,Roommate,Roommate,Unrelated
54,21,Male,Female,Yes,Divorced,16.0,Father,Daughter,Father-Daughter
13,18,Male,Male,Yes,Single,26.8,Brother,Brother,Brother-Brother
35,0,Male,Female,Yes,Married,1.7,Father,Daughter,Father-Daughter
21,15,Female,Female,Yes,Single,28.1,Sister,Sister,Sister-Sister
69,16,Female,Male,Yes,Widowed,15.8,Grandmother,Grandson,Grandmother-Grandson
51,58,Male,Female,Yes,Married,3.7,Husband,Wife,Husband-Wife
62,8,Female,Female,Yes,Widowed,5.5,Grandmother,Granddaughter,Grandmother-Granddaughter
46,38,Male,Female,Yes,Single,24.4,Brother,Sister,Brother-Sister
5,7,Male,Male,Yes,Single,3.5,Brother,Brother,Brother-Brother
80,33,Male,Male,Yes,Single,28.8,Grandfather,Grandson,Grandfather-Grandson
45,20,Male,Female,Yes,Divorced,1.4,Father,Daughter,Father-Daughter
63,2,Male,Female,Yes,Widowed,15.4,Grandfather,Granddaughter,Grandfather-Granddaughter
81,37,Male,Male,Yes,Single,6.6,Grandfather,Grandson,Grandfather-Grandson
28,39,Male,Female,Yes,Married,10.3,Husband,Wife,Husband-Wife
43,52,Female,Female,Yes,Single,5.9,Sister,Sister,Sister-Sister
53,18,Female,Male,Yes,Married,2.6,Mother,Son,Mother-Son
44,37,Female,Female,Yes,Single,21.7,Sister,Sister,Sister-Sister
75,20,Female,Male,Yes,Single,4.2,Grandmother,Grandson,Grandmother-Grandson
9,5,Female,Female,Yes,Single,16.1,Sister,Sister,Sister-Sister
80,8,Male,Male,Yes,Divorced,1.1,Grandfather,Grandson,Grandfather-Grandson
85,22,Female,Male,Yes,Widowed,18.3,Grandmother,Grandson,Grandmother-Grandson
48,0,Female,Female,Yes,Widowed,4.7,Mother,Daughter,Mother-Daughter
53,34,Male,Male,No,Single,16.7,Roommate,Roommate,Unrelated
39,33,Male,Male,Yes,Single,1.4,Brother,Brother,Brother-Brother
83,36,Male,Female,Yes,Single,27.9,Grandfather,Granddaughter,Grandfather-Granddaughter
45,20,Male,Female,Yes,Married,3.1,Father,Daughter,Father-Daughter
52,1,Female,Female,Yes,Divorced,16.8,Grandmother,Granddaughter,Grandmother-Granddaughter
35,37,Male,Female,Yes,Single,29.4,Brother,Sister,Brother-Sister
48,25,Female,Male,Yes,Widowed,22.1,Mother,Son,Mother-Son
72,0,Male,Male,Yes,Widowed,24.3,Grandfather,Grandson,Grandfather-Grandson
23,48,Female,Female,No,Single,11.5,Roommate,Roommate,Unrelated
87,4,Female,Female,Yes,Divorced,10.5,Grandmother,Granddaughter,Grandmother-Granddaughter
64,8,Female,Female,Yes,Married,10.2,Grandmother,Granddaughter,Grandmother-Granddaughter
73,17,Male,Male,Yes,Divorced,15.0,Grandfather,Grandson,Grandfather-Grandson
60,23,Female,Female,Yes,Divorced,10.7,Grandmother,Granddaughter,Grandmother-Granddaughter
67,25,Male,Female,Yes,Widowed,3.6,Grandfather,Granddaughter,Grandfather-Granddaughter
36,10,Male,Female,Yes,Single,12.0,Father,Daughter,Father-Daughter
59,61,Male,Female,Yes,Married,29.4,Husband,Wife,Husband-Wife
57,50,Female,Female,Yes,Single,24.1,Sister,Sister,Sister-Sister
50,32,Male,Male,Yes,Divorced,28.9,Father,Son,Father-Son
74,3,Female,Female,Yes,Widowed,9.8,Grandmother,Granddaughter,Grandmother-Granddaughter
80,12,Male,Female,Yes,Married,9.9,Grandfather,Granddaughter,Grandfather-Granddaughter
78,5,Male,Male,Yes,Single,29.0,Grandfather,Grandson,Grandfather-Grandson
60,70,Female,Female,Yes,Single,27.3,Sister,Sister,Sister-Sister
42,42,Male,Female,Yes,Single,16.6,Brother,Sister,Brother-Sister
65,13,Male,Male,Yes,Married,12.0,Father,Son,Father-Son
75,17,Female,Male,Yes,Married,1.0,Grandmother,Grandson,Grandmother-Grandson
77,4,Female,Male,Yes,Divorced,8.1,Grandmother,Grandson,Grandmother-Grandson
61,2,Female,Female,Yes,Married,24.1,Grandmother,Granddaughter,Grandmother-Granddaughter
60,18,Female,Male,Yes,Single,3.4,Grandmother,Grandson,Grandmother-Grandson
16,26,Male,Female,Yes,Single,4.2,Brother,Sister,Brother-Sister
19,15,Female,Female,Yes,Single,21.1,Sister,Sister,Sister-Sister
50,22,Male,Male,Yes,Single,29.1,Father,Son,Father-Son
17,11,Female,Female,Yes,Single,14.8,Sister,Sister,Sister-Sister
37,18,Male,Female,Yes,Single,3.7,Father,Daughter,Father-Daughter
46,20,Female,Female,Yes,Divorced,17.7,Mother,Daughter,Mother-Daughter
53,10,Male,Male,Yes,Married,24.8,Grandfather,Grandson,Grandfather-Grandson
82,17,Male,Male,Yes,Divorced,23.5,Grandfather,Grandson,Grandfather-Grandson
53,33,Female,Female,Yes,Divorced,25.9,Mother,Daughter,Mother-Daughter
69,12,Male,Female,Yes,Married,2.4,Grandfather,Granddaughter,Grandfather-Granddaughter
58,22,Male,Female,Yes,Divorced,7.9,Grandfather,Granddaughter,Grandfather-Granddaughter
58,12,Female,Female,Yes,Married,27.6,Grandmother,Granddaughter,Grandmother-Granddaughter
50,8,Male,Female,Yes,Divorced,29.1,Father,Daughter,Father-Daughter
35,53,Female,Female,No,Single,29.8,Roommate,Roommate,Unrelated
54,23,Female,Female,Yes,Single,14.6,Mother,Daughter,Mother-Daughter
70,5,Female,Female,Yes,Single,24.4,Grandmother,Granddaughter,Grandmother-Granddaughter
82,44,Female,Female,Yes,Widowed,15.4,Grandmother,Granddaughter,Grandmother-Granddaughter
57,4,Male,Female,Yes,Widowed,1.9,Grandfather,Granddaughter,Grandfather-Granddaughter
25,21,Male,Male,Yes,Single,2.3,Brother,Brother,Brother-Brother
53,19,Female,Female,Yes,Single,24.3,Mother,Daughter,Mother-Daughter
33,6,Male,Male,Yes,Single,3.8,Father,Son,Father-Son
81,45,Female,Male,Yes,Widowed,11.3,Grandmother,Grandson,Grandmother-Grandson
41,22,Male,Female,Yes,Widowed,27.3,Father,Daughter,Father-Daughter
5,0,Male,Male,Yes,Single,21.3,Brother,Brother,Brother-Brother
39,29,Female,Male,No,Single,28.0,Roommate,Roommate,Unrelated
39,19,Male,Female,Yes,Widowed,29.1,Father,Daughter,Father-Daughter
69,8,Male,Female,Yes,Divorced,6.0,Father,Daughter,Father-Daughter
82,45,Female,Male,Yes,Single,3.1,Grandmother,Grandson,Grandmother-Grandson
29,21,Male,Male,Yes,Single,15.4,Brother,Brother,Brother-Brother
33,23,Male,Female,Yes,Single,18.2,Brother,Sister,Brother-Sister
55,23,Female,Male,Yes,Single,28.0,Mother,Son,Mother-Son
49,48,Male,Male,Yes,Single,5.2,Brother,Brother,Brother-Brother
28,38,Male,Female,No,Single,7.4,Roommate,Roommate,Unrelated
50,22,Male,Male,Yes,Married,28.5,Father,Son,Father-Son
53,45,Male,Male,Yes,Single,15.8,Brother,Brother,Brother-Brother
22,22,Male,Male,Yes,Single,25.3,Brother,Brother,Brother-Brother
56,10,Female,Female,Yes,Single,13.3,Grandmother,Granddaughter,Grandmother-Granddaughter
8,0,Female,Female,Yes,Single,26.2,Sister,Sister,Sister-Sister
55,15,Female,Male,Yes,Divorced,4.0,Grandmother,Grandson,Grandmother-Grandson
25,34,Male,Female,Yes,Married,27.5,Husband,Wife,Husband-Wife
69,36,Male,Female,No,Single,6.4,Roommate,Roommate,Unrelated
81,26,Female,Male,Yes,Divorced,11.5,Grandmother,Grandson,Grandmother-Grandson
31,11,Male,Male,Yes,Widowed,4.5,Father,Son,Father-Son
41,51,Female,Female,Yes,Single,3.6,Sister,Sister,Sister-Sister
90,40,Female,Female,Yes,Widowed,23.5,Grandmother,Granddaughter,Grandmother-Granddaughter
22,32,Male,Male,Yes,Single,26.4,Brother,Brother,Brother-Brother
52,4,Female,Male,Yes,Married,0.5,Grandmother,Grandson,Grandmother-Grandson
45,55,Female,Male,No,Single,15.3,Roommate,Roommate,Unrelated
74,11,Female,Female,Yes,Divorced,10.8,Grandmother,Granddaughter,Grandmother-Granddaughter
59,63,Female,Female,Yes,Single,16.6,Sister,Sister,Sister-Sister
56,65,Male,Female,Yes,Single,26.3,Brother,Sister,Brother-Sister
55,6,Male,Female,Yes,Married,20.8,Father,Daughter,Father-Daughter
54,60,Male,Female,No,Single,27.5,Roommate,Roommate,Unrelated
75,23,Female,Female,Yes,Divorced,22.7,Grandmother,Granddaughter,Grandmother-Granddaughter
80,28,Female,Male,Yes,Single,1.4,Grandmother,Grandson,Grandmother-Grandson
55,4,Male,Male,Yes,Married,20.1,Grandfather,Grandson,Grandfather-Grandson
21,18,Male,Female,Yes,Married,1.1,Husband,Wife,Husband-Wife
55,57,Female,Female,Yes,Single,1.6,Sister,Sister,Sister-Sister
28,0,Male,Female,Yes,Single,22.6,Father,Daughter,Father-Daughter
90,11,Female,Female,Yes,Married,6.5,Grandmother,Granddaughter,Grandmother-Granddaughter
89,16,Male,Female,Yes,Married,2.2,Grandfather,Granddaughter,Grandfather-Granddaughter
88,3,Male,Male,Yes,Married,0.9,Grandfather,Grandson,Grandfather-Grandson
83,21,Female,Male,Yes,Single,4.4,Grandmother,Grandson,Grandmother-Grandson
64,3,Male,Female,Yes,Widowed,14.5,Grandfather,Granddaughter,Grandfather-Granddaughter
57,60,Male,Female,Yes,Single,27.3,Brother,Sister,Brother-Sister
33,5,Male,Female,Yes,Married,25.7,Father,Daughter,Father-Daughter
56,34,Female,Male,Yes,Widowed,1.3,Mother,Son,Mother-Son
38,46,Male,Female,Yes,Married,13.2,Husband,Wife,Husband-Wife
50,6,Male,Male,Yes,Single,25.1,Grandfather,Grandson,Grandfather-Grandson
64,18,Male,Male,Yes,Divorced,26.1,Grandfather,Grandson,Grandfather-Grandson
57,13,Male,Female,Yes,Divorced,29.7,Grandfather,Granddaughter,Grandfather-Granddaughter
25,26,Male,Male,Yes,Single,19.1,Brother,Brother,Brother-Brother
56,10,Male,Male,Yes,Single,17.1,Grandfather,Grandson,Grandfather-Grandson
86,28,Male,Male,Yes,Married,3.0,Grandfather,Grandson,Grandfather-Grandson
68,26,Male,Female,Yes,Married,1.7,Grandfather,Granddaughter,Grandfather-Granddaughter
79,41,Female,Female,Yes,Married,12.5,Grandmother,Granddaughter,Grandmother-Granddaughter
61,14,Male,Female,Yes,Divorced,15.6,Grandfather,Granddaughter,Grandfather-Granddaughter
86,16,Female,Female,Yes,Widowed,12.4,Grandmother,Granddaughter,Grandmother-Granddaughter
54,17,Female,Female,Yes,Widowed,5.7,Grandmother,Granddaughter,Grandmother-Granddaughter
30,8,Male,Female,Yes,Widowed,6.0,Father,Daughter,Father-Daughter
50,11,Female,Male,Yes,Married,6.3,Mother,Son,Mother-Son
32,13,Female,Female,Yes,Married,11.3,Mother,Daughter,Mother-Daughter
6,6,Male,Female,Yes,Single,29.0,Brother,Sister,Brother-Sister
44,14,Male,Female,Yes,Single,12.6,Father,Daughter,Father-Daughter
57,10,Male,Female,Yes,Divorced,6.2,Grandfather,Granddaughter,Grandfather-Granddaughter
46,43,Female,Female,Yes,Single,16.4,Sister,Sister,Sister-Sister
33,30,Male,Female,Yes,Single,27.3,Brother,Sister,Brother-Sister
44,6,Male,Female,Yes,Single,14.7,Father,Daughter,Father-Daughter
60,21,Male,Male,Yes,Married,5.1,Grandfather,Grandson,Grandfather-Grandson
55,7,Male,Male,Yes,Married,10.5,Father,Son,Father-Son
55,11,Male,Female,Yes,Widowed,17.2,Father,Daughter,Father-Daughter
57,56,Male,Female,Yes,Single,4.5,Brother,Sister,Brother-Sister
45,12,Female,Male,Yes,Widowed,2.8,Mother,Son,Mother-Son
26,32,Male,Male,No,Single,10.4,Roommate,Roommate,Unrelated
57,3,Male,Female,Yes,Single,14.7,Father,Daughter,Father-Daughter
48,21,Male,Male,Yes,Single,22.6,Father,Son,Father-Son
76,12,Female,Female,Yes,Married,20.8,Grandmother,Granddaughter,Grandmother-Granddaughter
51,27,Female,Male,Yes,Married,23.2,Mother,Son,Mother-Son
58,31,Male,Female,Yes,Married,7.5,Father,Daughter,Father-Daughter
56,24,Female,Male,Yes,Married,1.7,Mother,Son,Mother-Son
35,44,Male,Male,Yes,Single,23.4,Brother,Brother,Brother-Brother
45,56,Male,Female,Yes,Married,19.9,Husband,Wife,Husband-Wife
53,69,Female,Male,No,Single,10.9,Roommate,Roommate,Unrelated
29,22,Male,Female,Yes,Married,16.3,Husband,Wife,Husband-Wife
52,48,Male,Male,Yes,Single,24.5,Brother,Brother,Brother-Brother
60,70,Male,Male,Yes,Single,28.6,Brother,Brother,Brother-Brother
66,75,Male,Female,Yes,Married,26.3,Husband,Wife,Husband-Wife
52,11,Male,Female,Yes,Widowed,5.0,Grandfather,Granddaughter,Grandfather-Granddaughter
65,47,Male,Male,Yes,Single,28.5,Father,Son,Father-Son
81,35,Male,Male,Yes,Single,7.9,Grandfather,Grandson,Grandfather-Grandson
69,2,Male,Female,Yes,Divorced,27.3,Grandfather,Granddaughter,Grandfather-Granddaughter
73,36,Female,Female,Yes,Married,12.4,Grandmother,Granddaughter,Grandmother-Granddaughter
77,17,Male,Male,Yes,Single,8.0,Grandfather,Grandson,Grandfather-Grandson
73,32,Female,Female,Yes,Divorced,14.6,Grandmother,Granddaughter,Grandmother-Granddaughter
23,24,Male,Female,Yes,Married,10.4,Husband,Wife,Husband-Wife
23,24,Male,Female,Yes,Married,4.3,Husband,Wife,Husband-Wife
47,18,Male,Male,Yes,Widowed,9.2,Father,Son,Father-Son
47,12,Male,Male,Yes,Single,7.9,Father,Son,Father-Son
8,17,Male,Male,Yes,Single,26.5,Brother,Brother,Brother-Brother
36,43,Male,Male,Yes,Single,13.9,Brother,Brother,Brother-Brother
50,9,Male,Male,Yes,Married,21.8,Grandfather,Grandson,Grandfather-Grandson
52,67,Female,Male,No,Single,6.7,Roommate,Roommate,Unrelated
80,34,Male,Female,Yes,Married,20.5,Grandfather,Granddaughter,Grandfather-Granddaughter
36,64,Female,Male,No,Single,1.0,Roommate,Roommate,Unrelated
69,79,Male,Female,Yes,Married,24.9,Husband,Wife,Husband-Wife
20,27,Male,Female,Yes,Single,7.0,Brother,Sister,Brother-Sister
51,23,Female,Male,Yes,Divorced,26.9,Mother,Son,Mother-Son
52,9,Female,Male,Yes,Single,22.1,Grandmother,Grandson,Grandmother-Grandson
6,16,Male,Male,Yes,Single,5.4,Brother,Brother,Brother-Brother
11,11,Male,Male,Yes,Single,8.0,Brother,Brother,Brother-Brother
83,33,Female,Male,Yes,Divorced,21.0,Grandmother,Grandson,Grandmother-Grandson
62,15,Female,Female,Yes,Single,15.9,Grandmother,Granddaughter,Grandmother-Granddaughter
51,2,Female,Male,Yes,Single,19.2,Mother,Son,Mother-Son
60,55,Male,Female,Yes,Single,8.4,Brother,Sister,Brother-Sister
62,7,Male,Male,Yes,Widowed,6.8,Father,Son,Father-Son
52,2,Female,Female,Yes,Married,22.2,Grandmother,Granddaughter,Grandmother-Granddaughter
35,5,Male,Female,Yes,Married,8.1,Father,Daughter,Father-Daughter
62,38,Female,Female,Yes,Married,1.8,Mother,Daughter,Mother-Daughter
52,48,Female,Female,Yes,Single,26.3,Sister,Sister,Sister-Sister
38,8,Male,Male,Yes,Divorced,2.6,Father,Son,Father-Son
52,11,Female,Female,Yes,Divorced,27.3,Grandmother,Granddaughter,Grandmother-Granddaughter
75,3,Male,Male,Yes,Divorced,4.0,Grandfather,Grandson,Grandfather-Grandson
51,19,Male,Male,Yes,Single,14.3,Father,Son,Father-Son
56,17,Male,Male,Yes,Married,26.9,Grandfather,Grandson,Grandfather-Grandson
8,9,Male,Male,Yes,Single,5.7,Brother,Brother,Brother-Brother
58,3,Female,Male,Yes,Single,1.8,Grandmother,Grandson,Grandmother-Grandson
36,6,Female,Female,Yes,Married,8.6,Mother,Daughter,Mother-Daughter
34,16,Male,Male,Yes,Divorced,26.0,Father,Son,Father-Son
26,21,Male,Male,Yes,Single,29.7,Brother,Brother,Brother-Brother
25,29,Female,Female,Yes,Single,21.9,Sister,Sister,Sister-Sister
70,21,Male,Female,Yes,Married,10.4,Father,Daughter,Father-Daughter
69,71,Male,Female,Yes,Married,17.7,Husband,Wife,Husband-Wife
85,14,Male,Male,Yes,Widowed,17.5,Grandfather,Grandson,Grandfather-Grandson
5,7,Female,Female,Yes,Single,18.1,Sister,Sister,Sister-Sister
42,14,Female,Male,Yes,Widowed,23.5,Mother,Son,Mother-Son
34,23,Female,Female,No,Single,6.8,Roommate,Roommate,Unrelated
64,6,Male,Female,Yes,Single,11.8,Father,Daughter,Father-Daughter
89,2,Male,Male,Yes,Married,25.8,Grandfather,Grandson,Grandfather-Grandson
17,21,Male,Male,Yes,Single,11.5,Brother,Brother,Brother-Brother
44,17,Female,Male,Yes,Single,15.8,Mother,Son,Mother-Son
70,50,Male,Male,No,Single,10.7,Roommate,Roommate,Unrelated
47,9,Male,Male,Yes,Single,7.5,Father,Son,Father-Son
51,12,Male,Female,Yes,Single,11.6,Grandfather,Granddaughter,Grandfather-Granddaughter
57,16,Male,Male,Yes,Divorced,19.9,Father,Son,Father-Son
36,44,Male,Female,Yes,Married,16.8,Husband,Wife,Husband-Wife
53,2,Male,Male,Yes,Single,19.5,Grandfather,Grandson,Grandfather-Grandson
63,42,Female,Female,Yes,Married,10.1,Mother,Daughter,Mother-Daughter
43,36,Female,Female,Yes,Single,21.3,Sister,Sister,Sister-Sister
43,4,Male,Male,Yes,Widowed,29.6,Father,Son,Father-Son
85,35,Male,Female,Yes,Divorced,7.8,Grandfather,Granddaughter,Grandfather-Granddaughter
38,34,Male,Male,Yes,Single,13.4,Brother,Brother,Brother-Brother
90,12,Female,Male,Yes,Divorced,21.4,Grandmother,Grandson,Grandmother-Grandson
68,28,Male,Male,Yes,Widowed,15.7,Father,Son,Father-Son
7,1,Female,Female,Yes,Single,3.7,Sister,Sister,Sister-Sister
63,38,Female,Female,Yes,Divorced,27.1,Mother,Daughter,Mother-Daughter
26,5,Female,Male,Yes,Married,14.7,Mother,Son,Mother-Son
55,27,Male,Male,No,Single,20.4,Roommate,Roommate,Unrelated
17,11,Male,Male,Yes,Single,18.9,Brother,Brother,Brother-Brother
37,41,Male,Male,Yes,Single,9.1,Brother,Brother,Brother-Brother
66,41,Male,Female,Yes,Widowed,12.1,Father,Daughter,Father-Daughter
39,1,Female,Male,Yes,Divorced,10.9,Mother,Son,Mother-Son
73,35,Male,Female,Yes,Single,15.3,Grandfather,Granddaughter,Grandfather-Granddaughter
28,26,Male,Female,Yes,Single,17.5,Brother,Sister,Brother-Sister
81,15,Female,Male,Yes,Single,10.7,Grandmother,Grandson,Grandmother-Grandson
41,34,Female,Female,Yes,Single,27.8,Sister,Sister,Sister-Sister
62,3,Male,Female,Yes,Divorced,5.2,Grandfather,Granddaughter,Grandfather-Granddaughter
66,3,Male,Male,Yes,Divorced,1.8,Father,Son,Father-Son
50,5,Male,Female,Yes,Single,20.2,Father,Daughter,Father-Daughter
70,17,Male,Male,Yes,Married,4.6,Father,Son,Father-Son
45,9,Male,Female,Yes,Married,3.0,Father,Daughter,Father-Daughter
69,2,Male,Male,Yes,Single,20.1,Father,Son,Father-Son
31,2,Male,Male,Yes,Single,2.2,Father,Son,Father-Son
31,3,Female,Female,Yes,Single,18.3,Mother,Daughter,Mother-Daughter
80,36,Female,Male,Yes,Widowed,19.8,Grandmother,Grandson,Grandmother-Grandson
5,6,Male,Male,Yes,Single,20.2,Brother,Brother,Brother-Brother
36,30,Male,Female,Yes,Single,8.5,Brother,Sister,Brother-Sister
6,0,Female,Female,Yes,Single,0.8,Sister,Sister,Sister-Sister
34,10,Male,Male,Yes,Divorced,16.8,Father,Son,Father-Son
43,50,Male,Male,Yes,Single,8.4,Brother,Brother,Brother-Brother
50,5,Male,Male,Yes,Divorced,27.4,Grandfather,Grandson,Grandfather-Grandson
46,26,Female,Male,Yes,Divorced,14.1,Mother,Son,Mother-Son
63,36,Female,Male,Yes,Divorced,3.2,Mother,Son,Mother-Son
36,17,Male,Male,Yes,Divorced,3.7,Father,Son,Father-Son
53,61,Male,Female,Yes,Married,11.6,Husband,Wife,Husband-Wife
60,25,Female,Female,Yes,Single,27.5,Grandmother,Granddaughter,Grandmother-Granddaughter
32,41,Male,Male,No,Single,2.9,Roommate,Roommate,Unrelated
46,52,Female,Male,No,Single,11.8,Roommate,Roommate,Unrelated
60,16,Male,Male,Yes,Married,7.9,Father,Son,Father-Son
52,30,Female,Female,Yes,Divorced,29.1,Mother,Daughter,Mother-Daughter
46,7,Female,Male,Yes,Married,19.7,Mother,Son,Mother-Son
37,6,Male,Male,Yes,Widowed,14.4,Father,Son,Father-Son
81,29,Male,Female,Yes,Widowed,15.4,Grandfather,Granddaughter,Grandfather-Granddaughter
42,41,Male,Male,Yes,Single,2.6,Brother,Brother,Brother-Brother
64,12,Male,Female,Yes,Single,28.5,Father,Daughter,Father-Daughter
78,29,Female,Male,Yes,Divorced,26.4,Grandmother,Grandson,Grandmother-Grandson
69,20,Male,Male,Yes,Single,28.0,Grandfather,Grandson,Grandfather-Grandson
58,9,Female,Male,Yes,Single,13.3,Mother,Son,Mother-Son
90,39,Male,Male,Yes,Divorced,15.4,Grandfather,Grandson,Grandfather-Grandson
43,7,Male,Male,Yes,Divorced,28.5,Father,Son,Father-Son
63,9,Female,Male,Yes,Divorced,7.7,Grandmother,Grandson,Grandmother-Grandson
70,74,Male,Female,Yes,Married,15.4,Husband,Wife,Husband-Wife
51,31,Female,Female,Yes,Single,27.0,Mother,Daughter,Mother-Daughter
40,42,Female,Male,No,Single,20.5,Roommate,Roommate,Unrelated
51,60,Male,Male,Yes,Single,0.9,Brother,Brother,Brother-Brother
40,58,Female,Male,No,Single,24.5,Roommate,Roommate,Unrelated
10,11,Male,Male,Yes,Single,16.2,Brother,Brother,Brother-Brother
38,19,Male,Male,Yes,Divorced,7.1,Father,Son,Father-Son
30,4,Male,Female,Yes,Widowed,21.7,Father,Daughter,Father-Daughter
14,18,Male,Male,Yes,Single,26.0,Brother,Brother,Brother-Brother
88,44,Female,Female,Yes,Divorced,19.7,Grandmother,Granddaughter,Grandmother-Granddaughter
34,5,Female,Male,Yes,Divorced,3.9,Mother,Son,Mother-Son
34,40,Male,Female,Yes,Married,6.2,Husband,Wife,Husband-Wife
46,36,Male,Female,Yes,Married,6.0,Husband,Wife,Husband-Wife
50,1,Female,Male,Yes,Widowed,16.2,Grandmother,Grandson,Grandmother-Grandson
38,66,Male,Female,No,Single,7.0,Roommate,Roommate,Unrelated
64,14,Female,Male,Yes,Married,8.0,Grandmother,Grandson,Grandmother-Grandson
45,41,Male,Female,Yes,Single,3.3,Brother,Sister,Brother-Sister
38,34,Male,Male,Yes,Single,4.0,Brother,Brother,Brother-Brother
60,25,Male,Male,Yes,Divorced,10.2,Father,Son,Father-Son
70,55,Female,Female,No,Single,26.2,Roommate,Roommate,Unrelated
47,33,Male,Male,No,Single,27.0,Roommate,Roommate,Unrelated
60,31,Male,Male,Yes,Divorced,24.2,Father,Son,Father-Son
74,36,Male,Male,Yes,Married,8.4,Grandfather,Grandson,Grandfather-Grandson
85,13,Female,Female,Yes,Divorced,29.3,Grandmother,Granddaughter,Grandmother-Granddaughter
51,49,Male,Male,Yes,Single,17.3,Roommate,Roommate,Unrelated
59,18,Female,Female,Yes,Single,17.4,Grandmother,Granddaughter,Grandmother-Granddaughter
28,4,Female,Male,Yes,Married,14.9,Mother,Son,Mother-Son
37,10,Female,Male,Yes,Divorced,16.5,Mother,Son,Mother-Son
50,44,Male,Male,Yes,Single,5.4,Brother,Brother,Brother-Brother
41,10,Male,Male,Yes,Married,12.7,Father,Son,Father-Son
83,8,Female,Male,Yes,Divorced,4.6,Grandmother,Grandson,Grandmother-Grandson
39,14,Female,Female,Yes,Married,15.7,Mother,Daughter,Mother-Daughter
19,28,Male,Female,Yes,Single,11.0,Brother,Sister,Brother-Sister
44,44,Male,Female,Yes,Married,4.3,Husband,Wife,Husband-Wife
44,43,Male,Female,Yes,Married,25.0,Husband,Wife,Husband-Wife
66,24,Male,Female,Yes,Divorced,22.3,Father,Daughter,Father-Daughter
51,3,Male,Male,Yes,Single,19.7,Grandfather,Grandson,Grandfather-Grandson
41,46,Male,Male,Yes,Single,10.9,Brother,Brother,Brother-Brother
35,7,Male,Female,Yes,Widowed,26.3,Father,Daughter,Father-Daughter
58,65,Male,Male,Yes,Single,11.4,Brother,Brother,Brother-Brother
36,36,Male,Male,Yes,Single,5.6,Brother,Brother,Brother-Brother
48,40,Male,Female,Yes,Married,19.0,Husband,Wife,Husband-Wife
54,0,Female,Female,Yes,Widowed,17.5,Grandmother,Granddaughter,Grandmother-Granddaughter
78,6,Male,Male,Yes,Widowed,26.5,Grandfather,Grandson,Grandfather-Grandson
21,25,Female,Female,Yes,Single,27.4,Sister,Sister,Sister-Sister
43,19,Female,Male,Yes,Single,24.1,Mother,Son,Mother-Son
37,31,Male,Male,Yes,Single,17.4,Brother,Brother,Brother-Brother
51,50,Female,Female,No,Single,29.6,Roommate,Roommate,Unrelated
69,34,Male,Male,Yes,Divorced,10.5,Grandfather,Grandson,Grandfather-Grandson
44,22,Female,Female,No,Single,19.5,Roommate,Roommate,Unrelated
35,1,Male,Female,Yes,Married,17.8,Father,Daughter,Father-Daughter
42,20,Female,Female,Yes,Married,18.3,Mother,Daughter,Mother-Daughter
46,2,Female,Male,Yes,Divorced,6.0,Mother,Son,Mother-Son
53,52,Male,Male,Yes,Single,11.5,Brother,Brother,Brother-Brother
42,16,Male,Female,Yes,Divorced,16.0,Father,Daughter,Father-Daughter
80,41,Male,Female,Yes,Single,14.3,Grandfather,Granddaughter,Grandfather-Granddaughter
38,43,Male,Female,Yes,Married,13.4,Husband,Wife,Husband-Wife
36,15,Female,Male,Yes,Divorced,19.4,Mother,Son,Mother-Son
51,42,Male,Female,Yes,Single,9.5,Brother,Sister,Brother-Sister
56,12,Male,Male,Yes,Married,29.1,Grandfather,Grandson,Grandfather-Grandson
45,52,Male,Female,Yes,Single,27.6,Brother,Sister,Brother-Sister
56,16,Male,Female,Yes,Single,7.8,Father,Daughter,Father-Daughter
39,1,Female,Female,Yes,Single,16.4,Mother,Daughter,Mother-Daughter
16,16,Male,Male,Yes,Single,19.9,Brother,Brother,Brother-Brother
33,34,Male,Female,Yes,Married,28.9,Husband,Wife,Husband-Wife
32,25,Male,Male,Yes,Single,25.3,Brother,Brother,Brother-Brother
36,35,Male,Male,Yes,Single,19.7,Brother,Brother,Brother-Brother
59,24,Female,Male,Yes,Married,23.4,Mother,Son,Mother-Son
18,62,Female,Female,No,Single,3.6,Roommate,Roommate,Unrelated
67,15,Male,Female,Yes,Divorced,23.5,Father,Daughter,Father-Daughter
29,7,Female,Female,Yes,Widowed,17.5,Mother,Daughter,Mother-Daughter
55,48,Male,Male,Yes,Single,19.2,Brother,Brother,Brother-Brother
37,5,Male,Male,Yes,Single,20.7,Father,Son,Father-Son
67,3,Male,Male,Yes,Widowed,6.1,Grandfather,Grandson,Grandfather-Grandson
55,26,Female,Female,No,Single,5.3,Roommate,Roommate,Unrelated
50,54,Male,Male,Yes,Single,21.0,Brother,Brother,Brother-Brother
79,17,Female,Male,Yes,Single,13.2,Grandmother,Grandson,Grandmother-Grandson
63,5,Female,Male,Yes,Married,26.2,Grandmother,Grandson,Grandmother-Grandson
75,0,Female,Female,Yes,Single,1.1,Grandmother,Granddaughter,Grandmother-Granddaughter
58,13,Female,Female,Yes,Single,9.8,Mother,Daughter,Mother-Daughter
57,60,Female,Female,Yes,Single,20.2,Sister,Sister,Sister-Sister
21,23,Female,Female,Yes,Single,0.9,Sister,Sister,Sister-Sister
35,39,Female,Female,Yes,Single,25.7,Sister,Sister,Sister-Sister
89,21,Female,Female,Yes,Single,3.0,Grandmother,Granddaughter,Grandmother-Granddaughter
37,19,Male,Male,Yes,Widowed,17.4,Father,Son,Father-Son
28,21,Female,Female,Yes,Single,19.2,Sister,Sister,Sister-Sister
78,36,Male,Female,Yes,Married,7.2,Grandfather,Granddaughter,Grandfather-Granddaughter
30,8,Female,Female,Yes,Single,26.3,Mother,Daughter,Mother-Daughter
71,25,Male,Male,Yes,Single,17.3,Grandfather,Grandson,Grandfather-Grandson
43,41,Male,Female,Yes,Single,25.8,Brother,Sister,Brother-Sister
54,1,Female,Male,Yes,Widowed,17.0,Grandmother,Grandson,Grandmother-Grandson
46,10,Female,Female,Yes,Single,8.2,Mother,Daughter,Mother-Daughter
89,48,Female,Male,Yes,Divorced,20.7,Grandmother,Grandson,Grandmother-Grandson
54,28,Male,Female,Yes,Married,16.4,Father,Daughter,Father-Daughter
56,6,Male,Female,Yes,Divorced,12.2,Grandfather,Granddaughter,Grandfather-Granddaughter
48,8,Male,Female,Yes,Widowed,2.6,Father,Daughter,Father-Daughter
39,43,Female,Male,No,Single,9.2,Roommate,Roommate,Unrelated
80,10,Male,Female,Yes,Widowed,27.4,Grandfather,Granddaughter,Grandfather-Granddaughter
30,3,Male,Male,Yes,Divorced,19.7,Father,Son,Father-Son
14,14,Female,Female,Yes,Single,6.3,Sister,Sister,Sister-Sister
40,0,Female,Female,Yes,Widowed,27.5,Mother,Daughter,Mother-Daughter
68,24,Male,Male,Yes,Single,23.6,Father,Son,Father-Son
45,12,Male,Female,Yes,Married,1.4,Father,Daughter,Father-Daughter
53,61,Female,Female,Yes,Single,9.0,Sister,Sister,Sister-Sister
63,66,Male,Female,Yes,Married,6.4,Husband,Wife,Husband-Wife
51,29,Male,Female,Yes,Divorced,25.6,Father,Daughter,Father-Daughter
9,18,Male,Female,Yes,Single,8.9,Brother,Sister,Brother-Sister
70,0,Female,Female,Yes,Divorced,9.4,Grandmother,Granddaughter,Grandmother-Granddaughter
45,14,Female,Male,Yes,Divorced,2.0,Mother,Son,Mother-Son
36,6,Male,Female,Yes,Married,25.6,Father,Daughter,Father-Daughter
37,39,Female,Female,Yes,Single,5.3,Sister,Sister,Sister-Sister
45,5,Male,Male,Yes,Widowed,4.2,Father,Son,Father-Son
34,16,Female,Female,Yes,Married,9.7,Mother,Daughter,Mother-Daughter
9,0,Male,Female,Yes,Single,16.1,Brother,Sister,Brother-Sister
21,16,Male,Male,Yes,Single,24.6,Brother,Brother,Brother-Brother
52,17,Female,Female,Yes,Divorced,4.1,Grandmother,Granddaughter,Grandmother-Granddaughter
35,15,Female,Female,Yes,Married,1.2,Mother,Daughter,Mother-Daughter
41,32,Female,Female,No,Single,16.4,Roommate,Roommate,Unrelated
28,37,Female,Female,Yes,Single,9.6,Sister,Sister,Sister-Sister
49,30,Female,Female,Yes,Divorced,14.6,Mother,Daughter,Mother-Daughter
29,4,Male,Male,Yes,Single,4.5,Father,Son,Father-Son
79,34,Female,Female,Yes,Single,18.5,Grandmother,Granddaughter,Grandmother-Granddaughter
60,59,Female,Female,Yes,Single,10.0,Sister,Sister,Sister-Sister
27,6,Female,Female,Yes,Single,16.5,Mother,Daughter,Mother-Daughter
45,53,Male,Male,Yes,Single,22.7,Brother,Brother,Brother-Brother
29,28,Male,Female,Yes,Single,26.2,Brother,Sister,Brother-Sister
28,5,Female,Female,Yes,Single,0.5,Mother,Daughter,Mother-Daughter
66,47,Male,Male,Yes,Single,14.0,Father,Son,Father-Son
79,4,Male,Male,Yes,Single,18.7,Grandfather,Grandson,Grandfather-Grandson
30,6,Female,Male,Yes,Widowed,13.5,Mother,Son,Mother-Son
56,11,Female,Male,Yes,Married,25.8,Mother,Son,Mother-Son
50,52,Male,Male,Yes,Single,16.9,Brother,Brother,Brother-Brother
42,15,Female,Female,Yes,Single,13.2,Mother,Daughter,Mother-Daughter
76,15,Male,Female,Yes,Single,2.5,Grandfather,Granddaughter,Grandfather-Granddaughter
11,14,Male,Female,Yes,Single,28.3,Brother,Sister,Brother-Sister
46,3,Male,Female,Yes,Married,16.7,Father,Daughter,Father-Daughter
16,24,Male,Female,Yes,Single,28.2,Brother,Sister,Brother-Sister
89,46,Male,Male,Yes,Divorced,29.1,Grandfather,Grandson,Grandfather-Grandson
35,10,Female,Male,Yes,Divorced,29.7,Mother,Son,Mother-Son
41,30,Female,Female,No,Single,0.8,Roommate,Roommate,Unrelated
53,22,Female,Male,Yes,Single,10.9,Mother,Son,Mother-Son
59,20,Female,Female,Yes,Married,5.1,Mother,Daughter,Mother-Daughter
52,12,Male,Male,Yes,Married,5.6,Father,Son,Father-Son
53,58,Female,Female,Yes,Single,12.6,Sister,Sister,Sister-Sister
15,13,Female,Female,Yes,Single,27.7,Sister,Sister,Sister-Sister
39,32,Male,Female,Yes,Single,29.3,Brother,Sister,Brother-Sister
50,19,Female,Female,Yes,Widowed,8.9,Mother,Daughter,Mother-Daughter
53,5,Female,Male,Yes,Divorced,17.9,Grandmother,Grandson,Grandmother-Grandson
49,39,Female,Female,Yes,Single,4.5,Sister,Sister,Sister-Sister
16,10,Male,Female,Yes,Single,8.6,Brother,Sister,Brother-Sister
18,28,Female,Female,Yes,Single,11.8,Sister,Sister,Sister-Sister
20,16,Male,Female,Yes,Single,19.2,Brother,Sister,Brother-Sister
28,7,Male,Female,Yes,Divorced,1.4,Father,Daughter,Father-Daughter
84,26,Male,Female,Yes,Widowed,2.8,Grandfather,Granddaughter,Grandfather-Granddaughter
41,8,Male,Female,Yes,Married,12.9,Father,Daughter,Father-Daughter
56,26,Male,Male,No,Single,3.4,Roommate,Roommate,Unrelated
43,37,Female,Female,Yes,Single,1.7,Sister,Sister,Sister-Sister
36,18,Female,Female,No,Single,0.8,Roommate,Roommate,Unrelated
66,1,Male,Female,Yes,Divorced,3.7,Grandfather,Granddaughter,Grandfather-Granddaughter
47,26,Female,Male,Yes,Divorced,16.4,Mother,Son,Mother-Son
44,19,Male,Female,Yes,Married,12.2,Father,Daughter,Father-Daughter
67,17,Male,Female,Yes,Widowed,5.3,Father,Daughter,Father-Daughter
42,13,Female,Male,Yes,Single,18.3,Mother,Son,Mother-Son
43,41,Female,Female,Yes,Single,26.6,Sister,Sister,Sister-Sister
56,35,Male,Female,Yes,Widowed,25.0,Father,Daughter,Father-Daughter
64,2,Male,Female,Yes,Widowed,8.9,Grandfather,Granddaughter,Grandfather-Granddaughter
18,22,Female,Female,Yes,Single,18.2,Sister,Sister,Sister-Sister
70,34,Female,Male,Yes,Single,4.3,Grandmother,Grandson,Grandmother-Grandson
63,27,Female,Male,Yes,Widowed,11.6,Grandmother,Grandson,Grandmother-Grandson
42,36,Female,Male,No,Single,14.1,Roommate,Roommate,Unrelated
54,12,Female,Female,Yes,Widowed,12.2,Mother,Daughter,Mother-Daughter
58,21,Male,Female,Yes,Widowed,20.2,Grandfather,Granddaughter,Grandfather-Granddaughter
38,20,Female,Male,Yes,Married,11.4,Mother,Son,Mother-Son
48,5,Female,Female,Yes,Married,29.7,Mother,Daughter,Mother-Daughter
58,6,Male,Male,Yes,Divorced,4.6,Father,Son,Father-Son
65,11,Male,Female,Yes,Widowed,4.8,Grandfather,Granddaughter,Grandfather-Granddaughter
81,23,Female,Male,Yes,Widowed,20.2,Grandmother,Grandson,Grandmother-Grandson
42,19,Female,Male,Yes,Widowed,21.6,Mother,Son,Mother-Son
15,14,Male,Male,Yes,Single,19.9,Brother,Brother,Brother-Brother
87,27,Male,Male,Yes,Divorced,6.5,Grandfather,Grandson,Grandfather-Grandson
50,1,Male,Female,Yes,Married,1.0,Father,Daughter,Father-Daughter
33,1,Female,Male,Yes,Divorced,19.1,Mother,Son,Mother-Son
58,15,Male,Female,Yes,Single,16.4,Father,Daughter,Father-Daughter
72,11,Male,Female,Yes,Widowed,13.2,Grandfather,Granddaughter,Grandfather-Granddaughter
50,1,Male,Female,Yes,Widowed,13.9,Father,Daughter,Father-Daughter
49,43,Male,Male,Yes,Single,14.0,Brother,Brother,Brother-Brother
32,20,Male,Female,Yes,Married,21.6,Husband,Wife,Husband-Wife
51,5,Female,Male,Yes,Widowed,10.4,Grandmother,Grandson,Grandmother-Grandson
66,77,Male,Female,Yes,Married,7.4,Husband,Wife,Husband-Wife
66,20,Female,Male,Yes,Single,19.6,Grandmother,Grandson,Grandmother-Grandson
33,15,Female,Male,Yes,Married,4.4,Mother,Son,Mother-Son
60,1,Female,Male,Yes,Widowed,28.1,Grandmother,Grandson,Grandmother-Grandson
59,20,Male,Female,Yes,Widowed,12.9,Grandfather,Granddaughter,Grandfather-Granddaughter
68,43,Male,Female,Yes,Married,28.1,Father,Daughter,Father-Daughter
52,46,Female,Female,Yes,Single,16.6,Sister,Sister,Sister-Sister
72,25,Female,Female,Yes,Married,19.3,Grandmother,Granddaughter,Grandmother-Granddaughter
75,19,Male,Female,Yes,Divorced,29.9,Grandfather,Granddaughter,Grandfather-Granddaughter
55,5,Female,Male,Yes,Divorced,10.4,Grandmother,Grandson,Grandmother-Grandson
32,30,Male,Female,Yes,Single,22.2,Brother,Sister,Brother-Sister
62,0,Female,Female,Yes,Married,0.6,Mother,Daughter,Mother-Daughter
83,38,Female,Female,Yes,Divorced,29.6,Grandmother,Granddaughter,Grandmother-Granddaughter
74,12,Female,Female,Yes,Divorced,25.5,Grandmother,Granddaughter,Grandmother-Granddaughter
89,2,Female,Male,Yes,Single,6.6,Grandmother,Grandson,Grandmother-Grandson
25,18,Male,Female,Yes,Single,3.4,Brother,Sister,Brother-Sister
48,13,Male,Male,Yes,Divorced,1.6,Father,Son,Father-Son
66,31,Male,Male,Yes,Divorced,2.6,Grandfather,Grandson,Grandfather-Grandson
58,8,Female,Male,Yes,Single,29.2,Mother,Son,Mother-Son
64,27,Female,Female,Yes,Divorced,20.0,Grandmother,Granddaughter,Grandmother-Granddaughter
50,11,Male,Female,Yes,Widowed,24.6,Father,Daughter,Father-Daughter
28,2,Female,Male,Yes,Widowed,14.0,Mother,Son,Mother-Son
51,45,Male,Male,Yes,Single,4.0,Brother,Brother,Brother-Brother
31,36,Male,Female,Yes,Single,8.8,Brother,Sister,Brother-Sister
31,37,Male,Male,Yes,Single,17.6,Brother,Brother,Brother-Brother
72,16,Female,Male,Yes,Divorced,26.3,Grandmother,Grandson,Grandmother-Grandson
88,44,Female,Female,Yes,Married,15.9,Grandmother,Granddaughter,Grandmother-Granddaughter
60,0,Male,Female,Yes,Widowed,5.9,Grandfather,Granddaughter,Grandfather-Granddaughter
50,44,Male,Female,Yes,Single,18.3,Brother,Sister,Brother-Sister
45,5,Female,Male,Yes,Divorced,23.7,Mother,Son,Mother-Son
12,2,Male,Male,Yes,Single,2.5,Brother,Brother,Brother-Brother
41,20,Male,Male,Yes,Single,24.4,Father,Son,Father-Son
63,0,Female,Male,Yes,Married,13.8,Grandmother,Grandson,Grandmother-Grandson
45,4,Female,Male,Yes,Divorced,14.2,Mother,Son,Mother-Son
51,59,Female,Male,No,Single,12.2,Roommate,Roommate,Unrelated
36,46,Male,Male,Yes,Single,20.9,Brother,Brother,Brother-Brother
56,65,Male,Female,Yes,Single,24.1,Brother,Sister,Brother-Sister
45,14,Male,Male,Yes,Married,11.1,Father,Son,Father-Son
21,14,Male,Male,Yes,Single,13.2,Brother,Brother,Brother-Brother
59,16,Female,Female,Yes,Widowed,8.8,Grandmother,Granddaughter,Grandmother-Granddaughter
42,64,Male,Female,Yes,Single,25.1,Roommate,Roommate,Unrelated
87,10,Male,Female,Yes,Divorced,15.3,Grandfather,Granddaughter,Grandfather-Granddaughter
32,13,Male,Female,Yes,Divorced,26.1,Father,Daughter,Father-Daughter
59,0,Female,Female,Yes,Divorced,18.2,Grandmother,Granddaughter,Grandmother-Granddaughter
53,0,Male,Male,Yes,Married,22.8,Grandfather,Grandson,Grandfather-Grandson
62,0,Male,Female,Yes,Widowed,28.1,Grandfather,Granddaughter,Grandfather-Granddaughter
56,19,Female,Male,Yes,Divorced,6.5,Grandmother,Grandson,Grandmother-Grandson
85,44,Male,Female,Yes,Divorced,2.6,Grandfather,Granddaughter,Grandfather-Granddaughter
9,1,Male,Female,Yes,Single,4.2,Brother,Sister,Brother-Sister
38,7,Female,Female,Yes,Single,24.6,Mother,Daughter,Mother-Daughter
43,5,Male,Male,Yes,Married,12.8,Father,Son,Father-Son
69,10,Female,Male,Yes,Widowed,6.4,Grandmother,Grandson,Grandmother-Grandson
61,3,Female,Female,Yes,Divorced,19.7,Mother,Daughter,Mother-Daughter
53,11,Male,Female,Yes,Divorced,20.2,Grandfather,Granddaughter,Grandfather-Granddaughter
23,32,Male,Male,Yes,Single,1.1,Brother,Brother,Brother-Brother
61,15,Male,Female,Yes,Divorced,18.0,Grandfather,Granddaughter,Grandfather-Granddaughter
56,57,Male,Female,Yes,Married,26.1,Husband,Wife,Husband-Wife
44,22,Male,Male,Yes,Divorced,26.3,Father,Son,Father-Son
66,43,Female,Female,No,Single,3.4,Roommate,Roommate,Unrelated
45,17,Male,Female,Yes,Widowed,29.3,Father,Daughter,Father-Daughter
59,66,Male,Female,Yes,Single,4.4,Brother,Sister,Brother-Sister
63,36,Female,Female,Yes,Married,3.8,Mother,Daughter,Mother-Daughter
27,1,Female,Female,Yes,Divorced,11.9,Mother,Daughter,Mother-Daughter
16,17,Female,Female,Yes,Single,15.4,Sister,Sister,Sister-Sister
36,46,Male,Male,Yes,Single,29.1,Brother,Brother,Brother-Brother
82,38,Male,Male,Yes,Married,0.6,Grandfather,Grandson,Grandfather-Grandson
31,2,Male,Female,Yes,Single,15.8,Father,Daughter,Father-Daughter
47,6,Male,Female,Yes,Single,28.1,Father,Daughter,Father-Daughter
56,3,Female,Female,Yes,Divorced,12.8,Grandmother,Granddaughter,Grandmother-Granddaughter
45,46,Male,Female,Yes,Single,11.1,Brother,Sister,Brother-Sister
64,6,Male,Female,Yes,Single,22.5,Grandfather,Granddaughter,Grandfather-Granddaughter
35,29,Male,Female,Yes,Single,20.5,Brother,Sister,Brother-Sister
34,7,Male,Male,Yes,Single,29.7,Father,Son,Father-Son
43,66,Female,Female,No,Single,27.4,Roommate,Roommate,Unrelated
66,13,Male,Female,Yes,Married,12.6,Grandfather,Granddaughter,Grandfather-Granddaughter
28,22,Male,Female,Yes,Married,12.9,Husband,Wife,Husband-Wife
86,21,Female,Female,Yes,Widowed,12.4,Grandmother,Granddaughter,Grandmother-Granddaughter
7,14,Female,Female,Yes,Single,2.8,Sister,Sister,Sister-Sister
65,18,Female,Female,Yes,Married,0.8,Grandmother,Granddaughter,Grandmother-Granddaughter
76,28,Female,Male,Yes,Widowed,19.1,Grandmother,Grandson,Grandmother-Grandson
83,9,Female,Male,Yes,Single,13.8,Grandmother,Grandson,Grandmother-Grandson
65,59,Male,Female,No,Single,0.9,Roommate,Roommate,Unrelated
9,19,Male,Female,Yes,Single,2.0,Brother,Sister,Brother-Sister
67,57,Male,Female,No,Single,6.1,Roommate,Roommate,Unrelated
62,14,Male,Male,Yes,Single,9.6,Grandfather,Grandson,Grandfather-Grandson
26,18,Female,Female,Yes,Single,17.6,Sister,Sister,Sister-Sister
50,9,Male,Female,Yes,Divorced,17.4,Grandfather,Granddaughter,Grandfather-Granddaughter
63,13,Female,Female,Yes,Single,1.2,Mother,Daughter,Mother-Daughter
21,30,Male,Female,Yes,Married,1.7,Husband,Wife,Husband-Wife
32,10,Female,Male,Yes,Divorced,16.3,Mother,Son,Mother-Son
54,17,Female,Female,Yes,Divorced,15.8,Grandmother,Granddaughter,Grandmother-Granddaughter
69,54,Female,Male,No,Single,6.0,Roommate,Roommate,Unrelated
62,2,Male,Male,Yes,Widowed,14.5,Father,Son,Father-Son
80,17,Female,Male,Yes,Divorced,7.6,Grandmother,Grandson,Grandmother-Grandson
52,32,Male,Female,Yes,Single,14.1,Father,Daughter,Father-Daughter
20,22,Male,Male,No,Single,19.5,Roommate,Roommate,Unrelated
50,9,Female,Male,Yes,Single,20.8,Grandmother,Grandson,Grandmother-Grandson
52,49,Male,Male,Yes,Single,7.5,Brother,Brother,Brother-Brother
59,2,Male,Male,Yes,Married,7.8,Father,Son,Father-Son
58,20,Female,Female,Yes,Widowed,6.4,Grandmother,Granddaughter,Grandmother-Granddaughter
37,19,Female,Female,Yes,Divorced,17.4,Mother,Daughter,Mother-Daughter
75,10,Male,Female,Yes,Divorced,16.2,Grandfather,Granddaughter,Grandfather-Granddaughter
29,33,Male,Female,Yes,Single,22.2,Brother,Sister,Brother-Sister
51,21,Female,Female,Yes,Divorced,18.4,Mother,Daughter,Mother-Daughter
59,2,Male,Male,Yes,Divorced,22.5,Grandfather,Grandson,Grandfather-Grandson
65,15,Male,Female,Yes,Single,6.6,Grandfather,Granddaughter,Grandfather-Granddaughter
15,8,Male,Female,Yes,Single,8.9,Brother,Sister,Brother-Sister
13,23,Male,Male,Yes,Single,17.1,Brother,Brother,Brother-Brother
58,12,Female,Male,Yes,Widowed,13.9,Grandmother,Grandson,Grandmother-Grandson
6,15,Male,Female,Yes,Single,28.9,Brother,Sister,Brother-Sister
31,25,Male,Male,No,Single,21.9,Roommate,Roommate,Unrelated
33,59,Male,Female,Yes,Single,28.4,Roommate,Roommate,Unrelated
78,1,Male,Male,Yes,Divorced,24.2,Grandfather,Grandson,Grandfather-Grandson
60,37,Female,Male,Yes,Divorced,27.8,Mother,Son,Mother-Son
56,33,Male,Male,Yes,Divorced,12.0,Father,Son,Father-Son
35,14,Male,Female,Yes,Married,26.1,Father,Daughter,Father-Daughter
35,37,Male,Female,Yes,Married,23.0,Husband,Wife,Husband-Wife
49,45,Female,Female,Yes,Single,18.3,Sister,Sister,Sister-Sister
61,42,Female,Female,Yes,Divorced,11.0,Mother,Daughter,Mother-Daughter
65,34,Female,Male,Yes,Single,24.2,Mother,Son,Mother-Son
67,16,Male,Female,Yes,Married,14.8,Father,Daughter,Father-Daughter
50,1,Male,Female,Yes,Divorced,22.5,Grandfather,Granddaughter,Grandfather-Granddaughter
48,12,Male,Male,Yes,Widowed,14.9,Father,Son,Father-Son
51,5,Male,Male,Yes,Widowed,21.0,Father,Son,Father-Son
60,69,Male,Female,Yes,Married,0.6,Husband,Wife,Husband-Wife
66,28,Male,Female,Yes,Single,15.8,Grandfather,Granddaughter,Grandfather-Granddaughter
57,0,Male,Female,Yes,Married,6.4,Grandfather,Granddaughter,Grandfather-Granddaughter
46,2,Female,Male,Yes,Single,3.4,Mother,Son,Mother-Son
84,14,Female,Male,Yes,Single,28.6,Grandmother,Grandson,Grandmother-Grandson
54,8,Female,Female,Yes,Married,13.3,Grandmother,Granddaughter,Grandmother-Granddaughter
51,11,Male,Female,Yes,Married,13.7,Grandfather,Granddaughter,Grandfather-Granddaughter
76,7,Male,Male,Yes,Divorced,12.3,Grandfather,Grandson,Grandfather-Grandson
14,11,Female,Female,Yes,Single,10.6,Sister,Sister,Sister-Sister
39,16,Female,Female,Yes,Widowed,15.8,Mother,Daughter,Mother-Daughter
80,21,Male,Male,Yes,Married,29.3,Grandfather,Grandson,Grandfather-Grandson
25,23,Male,Female,Yes,Single,4.0,Brother,Sister,Brother-Sister
53,27,Male,Female,Yes,Widowed,29.9,Father,Daughter,Father-Daughter
80,42,Female,Male,Yes,Widowed,17.5,Grandmother,Grandson,Grandmother-Grandson
52,41,Male,Female,No,Single,14.9,Roommate,Roommate,Unrelated
37,46,Male,Male,No,Single,8.5,Roommate,Roommate,Unrelated
66,20,Female,Female,Yes,Single,7.7,Grandmother,Granddaughter,Grandmother-Granddaughter
47,53,Male,Female,Yes,Single,12.8,Brother,Sister,Brother-Sister
55,9,Female,Male,Yes,Divorced,24.7,Grandmother,Grandson,Grandmother-Grandson
19,12,Male,Female,Yes,Single,23.9,Brother,Sister,Brother-Sister
57,1,Female,Female,Yes,Single,8.6,Grandmother,Granddaughter,Grandmother-Granddaughter
35,25,Female,Female,Yes,Single,15.0,Sister,Sister,Sister-Sister
54,21,Female,Female,Yes,Married,15.7,Mother,Daughter,Mother-Daughter
38,3,Male,Female,Yes,Single,23.3,Father,Daughter,Father-Daughter
48,40,Male,Female,Yes,Married,7.4,Husband,Wife,Husband-Wife
25,4,Female,Female,Yes,Single,29.0,Mother,Daughter,Mother-Daughter
67,18,Female,Female,Yes,Single,15.4,Grandmother,Granddaughter,Grandmother-Granddaughter
10,2,Male,Male,Yes,Single,19.0,Brother,Brother,Brother-Brother
47,36,Male,Female,No,Single,28.7,Roommate,Roommate,Unrelated
46,53,Male,Female,No,Single,18.1,Roommate,Roommate,Unrelated
65,19,Female,Female,Yes,Widowed,20.3,Mother,Daughter,Mother-Daughter
65,15,Female,Female,Yes,Widowed,15.1,Mother,Daughter,Mother-Daughter
77,38,Female,Female,Yes,Divorced,13.5,Grandmother,Granddaughter,Grandmother-Granddaughter
35,45,Male,Female,Yes,Married,12.6,Husband,Wife,Husband-Wife
53,7,Female,Female,Yes,Divorced,8.1,Grandmother,Granddaughter,Grandmother-Granddaughter
46,37,Male,Female,Yes,Single,11.9,Brother,Sister,Brother-Sister
64,2,Male,Male,Yes,Divorced,26.8,Father,Son,Father-Son
59,39,Male,Female,No,Single,1.7,Roommate,Roommate,Unrelated
55,24,Female,Male,Yes,Married,26.4,Mother,Son,Mother-Son
55,6,Male,Male,Yes,Single,14.5,Father,Son,Father-Son
68,5,Female,Male,Yes,Divorced,8.4,Grandmother,Grandson,Grandmother-Grandson
46,25,Female,Male,Yes,Widowed,17.1,Mother,Son,Mother-Son
65,2,Male,Female,Yes,Single,4.4,Grandfather,Granddaughter,Grandfather-Granddaughter
21,22,Male,Female,Yes,Married,4.5,Husband,Wife,Husband-Wife
66,17,Male,Female,Yes,Widowed,7.2,Grandfather,Granddaughter,Grandfather-Granddaughter
79,44,Female,Male,Yes,Married,24.0,Grandmother,Grandson,Grandmother-Grandson
30,22,Male,Female,Yes,Married,12.6,Husband,Wife,Husband-Wife
18,26,Female,Female,No,Single,15.5,Roommate,Roommate,Unrelated
55,26,Male,Male,Yes,Divorced,21.4,Father,Son,Father-Son
50,9,Female,Female,Yes,Married,12.6,Grandmother,Granddaughter,Grandmother-Granddaughter
51,1,Female,Female,Yes,Single,15.1,Grandmother,Granddaughter,Grandmother-Granddaughter
55,3,Female,Male,Yes,Single,14.8,Mother,Son,Mother-Son
56,5,Female,Female,Yes,Divorced,23.1,Mother,Daughter,Mother-Daughter
45,8,Male,Female,Yes,Divorced,28.1,Father,Daughter,Father-Daughter
39,51,Male,Female,Yes,Married,20.2,Husband,Wife,Husband-Wife
85,19,Male,Female,Yes,Divorced,6.1,Grandfather,Granddaughter,Grandfather-Granddaughter
70,20,Male,Female,Yes,Widowed,21.4,Father,Daughter,Father-Daughter
83,19,Female,Male,Yes,Single,9.6,Grandmother,Grandson,Grandmother-Grandson
83,23,Female,Female,Yes,Single,21.6,Grandmother,Granddaughter,Grandmother-Granddaughter
30,0,Female,Female,Yes,Widowed,4.4,Mother,Daughter,Mother-Daughter
35,7,Female,Female,Yes,Single,14.6,Mother,Daughter,Mother-Daughter
36,31,Male,Male,Yes,Single,11.0,Brother,Brother,Brother-Brother
40,9,Female,Female,Yes,Divorced,15.3,Mother,Daughter,Mother-Daughter
16,6,Female,Female,Yes,Single,22.3,Sister,Sister,Sister-Sister
21,26,Male,Female,Yes,Single,24.4,Brother,Sister,Brother-Sister
47,62,Male,Female,No,Single,24.6,Roommate,Roommate,Unrelated
33,13,Female,Male,Yes,Single,25.8,Mother,Son,Mother-Son
30,11,Female,Female,Yes,Married,15.7,Mother,Daughter,Mother-Daughter
65,30,Male,Female,Yes,Widowed,4.4,Father,Daughter,Father-Daughter
64,20,Female,Female,Yes,Married,14.1,Grandmother,Granddaughter,Grandmother-Granddaughter
26,70,Female,Male,No,Single,23.6,Roommate,Roommate,Unrelated
64,27,Male,Female,Yes,Married,14.8,Grandfather,Granddaughter,Grandfather-Granddaughter
66,28,Male,Female,Yes,Widowed,15.2,Father,Daughter,Father-Daughter
54,19,Male,Female,Yes,Married,13.0,Father,Daughter,Father-Daughter
57,8,Female,Male,Yes,Married,6.8,Mother,Son,Mother-Son
56,62,Female,Male,No,Single,15.1,Roommate,Roommate,Unrelated
16,11,Male,Female,Yes,Single,8.1,Brother,Sister,Brother-Sister
47,40,Female,Female,Yes,Single,10.2,Roommate,Roommate,Unrelated
26,31,Female,Female,Yes,Single,28.6,Sister,Sister,Sister-Sister
43,43,Male,Male,Yes,Single,14.9,Brother,Brother,Brother-Brother
49,42,Male,Female,Yes,Married,7.5,Husband,Wife,Husband-Wife
52,13,Male,Male,Yes,Single,27.3,Grandfather,Grandson,Grandfather-Grandson
52,4,Female,Female,Yes,Widowed,15.4,Grandmother,Granddaughter,Grandmother-Granddaughter
50,49,Male,Female,Yes,Single,24.5,Brother,Sister,Brother-Sister
65,45,Male,Female,Yes,Single,10.5,Father,Daughter,Father-Daughter
7,15,Male,Male,Yes,Single,20.5,Brother,Brother,Brother-Brother
23,26,Male,Male,Yes,Single,1.4,Brother,Brother,Brother-Brother
16,20,Male,Female,Yes,Single,22.8,Brother,Sister,Brother-Sister
49,12,Female,Male,Yes,Single,16.6,Mother,Son,Mother-Son
26,32,Male,Female,Yes,Single,12.1,Brother,Sister,Brother-Sister
30,41,Male,Female,Yes,Married,17.6,Husband,Wife,Husband-Wife
32,4,Male,Female,Yes,Divorced,25.0,Father,Daughter,Father-Daughter
47,29,Male,Female,Yes,Divorced,10.3,Father,Daughter,Father-Daughter
17,27,Female,Female,Yes,Single,3.1,Sister,Sister,Sister-Sister
56,13,Male,Male,Yes,Divorced,7.8,Grandfather,Grandson,Grandfather-Grandson
87,14,Female,Male,Yes,Single,8.8,Grandmother,Grandson,Grandmother-Grandson
36,26,Male,Female,Yes,Married,6.2,Husband,Wife,Husband-Wife
40,30,Male,Female,Yes,Single,19.7,Brother,Sister,Brother-Sister
30,6,Female,Female,Yes,Divorced,22.7,Mother,Daughter,Mother-Daughter
32,29,Female,Female,Yes,Single,13.3,Sister,Sister,Sister-Sister
33,19,Male,Female,No,Single,2.7,Roommate,Roommate,Unrelated
82,25,Female,Female,Yes,Single,1.6,Grandmother,Granddaughter,Grandmother-Granddaughter
61,6,Female,Female,Yes,Married,19.9,Mother,Daughter,Mother-Daughter
14,18,Male,Male,Yes,Single,8.8,Brother,Brother,Brother-Brother
65,2,Female,Male,Yes,Widowed,10.6,Grandmother,Grandson,Grandmother-Grandson
64,22,Male,Female,Yes,Widowed,28.2,Grandfather,Granddaughter,Grandfather-Granddaughter
70,23,Male,Male,Yes,Divorced,24.9,Grandfather,Grandson,Grandfather-Grandson
50,57,Male,Male,Yes,Single,13.3,Brother,Brother,Brother-Brother
40,38,Male,Male,Yes,Single,21.8,Brother,Brother,Brother-Brother
80,44,Male,Female,Yes,Divorced,7.7,Grandfather,Granddaughter,Grandfather-Granddaughter
69,10,Female,Female,Yes,Married,25.5,Grandmother,Granddaughter,Grandmother-Granddaughter
56,54,Male,Female,Yes,Married,1.8,Husband,Wife,Husband-Wife
54,2,Male,Female,Yes,Divorced,4.7,Father,Daughter,Father-Daughter
15,24,Male,Male,Yes,Single,19.3,Brother,Brother,Brother-Brother
71,15,Male,Female,Yes,Single,8.2,Grandfather,Granddaughter,Grandfather-Granddaughter
33,15,Male,Male,Yes,Single,18.1,Father,Son,Father-Son
45,54,Male,Male,Yes,Single,20.4,Brother,Brother,Brother-Brother
75,23,Male,Male,Yes,Single,13.6,Grandfather,Grandson,Grandfather-Grandson
63,41,Male,Female,Yes,Widowed,4.0,Father,Daughter,Father-Daughter
20,21,Female,Female,Yes,Single,7.5,Sister,Sister,Sister-Sister
60,11,Female,Male,Yes,Divorced,10.7,Grandmother,Grandson,Grandmother-Grandson
9,7,Male,Male,Yes,Single,22.6,Brother,Brother,Brother-Brother
44,56,Male,Female,Yes,Married,4.4,Husband,Wife,Husband-Wife
25,24,Female,Female,Yes,Single,14.2,Sister,Sister,Sister-Sister
50,51,Male,Female,Yes,Married,29.3,Husband,Wife,Husband-Wife
58,63,Male,Female,No,Single,29.8,Roommate,Roommate,Unrelated
7,15,Female,Female,Yes,Single,7.6,Sister,Sister,Sister-Sister
69,25,Male,Male,Yes,Single,12.6,Grandfather,Grandson,Grandfather-Grandson
55,51,Male,Female,Yes,Married,5.1,Husband,Wife,Husband-Wife
35,6,Male,Male,Yes,Widowed,10.6,Father,Son,Father-Son
26,1,Female,Male,Yes,Widowed,23.7,Mother,Son,Mother-Son
28,43,Female,Male,No,Single,16.6,Roommate,Roommate,Unrelated
62,12,Male,Female,Yes,Widowed,16.0,Grandfather,Granddaughter,Grandfather-Granddaughter
62,0,Female,Female,Yes,Widowed,19.7,Grandmother,Granddaughter,Grandmother-Granddaughter
29,35,Male,Female,Yes,Single,24.4,Brother,Sister,Brother-Sister
30,10,Female,Female,Yes,Divorced,29.2,Mother,Daughter,Mother-Daughter
45,17,Female,Male,Yes,Widowed,23.3,Mother,Son,Mother-Son
56,18,Female,Female,Yes,Married,3.0,Grandmother,Granddaughter,Grandmother-Granddaughter
53,1,Male,Female,Yes,Widowed,20.1,Father,Daughter,Father-Daughter
53,9,Female,Male,Yes,Widowed,14.7,Grandmother,Grandson,Grandmother-Grandson
43,10,Female,Female,Yes,Divorced,28.3,Mother,Daughter,Mother-Daughter
38,10,Female,Male,Yes,Widowed,16.7,Mother,Son,Mother-Son
14,21,Male,Female,Yes,Single,18.2,Brother,Sister,Brother-Sister
90,24,Male,Male,Yes,Widowed,14.1,Grandfather,Grandson,Grandfather-Grandson
26,33,Female,Female,Yes,Single,4.4,Sister,Sister,Sister-Sister
73,17,Female,Female,Yes,Widowed,23.7,Grandmother,Granddaughter,Grandmother-Granddaughter
47,46,Male,Male,Yes,Single,20.5,Brother,Brother,Brother-Brother
47,40,Male,Female,Yes,Single,13.9,Brother,Sister,Brother-Sister
38,12,Male,Male,Yes,Divorced,23.2,Father,Son,Father-Son
19,19,Male,Male,Yes,Single,22.8,Brother,Brother,Brother-Brother
25,22,Female,Female,Yes,Single,23.9,Sister,Sister,Sister-Sister
60,24,Male,Female,Yes,Married,21.7,Father,Daughter,Father-Daughter
18,50,Female,Male,No,Single,19.6,Roommate,Roommate,Unrelated
63,45,Female,Female,Yes,Divorced,11.5,Mother,Daughter,Mother-Daughter
39,43,Female,Female,Yes,Single,23.5,Sister,Sister,Sister-Sister
69,55,Female,Male,No,Single,24.3,Roommate,Roommate,Unrelated
55,9,Male,Male,Yes,Single,18.7,Grandfather,Grandson,Grandfather-Grandson
36,24,Male,Female,Yes,Married,28.6,Husband,Wife,Husband-Wife
14,9,Male,Male,Yes,Single,25.3,Brother,Brother,Brother-Brother
10,11,Female,Female,Yes,Single,1.3,Sister,Sister,Sister-Sister
58,13,Female,Male,Yes,Widowed,23.1,Mother,Son,Mother-Son
48,8,Male,Female,Yes,Single,23.2,Father,Daughter,Father-Daughter
27,32,Female,Female,Yes,Single,27.0,Sister,Sister,Sister-Sister
63,7,Male,Male,Yes,Widowed,9.8,Grandfather,Grandson,Grandfather-Grandson
20,18,Male,Male,Yes,Single,4.7,Brother,Brother,Brother-Brother
86,5,Male,Male,Yes,Married,18.3,Grandfather,Grandson,Grandfather-Grandson
52,6,Female,Female,Yes,Widowed,26.4,Grandmother,Granddaughter,Grandmother-Granddaughter
28,57,Male,Male,No,Single,1.5,Roommate,Roommate,Unrelated
85,26,Female,Male,Yes,Widowed,13.3,Grandmother,Grandson,Grandmother-Grandson
70,24,Female,Female,Yes,Widowed,5.6,Grandmother,Granddaughter,Grandmother-Granddaughter
88,49,Female,Male,Yes,Widowed,27.2,Grandmother,Grandson,Grandmother-Grandson
63,27,Female,Male,Yes,Widowed,20.9,Mother,Son,Mother-Son
42,17,Male,Male,Yes,Widowed,25.6,Father,Son,Father-Son
61,17,Female,Female,Yes,Single,23.9,Grandmother,Granddaughter,Grandmother-Granddaughter
51,4,Female,Male,Yes,Divorced,29.5,Grandmother,Grandson,Grandmother-Grandson
22,15,Male,Female,Yes,Single,16.6,Brother,Sister,Brother-Sister
90,19,Male,Male,Yes,Single,18.7,Grandfather,Grandson,Grandfather-Grandson
46,48,Male,Male,Yes,Single,14.2,Brother,Brother,Brother-Brother
54,15,Female,Male,Yes,Divorced,21.6,Grandmother,Grandson,Grandmother-Grandson
86,32,Male,Female,Yes,Single,12.5,Grandfather,Granddaughter,Grandfather-Granddaughter
53,27,Female,Female,Yes,Divorced,1.0,Mother,Daughter,Mother-Daughter
45,48,Female,Female,Yes,Single,16.2,Sister,Sister,Sister-Sister
77,24,Male,Male,Yes,Married,15.5,Grandfather,Grandson,Grandfather-Grandson
8,4,Female,Female,Yes,Single,14.1,Sister,Sister,Sister-Sister
37,38,Male,Female,Yes,Single,7.6,Brother,Sister,Brother-Sister
46,11,Female,Male,Yes,Single,27.6,Mother,Son,Mother-Son
45,41,Male,Male,No,Single,9.3,Roommate,Roommate,Unrelated
32,5,Female,Female,Yes,Widowed,26.8,Mother,Daughter,Mother-Daughter
27,9,Female,Female,Yes,Married,6.4,Mother,Daughter,Mother-Daughter
57,18,Female,Male,Yes,Single,22.8,Mother,Son,Mother-Son
36,28,Male,Male,Yes,Single,19.8,Brother,Brother,Brother-Brother
15,12,Male,Male,Yes,Single,28.8,Brother,Brother,Brother-Brother
48,29,Male,Male,Yes,Single,20.9,Roommate,Roommate,Unrelated
53,35,Female,Male,Yes,Widowed,15.6,Mother,Son,Mother-Son
42,44,Male,Male,Yes,Single,3.5,Brother,Brother,Brother-Brother
35,40,Male,Male,Yes,Single,6.1,Brother,Brother,Brother-Brother
51,11,Male,Female,Yes,Single,4.4,Grandfather,Granddaughter,Grandfather-Granddaughter
35,31,Female,Male,No,Single,5.3,Roommate,Roommate,Unrelated
45,49,Female,Female,Yes,Single,29.0,Sister,Sister,Sister-Sister
35,24,Male,Female,Yes,Married,3.2,Husband,Wife,Husband-Wife
79,29,Female,Female,Yes,Widowed,12.4,Grandmother,Granddaughter,Grandmother-Granddaughter
29,38,Male,Female,No,Single,15.4,Roommate,Roommate,Unrelated
47,11,Male,Male,Yes,Single,24.6,Father,Son,Father-Son
57,51,Male,Female,Yes,Married,24.4,Husband,Wife,Husband-Wife
15,15,Male,Female,Yes,Single,5.5,Brother,Sister,Brother-Sister
41,35,Male,Female,Yes,Single,17.6,Brother,Sister,Brother-Sister
75,37,Male,Female,Yes,Widowed,7.0,Grandfather,Granddaughter,Grandfather-Granddaughter
27,19,Male,Male,Yes,Single,24.0,Brother,Brother,Brother-Brother
62,41,Male,Female,Yes,Widowed,10.7,Father,Daughter,Father-Daughter
54,13,Female,Male,Yes,Divorced,16.7,Grandmother,Grandson,Grandmother-Grandson
62,23,Male,Female,Yes,Divorced,22.0,Father,Daughter,Father-Daughter
80,31,Female,Male,Yes,Married,0.9,Grandmother,Grandson,Grandmother-Grandson
39,17,Female,Female,Yes,Widowed,25.1,Mother,Daughter,Mother-Daughter
74,39,Female,Female,Yes,Divorced,12.5,Grandmother,Granddaughter,Grandmother-Granddaughter
51,27,Male,Male,Yes,Divorced,18.7,Father,Son,Father-Son
54,35,Male,Female,Yes,Widowed,26.2,Father,Daughter,Father-Daughter
88,5,Male,Male,Yes,Widowed,12.5,Grandfather,Grandson,Grandfather-Grandson
20,18,Male,Female,Yes,Married,7.4,Husband,Wife,Husband-Wife
30,2,Female,Male,Yes,Widowed,13.5,Mother,Son,Mother-Son
43,6,Male,Female,Yes,Single,18.5,Father,Daughter,Father-Daughter
82,8,Male,Male,Yes,Widowed,9.9,Grandfather,Grandson,Grandfather-Grandson
50,2,Female,Female,Yes,Married,26.8,Mother,Daughter,Mother-Daughter
39,2,Male,Male,Yes,Single,23.2,Father,Son,Father-Son
23,17,Male,Female,Yes,Single,22.0,Brother,Sister,Brother-Sister
39,29,Male,Male,Yes,Single,5.9,Brother,Brother,Brother-Brother
60,29,Female,Female,Yes,Divorced,21.0,Mother,Daughter,Mother-Daughter
36,17,Female,Female,Yes,Widowed,25.4,Mother,Daughter,Mother-Daughter
55,40,Female,Female,No,Single,14.1,Roommate,Roommate,Unrelated
35,42,Male,Male,Yes,Single,3.6,Brother,Brother,Brother-Brother
62,13,Female,Male,Yes,Divorced,19.0,Grandmother,Grandson,Grandmother-Grandson
64,10,Male,Male,Yes,Married,20.4,Grandfather,Grandson,Grandfather-Grandson
78,25,Female,Female,Yes,Divorced,2.7,Grandmother,Granddaughter,Grandmother-Granddaughter
76,13,Male,Female,Yes,Widowed,6.8,Grandfather,Granddaughter,Grandfather-Granddaughter
55,47,Male,Female,Yes,Married,21.7,Husband,Wife,Husband-Wife
61,3,Female,Male,Yes,Widowed,28.2,Mother,Son,Mother-Son
51,46,Male,Female,Yes,Single,14.8,Brother,Sister,Brother-Sister
30,6,Female,Female,Yes,Widowed,11.1,Mother,Daughter,Mother-Daughter
28,3,Female,Male,Yes,Divorced,29.9,Mother,Son,Mother-Son
24,15,Female,Female,Yes,Single,23.6,Sister,Sister,Sister-Sister
45,11,Female,Female,Yes,Single,14.0,Mother,Daughter,Mother-Daughter
39,20,Male,Female,Yes,Married,18.2,Father,Daughter,Father-Daughter
34,5,Male,Female,Yes,Married,26.7,Father,Daughter,Father-Daughter
59,41,Female,Male,Yes,Single,22.3,Mother,Son,Mother-Son
67,2,Male,Male,Yes,Married,22.7,Father,Son,Father-Son
43,8,Male,Female,Yes,Divorced,26.9,Father,Daughter,Father-Daughter
67,23,Female,Female,Yes,Widowed,24.4,Grandmother,Granddaughter,Grandmother-Granddaughter
48,60,Male,Female,Yes,Married,10.0,Husband,Wife,Husband-Wife
69,73,Male,Female,Yes,Married,30.0,Husband,Wife,Husband-Wife
22,18,Male,Female,Yes,Married,25.1,Husband,Wife,Husband-Wife
58,22,Male,Female,Yes,Divorced,20.9,Grandfather,Granddaughter,Grandfather-Granddaughter
26,31,Male,Female,Yes,Married,21.9,Husband,Wife,Husband-Wife
57,10,Female,Male,Yes,Widowed,2.4,Grandmother,Grandson,Grandmother-Grandson
58,36,Male,Female,Yes,Single,1.2,Father,Daughter,Father-Daughter
38,50,Male,Female,Yes,Married,22.3,Husband,Wife,Husband-Wife
61,9,Female,Male,Yes,Married,3.2,Grandmother,Grandson,Grandmother-Grandson
63,31,Female,Male,Yes,Single,1.2,Mother,Son,Mother-Son
28,31,Male,Female,Yes,Single,9.3,Brother,Sister,Brother-Sister
24,23,Male,Male,Yes,Single,11.9,Brother,Brother,Brother-Brother
56,11,Female,Male,Yes,Widowed,2.5,Mother,Son,Mother-Son
9,16,Male,Female,Yes,Single,29.8,Brother,Sister,Brother-Sister
61,29,Male,Female,Yes,Divorced,27.7,Father,Daughter,Father-Daughter
32,9,Female,Male,Yes,Widowed,20.3,Mother,Son,Mother-Son
62,43,Female,Female,Yes,Married,10.8,Mother,Daughter,Mother-Daughter
29,8,Female,Male,Yes,Widowed,8.2,Mother,Son,Mother-Son
41,31,Female,Female,Yes,Single,11.2,Sister,Sister,Sister-Sister
53,58,Female,Female,Yes,Single,17.7,Sister,Sister,Sister-Sister
52,58,Male,Female,Yes,Married,4.7,Husband,Wife,Husband-Wife
55,15,Male,Male,Yes,Divorced,11.0,Grandfather,Grandson,Grandfather-Grandson
51,13,Female,Male,Yes,Married,3.9,Grandmother,Grandson,Grandmother-Grandson
63,28,Male,Female,Yes,Divorced,1.9,Grandfather,Granddaughter,Grandfather-Granddaughter
62,9,Female,Male,Yes,Married,2.8,Mother,Son,Mother-Son
62,20,Male,Female,Yes,Married,22.3,Father,Daughter,Father-Daughter
32,10,Male,Male,Yes,Single,5.5,Father,Son,Father-Son
5,8,Male,Female,Yes,Single,19.4,Brother,Sister,Brother-Sister
89,22,Male,Female,Yes,Married,21.6,Grandfather,Granddaughter,Grandfather-Granddaughter
34,7,Male,Male,Yes,Divorced,2.7,Father,Son,Father-Son
61,17,Male,Female,Yes,Married,23.5,Grandfather,Granddaughter,Grandfather-Granddaughter
25,6,Female,Female,Yes,Divorced,13.0,Mother,Daughter,Mother-Daughter
56,50,Female,Female,Yes,Single,8.9,Sister,Sister,Sister-Sister
61,56,Female,Female,No,Single,10.8,Roommate,Roommate,Unrelated
70,21,Male,Male,Yes,Single,12.2,Grandfather,Grandson,Grandfather-Grandson
89,4,Female,Female,Yes,Widowed,15.4,Grandmother,Granddaughter,Grandmother-Granddaughter
74,1,Female,Male,Yes,Divorced,8.1,Grandmother,Grandson,Grandmother-Grandson
51,46,Male,Female,Yes,Married,25.4,Husband,Wife,Husband-Wife
60,63,Male,Female,Yes,Married,5.2,Husband,Wife,Husband-Wife
11,14,Male,Male,Yes,Single,27.0,Brother,Brother,Brother-Brother
36,41,Male,Female,Yes,Married,11.9,Husband,Wife,Husband-Wife
44,6,Female,Female,Yes,Married,23.9,Mother,Daughter,Mother-Daughter
74,3,Female,Male,Yes,Married,12.9,Grandmother,Grandson,Grandmother-Grandson
26,4,Female,Female,Yes,Divorced,20.2,Mother,Daughter,Mother-Daughter
11,3,Female,Female,Yes,Single,2.5,Sister,Sister,Sister-Sister
19,12,Male,Male,Yes,Single,8.7,Brother,Brother,Brother-Brother
51,0,Female,Female,Yes,Single,27.0,Grandmother,Granddaughter,Grandmother-Granddaughter
50,8,Female,Male,Yes,Divorced,10.1,Mother,Son,Mother-Son
41,11,Male,Male,Yes,Widowed,21.8,Father,Son,Father-Son
62,44,Female,Male,Yes,Divorced,2.5,Mother,Son,Mother-Son
85,8,Female,Male,Yes,Single,13.4,Grandmother,Grandson,Grandmother-Grandson
21,11,Male,Male,Yes,Single,3.0,Brother,Brother,Brother-Brother
63,20,Female,Male,Yes,Widowed,22.7,Mother,Son,Mother-Son
30,12,Female,Female,Yes,Widowed,10.0,Mother,Daughter,Mother-Daughter
44,56,Female,Male,No,Single,28.5,Roommate,Roommate,Unrelated
38,2,Male,Female,Yes,Divorced,26.1,Father,Daughter,Father-Daughter
79,3,Female,Female,Yes,Single,21.5,Grandmother,Granddaughter,Grandmother-Granddaughter
50,8,Female,Male,Yes,Divorced,22.1,Mother,Son,Mother-Son
40,34,Female,Female,Yes,Single,2.0,Sister,Sister,Sister-Sister
44,21,Female,Male,Yes,Widowed,2.3,Mother,Son,Mother-Son
21,48,Female,Female,No,Single,17.2,Roommate,Roommate,Unrelated
29,3,Female,Male,Yes,Married,3.8,Mother,Son,Mother-Son
69,78,Male,Female,Yes,Married,4.2,Husband,Wife,Husband-Wife
49,11,Male,Male,Yes,Widowed,18.6,Father,Son,Father-Son
45,46,Female,Male,No,Single,2.7,Roommate,Roommate,Unrelated
87,12,Female,Female,Yes,Divorced,21.2,Grandmother,Granddaughter,Grandmother-Granddaughter
11,16,Male,Male,Yes,Single,0.7,Brother,Brother,Brother-Brother
58,19,Female,Male,Yes,Married,22.1,Mother,Son,Mother-Son
51,7,Male,Female,Yes,Divorced,5.1,Grandfather,Granddaughter,Grandfather-Granddaughter
58,55,Male,Female,Yes,Single,1.1,Brother,Sister,Brother-Sister
45,2,Female,Male,Yes,Married,18.0,Mother,Son,Mother-Son
54,27,Female,Male,Yes,Divorced,24.1,Mother,Son,Mother-Son
57,12,Male,Male,Yes,Single,5.6,Grandfather,Grandson,Grandfather-Grandson
59,50,Female,Female,No,Single,16.5,Roommate,Roommate,Unrelated
60,20,Male,Male,Yes,Single,21.6,Grandfather,Grandson,Grandfather-Grandson
38,32,Male,Female,Yes,Single,3.0,Brother,Sister,Brother-Sister
34,13,Male,Male,Yes,Widowed,8.3,Father,Son,Father-Son
79,30,Female,Female,Yes,Widowed,14.7,Grandmother,Granddaughter,Grandmother-Granddaughter
50,5,Male,Male,Yes,Widowed,23.1,Grandfather,Grandson,Grandfather-Grandson
57,30,Male,Male,No,Single,17.7,Roommate,Roommate,Unrelated
54,8,Male,Female,Yes,Single,3.0,Father,Daughter,Father-Daughter
23,30,Male,Female,Yes,Single,24.2,Brother,Sister,Brother-Sister
32,28,Male,Female,Yes,Married,10.6,Husband,Wife,Husband-Wife
34,11,Female,Female,Yes,Divorced,3.8,Mother,Daughter,Mother-Daughter
31,1,Male,Male,Yes,Divorced,6.0,Father,Son,Father-Son
77,10,Female,Female,Yes,Widowed,17.7,Grandmother,Granddaughter,Grandmother-Granddaughter
34,35,Male,Female,Yes,Married,27.3,Husband,Wife,Husband-Wife
58,14,Female,Male,Yes,Widowed,9.8,Grandmother,Grandson,Grandmother-Grandson
74,24,Female,Female,Yes,Married,26.5,Grandmother,Granddaughter,Grandmother-Granddaughter
74,4,Male,Female,Yes,Widowed,24.3,Grandfather,Granddaughter,Grandfather-Granddaughter
63,12,Male,Male,Yes,Single,5.1,Father,Son,Father-Son
22,29,Female,Female,Yes,Single,3.2,Sister,Sister,Sister-Sister
50,15,Female,Female,Yes,Single,16.1,Grandmother,Granddaughter,Grandmother-Granddaughter
56,65,Male,Female,Yes,Single,24.4,Brother,Sister,Brother-Sister
45,2,Male,Female,Yes,Married,12.8,Father,Daughter,Father-Daughter
38,6,Female,Female,Yes,Married,24.8,Mother,Daughter,Mother-Daughter
78,17,Female,Male,Yes,Married,28.9,Grandmother,Grandson,Grandmother-Grandson
51,53,Male,Male,Yes,Single,14.4,Brother,Brother,Brother-Brother
53,61,Male,Male,Yes,Single,11.9,Brother,Brother,Brother-Brother
79,38,Male,Female,Yes,Married,13.2,Grandfather,Granddaughter,Grandfather-Granddaughter
77,22,Male,Male,Yes,Married,7.4,Grandfather,Grandson,Grandfather-Grandson
31,26,Male,Female,Yes,Married,24.7,Husband,Wife,Husband-Wife
52,8,Female,Male,Yes,Single,15.8,Mother,Son,Mother-Son
30,7,Female,Male,Yes,Married,13.1,Mother,Son,Mother-Son
43,36,Male,Female,No,Single,3.8,Roommate,Roommate,Unrelated
6,3,Male,Male,Yes,Single,7.2,Brother,Brother,Brother-Brother
35,18,Female,Male,No,Single,8.9,Roommate,Roommate,Unrelated
48,14,Female,Male,Yes,Widowed,25.4,Mother,Son,Mother-Son
43,45,Male,Female,Yes,Married,29.0,Husband,Wife,Husband-Wife
46,26,Female,Female,Yes,Divorced,2.7,Mother,Daughter,Mother-Daughter
27,0,Female,Female,Yes,Widowed,27.3,Mother,Daughter,Mother-Daughter
77,8,Male,Male,Yes,Single,7.5,Grandfather,Grandson,Grandfather-Grandson
88,30,Male,Male,Yes,Married,27.1,Grandfather,Grandson,Grandfather-Grandson
74,36,Female,Male,Yes,Single,5.3,Grandmother,Grandson,Grandmother-Grandson
28,24,Male,Female,Yes,Single,17.8,Brother,Sister,Brother-Sister
60,1,Male,Male,Yes,Widowed,10.5,Grandfather,Grandson,Grandfather-Grandson
64,39,Male,Male,Yes,Widowed,17.5,Father,Son,Father-Son
71,22,Female,Male,Yes,Divorced,18.6,Grandmother,Grandson,Grandmother-Grandson
51,12,Male,Female,Yes,Divorced,20.1,Grandfather,Granddaughter,Grandfather-Granddaughter
54,10,Male,Male,Yes,Widowed,2.1,Grandfather,Grandson,Grandfather-Grandson
39,32,Male,Male,Yes,Single,7.3,Brother,Brother,Brother-Brother
81,46,Male,Male,Yes,Divorced,29.0,Grandfather,Grandson,Grandfather-Grandson
14,22,Female,Female,Yes,Single,24.2,Sister,Sister,Sister-Sister
55,8,Male,Male,Yes,Married,13.1,Father,Son,Father-Son
61,5,Male,Female,Yes,Widowed,10.3,Grandfather,Granddaughter,Grandfather-Granddaughter
51,5,Male,Male,Yes,Single,12.0,Grandfather,Grandson,Grandfather-Grandson
60,42,Male,Female,Yes,Single,5.4,Father,Daughter,Father-Daughter
28,2,Female,Male,Yes,Married,8.1,Mother,Son,Mother-Son
60,65,Female,Male,No,Single,15.3,Roommate,Roommate,Unrelated
39,62,Female,Male,No,Single,1.8,Roommate,Roommate,Unrelated
24,26,Male,Female,Yes,Married,7.7,Husband,Wife,Husband-Wife
63,1,Female,Male,Yes,Widowed,3.5,Grandmother,Grandson,Grandmother-Grandson
26,22,Male,Male,Yes,Single,12.5,Brother,Brother,Brother-Brother
33,37,Male,Female,No,Single,22.1,Roommate,Roommate,Unrelated
71,32,Male,Male,Yes,Divorced,10.0,Grandfather,Grandson,Grandfather-Grandson
46,28,Male,Female,No,Single,16.9,Roommate,Roommate,Unrelated
73,19,Male,Female,Yes,Single,16.1,Grandfather,Granddaughter,Grandfather-Granddaughter
49,57,Male,Male,Yes,Single,21.6,Brother,Brother,Brother-Brother
63,23,Female,Male,Yes,Divorced,14.8,Grandmother,Grandson,Grandmother-Grandson
40,49,Male,Male,No,Single,24.8,Roommate,Roommate,Unrelated
40,33,Male,Female,Yes,Married,6.7,Husband,Wife,Husband-Wife
57,3,Male,Male,Yes,Single,23.3,Grandfather,Grandson,Grandfather-Grandson
58,9,Female,Female,Yes,Single,18.9,Mother,Daughter,Mother-Daughter
63,1,Male,Female,Yes,Married,23.0,Father,Daughter,Father-Daughter
32,12,Female,Male,Yes,Divorced,4.3,Mother,Son,Mother-Son
28,28,Female,Female,Yes,Single,2.2,Sister,Sister,Sister-Sister
41,37,Female,Female,Yes,Single,16.6,Sister,Sister,Sister-Sister
41,39,Female,Female,Yes,Single,23.1,Sister,Sister,Sister-Sister
84,47,Male,Male,Yes,Divorced,9.8,Grandfather,Grandson,Grandfather-Grandson
66,22,Male,Male,Yes,Married,28.3,Father,Son,Father-Son
47,25,Female,Male,Yes,Widowed,20.2,Mother,Son,Mother-Son
72,4,Female,Male,Yes,Single,16.3,Grandmother,Grandson,Grandmother-Grandson
75,25,Female,Female,Yes,Divorced,20.9,Grandmother,Granddaughter,Grandmother-Granddaughter
62,8,Male,Male,Yes,Single,27.7,Father,Son,Father-Son
48,29,Male,Male,Yes,Married,8.4,Father,Son,Father-Son
48,3,Male,Male,Yes,Divorced,16.4,Father,Son,Father-Son
51,57,Male,Female,Yes,Married,29.6,Husband,Wife,Husband-Wife
57,32,Male,Female,Yes,Divorced,7.6,Father,Daughter,Father-Daughter
41,43,Male,Female,Yes,Single,14.5,Brother,Sister,Brother-Sister
29,33,Male,Male,Yes,Single,22.9,Brother,Brother,Brother-Brother
56,56,Male,Female,Yes,Single,25.0,Brother,Sister,Brother-Sister
37,2,Female,Female,Yes,Divorced,17.9,Mother,Daughter,Mother-Daughter
51,2,Male,Male,Yes,Divorced,6.9,Grandfather,Grandson,Grandfather-Grandson
14,8,Female,Female,Yes,Single,29.4,Sister,Sister,Sister-Sister
24,42,Female,Female,No,Single,8.3,Roommate,Roommate,Unrelated
84,5,Male,Female,Yes,Divorced,23.1,Grandfather,Granddaughter,Grandfather-Granddaughter
59,4,Male,Female,Yes,Married,24.7,Grandfather,Granddaughter,Grandfather-Granddaughter
38,19,Female,Female,Yes,Widowed,15.8,Mother,Daughter,Mother-Daughter
43,9,Female,Female,Yes,Single,4.7,Mother,Daughter,Mother-Daughter
69,42,Male,Male,Yes,Single,25.3,Father,Son,Father-Son
55,10,Male,Male,Yes,Divorced,22.4,Grandfather,Grandson,Grandfather-Grandson
61,11,Male,Female,Yes,Married,16.3,Grandfather,Granddaughter,Grandfather-Granddaughter
80,9,Male,Male,Yes,Widowed,8.0,Grandfather,Grandson,Grandfather-Grandson
18,10,Male,Female,Yes,Single,13.2,Brother,Sister,Brother-Sister
68,68,Female,Male,No,Single,11.6,Roommate,Roommate,Unrelated
57,64,Male,Female,Yes,Married,2.1,Husband,Wife,Husband-Wife
49,43,Female,Male,No,Single,17.7,Roommate,Roommate,Unrelated
55,19,Female,Male,Yes,Divorced,20.2,Grandmother,Grandson,Grandmother-Grandson
72,37,Male,Female,Yes,Single,11.3,Grandfather,Granddaughter,Grandfather-Granddaughter
79,21,Male,Male,Yes,Divorced,13.9,Grandfather,Grandson,Grandfather-Grandson
59,38,Male,Male,Yes,Divorced,27.0,Father,Son,Father-Son
16,22,Male,Female,Yes,Single,21.0,Brother,Sister,Brother-Sister
60,29,Male,Male,Yes,Widowed,7.8,Father,Son,Father-Son
40,42,Male,Male,Yes,Single,14.5,Brother,Brother,Brother-Brother
38,17,Female,Male,Yes,Married,7.8,Mother,Son,Mother-Son
69,1,Female,Female,Yes,Divorced,13.6,Grandmother,Granddaughter,Grandmother-Granddaughter
67,24,Female,Female,Yes,Divorced,2.6,Grandmother,Granddaughter,Grandmother-Granddaughter
83,13,Male,Female,Yes,Single,9.7,Grandfather,Granddaughter,Grandfather-Granddaughter
64,72,Male,Female,Yes,Married,11.0,Husband,Wife,Husband-Wife
68,78,Male,Female,Yes,Married,12.9,Husband,Wife,Husband-Wife
55,9,Male,Male,Yes,Divorced,26.1,Grandfather,Grandson,Grandfather-Grandson
83,22,Male,Female,Yes,Divorced,10.2,Grandfather,Granddaughter,Grandfather-Granddaughter
66,4,Female,Male,Yes,Single,6.4,Grandmother,Grandson,Grandmother-Grandson
54,35,Male,Male,Yes,Divorced,5.0,Father,Son,Father-Son
83,43,Male,Male,Yes,Widowed,12.3,Grandfather,Grandson,Grandfather-Grandson
49,1,Female,Male,Yes,Divorced,28.8,Mother,Son,Mother-Son
55,46,Male,Male,Yes,Single,24.7,Brother,Brother,Brother-Brother
74,7,Male,Male,Yes,Divorced,19.3,Grandfather,Grandson,Grandfather-Grandson
10,4,Male,Female,Yes,Single,2.9,Brother,Sister,Brother-Sister
33,22,Male,Female,Yes,Married,29.2,Husband,Wife,Husband-Wife
66,7,Female,Male,Yes,Single,19.4,Grandmother,Grandson,Grandmother-Grandson
26,26,Male,Female,Yes,Single,18.4,Brother,Sister,Brother-Sister
26,35,Male,Female,Yes,Married,6.4,Husband,Wife,Husband-Wife
5,7,Male,Male,Yes,Single,15.0,Brother,Brother,Brother-Brother
41,2,Female,Female,Yes,Married,4.0,Mother,Daughter,Mother-Daughter
25,20,Male,Female,Yes,Married,4.2,Husband,Wife,Husband-Wife
55,61,Male,Male,Yes,Single,18.5,Brother,Brother,Brother-Brother
51,14,Male,Male,Yes,Married,12.6,Grandfather,Grandson,Grandfather-Grandson
42,0,Male,Male,Yes,Married,21.2,Father,Son,Father-Son
72,33,Male,Female,Yes,Divorced,4.9,Grandfather,Granddaughter,Grandfather-Granddaughter
31,22,Female,Female,Yes,Single,18.5,Sister,Sister,Sister-Sister
64,41,Female,Male,Yes,Married,9.5,Mother,Son,Mother-Son
90,38,Female,Male,Yes,Married,16.1,Grandmother,Grandson,Grandmother-Grandson
57,51,Male,Male,Yes,Single,26.5,Brother,Brother,Brother-Brother
17,18,Female,Female,Yes,Single,19.0,Sister,Sister,Sister-Sister
38,39,Female,Female,Yes,Single,20.0,Sister,Sister,Sister-Sister
56,55,Female,Female,Yes,Single,19.1,Sister,Sister,Sister-Sister
70,23,Male,Female,Yes,Divorced,9.9,Grandfather,Granddaughter,Grandfather-Granddaughter
10,10,Male,Female,Yes,Single,26.6,Brother,Sister,Brother-Sister
59,5,Male,Female,Yes,Married,21.7,Father,Daughter,Father-Daughter
52,11,Male,Female,Yes,Married,25.0,Grandfather,Granddaughter,Grandfather-Granddaughter
64,21,Male,Female,Yes,Widowed,26.1,Grandfather,Granddaughter,Grandfather-Granddaughter
75,28,Female,Male,Yes,Married,18.7,Grandmother,Grandson,Grandmother-Grandson
87,28,Male,Male,Yes,Married,3.3,Grandfather,Grandson,Grandfather-Grandson
70,29,Female,Female,No,Single,28.4,Roommate,Roommate,Unrelated
54,14,Male,Male,Yes,Married,6.6,Grandfather,Grandson,Grandfather-Grandson
24,33,Male,Female,Yes,Single,8.4,Brother,Sister,Brother-Sister
42,52,Female,Female,Yes,Single,3.8,Sister,Sister,Sister-Sister
90,39,Male,Female,Yes,Divorced,20.2,Grandfather,Granddaughter,Grandfather-Granddaughter
34,3,Male,Female,Yes,Single,4.0,Father,Daughter,Father-Daughter
48,54,Male,Male,Yes,Single,24.5,Brother,Brother,Brother-Brother
53,17,Female,Female,Yes,Single,17.2,Mother,Daughter,Mother-Daughter
39,40,Female,Female,Yes,Single,27.7,Sister,Sister,Sister-Sister
76,14,Male,Male,Yes,Single,15.1,Grandfather,Grandson,Grandfather-Grandson
28,23,Female,Female,Yes,Single,27.6,Sister,Sister,Sister-Sister
67,22,Female,Male,Yes,Married,7.0,Grandmother,Grandson,Grandmother-Grandson
89,45,Female,Female,Yes,Divorced,8.5,Grandmother,Granddaughter,Grandmother-Granddaughter
86,7,Female,Male,Yes,Married,29.6,Grandmother,Grandson,Grandmother-Grandson
55,17,Male,Female,Yes,Divorced,20.5,Father,Daughter,Father-Daughter
49,47,Male,Female,Yes,Single,15.9,Brother,Sister,Brother-Sister
57,8,Male,Female,Yes,Single,3.8,Father,Daughter,Father-Daughter
72,6,Female,Female,Yes,Widowed,21.0,Grandmother,Granddaughter,Grandmother-Granddaughter
35,17,Male,Male,Yes,Divorced,25.7,Father,Son,Father-Son
59,6,Male,Female,Yes,Married,13.3,Grandfather,Granddaughter,Grandfather-Granddaughter
51,57,Male,Male,Yes,Single,0.9,Brother,Brother,Brother-Brother
18,22,Female,Female,Yes,Single,4.1,Sister,Sister,Sister-Sister
51,60,Male,Female,Yes,Single,12.3,Brother,Sister,Brother-Sister
27,26,Male,Female,Yes,Married,1.2,Husband,Wife,Husband-Wife
87,7,Female,Male,Yes,Married,14.5,Grandmother,Grandson,Grandmother-Grandson
53,22,Male,Male,Yes,Widowed,25.0,Father,Son,Father-Son
48,40,Female,Female,No,Single,8.2,Roommate,Roommate,Unrelated
35,2,Female,Male,Yes,Married,16.5,Mother,Son,Mother-Son
34,41,Male,Female,Yes,Married,23.1,Husband,Wife,Husband-Wife
87,15,Male,Male,Yes,Divorced,16.2,Grandfather,Grandson,Grandfather-Grandson
61,23,Male,Female,Yes,Married,1.9,Grandfather,Granddaughter,Grandfather-Granddaughter
26,26,Male,Female,Yes,Single,10.1,Brother,Sister,Brother-Sister
27,24,Female,Female,Yes,Single,25.9,Sister,Sister,Sister-Sister
39,27,Male,Female,No,Single,20.8,Roommate,Roommate,Unrelated
62,26,Male,Female,Yes,Divorced,28.4,Grandfather,Granddaughter,Grandfather-Granddaughter
58,18,Male,Female,Yes,Widowed,17.0,Grandfather,Granddaughter,Grandfather-Granddaughter
42,20,Male,Female,Yes,Widowed,12.1,Father,Daughter,Father-Daughter
21,32,Male,Female,Yes,Married,24.8,Husband,Wife,Husband-Wife
65,7,Female,Male,Yes,Widowed,8.2,Mother,Son,Mother-Son
83,27,Female,Male,Yes,Married,9.0,Grandmother,Grandson,Grandmother-Grandson
43,4,Male,Male,Yes,Divorced,9.9,Father,Son,Father-Son
67,35,Male,Male,Yes,Single,22.2,Father,Son,Father-Son
48,62,Male,Female,No,Single,20.1,Roommate,Roommate,Unrelated
38,69,Male,Female,No,Single,13.1,Roommate,Roommate,Unrelated
64,10,Female,Male,Yes,Married,24.0,Mother,Son,Mother-Son
68,19,Female,Male,No,Single,10.5,Roommate,Roommate,Unrelated
59,52,Female,Female,Yes,Single,12.8,Sister,Sister,Sister-Sister
26,38,Female,Female,No,Single,27.8,Roommate,Roommate,Unrelated
78,43,Male,Female,Yes,Divorced,6.4,Grandfather,Granddaughter,Grandfather-Granddaughter
42,34,Male,Female,Yes,Single,1.3,Brother,Sister,Brother-Sister
28,38,Male,Female,Yes,Single,28.8,Brother,Sister,Brother-Sister
57,15,Male,Female,Yes,Divorced,3.9,Grandfather,Granddaughter,Grandfather-Granddaughter
79,32,Female,Male,Yes,Married,1.9,Grandmother,Grandson,Grandmother-Grandson
46,21,Female,Male,Yes,Divorced,17.0,Mother,Son,Mother-Son
31,0,Male,Female,Yes,Divorced,27.8,Father,Daughter,Father-Daughter
51,57,Female,Female,Yes,Single,27.4,Sister,Sister,Sister-Sister
54,18,Male,Female,Yes,Widowed,3.0,Grandfather,Granddaughter,Grandfather-Granddaughter
80,39,Male,Female,Yes,Married,18.1,Grandfather,Granddaughter,Grandfather-Granddaughter
72,8,Female,Female,Yes,Single,17.8,Grandmother,Granddaughter,Grandmother-Granddaughter
59,1,Female,Female,Yes,Single,28.4,Mother,Daughter,Mother-Daughter
41,10,Male,Male,Yes,Married,21.4,Father,Son,Father-Son
25,0,Female,Male,Yes,Widowed,27.9,Mother,Son,Mother-Son
6,11,Female,Female,Yes,Single,24.7,Sister,Sister,Sister-Sister
45,1,Male,Male,Yes,Married,16.9,Father,Son,Father-Son
69,21,Male,Female,Yes,Married,1.7,Grandfather,Granddaughter,Grandfather-Granddaughter
66,66,Male,Female,Yes,Married,28.4,Husband,Wife,Husband-Wife
13,22,Male,Male,Yes,Single,23.6,Brother,Brother,Brother-Brother
80,14,Female,Male,Yes,Divorced,2.6,Grandmother,Grandson,Grandmother-Grandson
27,2,Female,Male,Yes,Married,12.0,Mother,Son,Mother-Son
56,38,Male,Female,Yes,Single,13.0,Father,Daughter,Father-Daughter
48,14,Female,Female,Yes,Married,6.7,Mother,Daughter,Mother-Daughter
87,17,Female,Male,Yes,Single,15.4,Grandmother,Grandson,Grandmother-Grandson
21,18,Male,Female,Yes,Married,16.4,Husband,Wife,Husband-Wife
26,18,Female,Female,Yes,Single,8.8,Sister,Sister,Sister-Sister
77,2,Male,Female,Yes,Divorced,9.4,Grandfather,Granddaughter,Grandfather-Granddaughter
65,26,Male,Female,Yes,Divorced,28.8,Grandfather,Granddaughter,Grandfather-Granddaughter
50,41,Male,Female,Yes,Married,13.1,Husband,Wife,Husband-Wife
37,35,Male,Male,Yes,Single,28.0,Brother,Brother,Brother-Brother
35,36,Female,Female,Yes,Single,3.1,Sister,Sister,Sister-Sister
56,65,Female,Female,Yes,Single,14.7,Sister,Sister,Sister-Sister
57,18,Male,Male,Yes,Widowed,4.3,Father,Son,Father-Son
59,18,Male,Female,Yes,Single,15.1,Grandfather,Granddaughter,Grandfather-Granddaughter
51,23,Female,Female,Yes,Divorced,23.5,Mother,Daughter,Mother-Daughter
51,46,Male,Male,Yes,Single,8.2,Brother,Brother,Brother-Brother
58,6,Male,Male,Yes,Divorced,21.4,Grandfather,Grandson,Grandfather-Grandson
61,25,Female,Female,No,Single,29.3,Roommate,Roommate,Unrelated
53,47,Male,Female,Yes,Single,28.5,Brother,Sister,Brother-Sister
47,15,Male,Male,Yes,Widowed,5.2,Father,Son,Father-Son
74,23,Male,Female,Yes,Widowed,5.5,Grandfather,Granddaughter,Grandfather-Granddaughter
86,39,Female,Female,Yes,Widowed,3.3,Grandmother,Granddaughter,Grandmother-Granddaughter
49,53,Female,Female,Yes,Single,10.2,Sister,Sister,Sister-Sister
66,3,Male,Female,Yes,Single,21.9,Father,Daughter,Father-Daughter
69,18,Male,Female,Yes,Single,15.8,Grandfather,Granddaughter,Grandfather-Granddaughter
33,41,Male,Male,No,Single,28.2,Roommate,Roommate,Unrelated
71,10,Female,Female,Yes,Single,1.6,Grandmother,Granddaughter,Grandmother-Granddaughter
39,1,Female,Female,Yes,Widowed,1.0,Mother,Daughter,Mother-Daughter
45,43,Male,Male,Yes,Single,18.8,Brother,Brother,Brother-Brother
52,5,Female,Male,Yes,Single,20.9,Grandmother,Grandson,Grandmother-Grandson
38,40,Male,Male,Yes,Single,12.5,Brother,Brother,Brother-Brother
67,47,Male,Female,No,Single,19.0,Roommate,Roommate,Unrelated
20,18,Male,Female,Yes,Married,8.6,Husband,Wife,Husband-Wife
58,52,Male,Male,Yes,Single,22.9,Brother,Brother,Brother-Brother
30,2,Male,Female,Yes,Widowed,6.4,Father,Daughter,Father-Daughter
75,38,Male,Male,Yes,Married,21.1,Grandfather,Grandson,Grandfather-Grandson
6,10,Female,Female,Yes,Single,13.8,Sister,Sister,Sister-Sister
32,33,Male,Female,Yes,Single,29.9,Brother,Sister,Brother-Sister
30,40,Female,Female,Yes,Single,26.6,Sister,Sister,Sister-Sister
27,9,Female,Male,Yes,Divorced,25.9,Mother,Son,Mother-Son
52,7,Male,Male,Yes,Divorced,21.8,Grandfather,Grandson,Grandfather-Grandson
45,55,Male,Male,No,Single,20.9,Roommate,Roommate,Unrelated
52,8,Female,Male,Yes,Widowed,9.8,Mother,Son,Mother-Son
45,5,Male,Male,Yes,Married,10.5,Father,Son,Father-Son
23,23,Female,Female,Yes,Single,4.1,Sister,Sister,Sister-Sister
34,7,Male,Female,Yes,Single,19.2,Father,Daughter,Father-Daughter
41,6,Male,Female,Yes,Single,12.2,Father,Daughter,Father-Daughter
84,24,Male,Female,Yes,Widowed,17.6,Grandfather,Granddaughter,Grandfather-Granddaughter
34,9,Male,Female,Yes,Married,18.5,Father,Daughter,Father-Daughter
63,34,Male,Female,Yes,Widowed,21.0,Father,Daughter,Father-Daughter
57,37,Male,Male,Yes,Widowed,20.7,Father,Son,Father-Son
79,7,Male,Male,Yes,Married,16.9,Grandfather,Grandson,Grandfather-Grandson
42,5,Female,Female,Yes,Widowed,9.7,Mother,Daughter,Mother-Daughter
85,25,Female,Female,Yes,Divorced,12.3,Grandmother,Granddaughter,Grandmother-Granddaughter
63,23,Female,Female,Yes,Married,3.2,Grandmother,Granddaughter,Grandmother-Granddaughter
87,36,Male,Male,Yes,Divorced,21.9,Grandfather,Grandson,Grandfather-Grandson
49,26,Male,Male,No,Single,11.7,Roommate,Roommate,Unrelated
47,45,Male,Male,Yes,Single,28.9,Brother,Brother,Brother-Brother
19,23,Male,Female,No,Single,4.3,Roommate,Roommate,Unrelated
60,61,Female,Female,Yes,Single,3.7,Sister,Sister,Sister-Sister
57,55,Female,Female,Yes,Single,12.1,Sister,Sister,Sister-Sister
26,29,Male,Female,Yes,Single,24.5,Brother,Sister,Brother-Sister
63,61,Male,Male,No,Single,5.9,Roommate,Roommate,Unrelated
58,21,Female,Female,Yes,Single,19.0,Grandmother,Granddaughter,Grandmother-Granddaughter
48,58,Male,Female,Yes,Single,4.3,Brother,Sister,Brother-Sister
45,47,Female,Female,Yes,Single,0.8,Sister,Sister,Sister-Sister
26,7,Female,Female,Yes,Divorced,5.9,Mother,Daughter,Mother-Daughter
78,16,Male,Male,Yes,Married,6.1,Grandfather,Grandson,Grandfather-Grandson
56,12,Female,Male,Yes,Single,20.0,Mother,Son,Mother-Son
44,43,Male,Male,Yes,Single,11.0,Brother,Brother,Brother-Brother
55,14,Male,Female,Yes,Single,21.6,Grandfather,Granddaughter,Grandfather-Granddaughter
53,47,Male,Male,Yes,Single,27.7,Brother,Brother,Brother-Brother
24,49,Male,Female,No,Single,26.0,Roommate,Roommate,Unrelated
54,36,Male,Female,Yes,Divorced,29.3,Father,Daughter,Father-Daughter
29,23,Male,Female,Yes,Single,4.2,Brother,Sister,Brother-Sister
60,2,Male,Female,Yes,Married,25.9,Grandfather,Granddaughter,Grandfather-Granddaughter
57,18,Female,Female,Yes,Married,10.0,Grandmother,Granddaughter,Grandmother-Granddaughter
58,23,Female,Female,Yes,Single,19.9,Grandmother,Granddaughter,Grandmother-Granddaughter
53,63,Female,Female,No,Single,21.1,Roommate,Roommate,Unrelated
62,71,Male,Female,Yes,Married,19.7,Husband,Wife,Husband-Wife
77,36,Male,Male,Yes,Married,2.1,Grandfather,Grandson,Grandfather-Grandson
55,29,Female,Male,Yes,Divorced,21.4,Mother,Son,Mother-Son
58,47,Male,Male,No,Single,15.5,Roommate,Roommate,Unrelated
25,6,Female,Female,Yes,Single,25.1,Mother,Daughter,Mother-Daughter
53,54,Male,Male,No,Single,24.4,Roommate,Roommate,Unrelated
65,13,Male,Male,Yes,Divorced,8.4,Grandfather,Grandson,Grandfather-Grandson
59,9,Male,Female,Yes,Single,17.7,Father,Daughter,Father-Daughter
38,44,Female,Female,Yes,Single,1.1,Sister,Sister,Sister-Sister
56,35,Female,Male,Yes,Divorced,17.2,Mother,Son,Mother-Son
84,23,Male,Female,Yes,Married,24.2,Grandfather,Granddaughter,Grandfather-Granddaughter
40,3,Female,Female,Yes,Married,23.2,Mother,Daughter,Mother-Daughter
52,0,Male,Female,Yes,Widowed,27.5,Father,Daughter,Father-Daughter
82,1,Male,Female,Yes,Married,27.2,Grandfather,Granddaughter,Grandfather-Granddaughter
66,10,Male,Male,Yes,Widowed,7.1,Grandfather,Grandson,Grandfather-Grandson
11,8,Female,Female,Yes,Single,28.5,Sister,Sister,Sister-Sister
66,16,Male,Male,Yes,Divorced,3.8,Grandfather,Grandson,Grandfather-Grandson
81,46,Female,Male,Yes,Divorced,25.3,Grandmother,Grandson,Grandmother-Grandson
14,19,Male,Female,Yes,Single,8.8,Brother,Sister,Brother-Sister
60,13,Female,Female,Yes,Married,5.1,Grandmother,Granddaughter,Grandmother-Granddaughter
36,26,Female,Female,Yes,Single,29.0,Sister,Sister,Sister-Sister
68,26,Male,Female,Yes,Divorced,6.8,Grandfather,Granddaughter,Grandfather-Granddaughter
39,31,Male,Male,Yes,Single,19.7,Roommate,Roommate,Unrelated
54,46,Female,Female,Yes,Single,5.5,Sister,Sister,Sister-Sister
88,39,Male,Male,Yes,Married,24.2,Grandfather,Grandson,Grandfather-Grandson
23,18,Female,Female,Yes,Single,16.3,Sister,Sister,Sister-Sister
35,30,Female,Female,Yes,Single,1.7,Sister,Sister,Sister-Sister
52,10,Female,Male,Yes,Single,2.1,Grandmother,Grandson,Grandmother-Grandson
41,20,Female,Male,Yes,Single,4.7,Mother,Son,Mother-Son
68,34,Male,Female,Yes,Single,23.2,Father,Daughter,Father-Daughter
50,1,Male,Female,Yes,Divorced,15.5,Father,Daughter,Father-Daughter
33,34,Male,Male,Yes,Single,27.7,Brother,Brother,Brother-Brother
84,14,Male,Female,Yes,Married,4.8,Grandfather,Granddaughter,Grandfather-Granddaughter
65,67,Male,Female,Yes,Married,27.9,Husband,Wife,Husband-Wife
62,6,Male,Female,Yes,Widowed,15.4,Grandfather,Granddaughter,Grandfather-Granddaughter
48,52,Male,Female,Yes,Single,21.0,Brother,Sister,Brother-Sister
90,42,Male,Female,Yes,Married,6.1,Grandfather,Granddaughter,Grandfather-Granddaughter
60,50,Female,Female,Yes,Single,29.3,Sister,Sister,Sister-Sister
85,26,Female,Male,Yes,Married,14.1,Grandmother,Grandson,Grandmother-Grandson
43,44,Male,Female,No,Single,14.8,Roommate,Roommate,Unrelated
40,34,Female,Female,Yes,Single,18.9,Sister,Sister,Sister-Sister
52,8,Female,Female,Yes,Single,29.4,Mother,Daughter,Mother-Daughter
46,1,Male,Male,Yes,Married,29.0,Father,Son,Father-Son
52,12,Female,Female,Yes,Divorced,17.4,Mother,Daughter,Mother-Daughter
15,25,Male,Female,Yes,Single,2.3,Brother,Sister,Brother-Sister
52,45,Male,Female,Yes,Single,29.6,Brother,Sister,Brother-Sister
85,33,Female,Male,Yes,Married,6.8,Grandmother,Grandson,Grandmother-Grandson
26,55,Male,Male,No,Single,23.1,Roommate,Roommate,Unrelated
67,26,Male,Male,Yes,Widowed,28.0,Father,Son,Father-Son
62,20,Male,Female,Yes,Widowed,18.0,Grandfather,Granddaughter,Grandfather-Granddaughter
47,50,Female,Female,No,Single,5.3,Roommate,Roommate,Unrelated
36,46,Male,Female,Yes,Single,17.2,Brother,Sister,Brother-Sister
50,26,Male,Female,Yes,Married,4.4,Father,Daughter,Father-Daughter
32,68,Male,Male,No,Single,19.2,Roommate,Roommate,Unrelated
86,44,Female,Female,Yes,Widowed,22.1,Grandmother,Granddaughter,Grandmother-Granddaughter
26,24,Male,Female,Yes,Married,20.2,Husband,Wife,Husband-Wife
36,44,Female,Female,Yes,Single,28.7,Sister,Sister,Sister-Sister
33,1,Female,Female,Yes,Single,7.1,Mother,Daughter,Mother-Daughter
24,24,Male,Female,Yes,Married,18.1,Husband,Wife,Husband-Wife
48,46,Male,Male,Yes,Single,18.1,Brother,Brother,Brother-Brother
23,28,Male,Male,Yes,Single,10.6,Brother,Brother,Brother-Brother
89,14,Male,Female,Yes,Married,28.4,Grandfather,Granddaughter,Grandfather-Granddaughter
50,10,Male,Male,Yes,Single,22.3,Grandfather,Grandson,Grandfather-Grandson
53,10,Female,Male,Yes,Married,9.8,Mother,Son,Mother-Son
6,16,Female,Female,Yes,Single,9.8,Sister,Sister,Sister-Sister
40,45,Female,Female,Yes,Single,3.0,Sister,Sister,Sister-Sister
56,30,Female,Male,Yes,Divorced,5.5,Mother,Son,Mother-Son
22,14,Male,Female,Yes,Single,7.2,Brother,Sister,Brother-Sister
35,17,Male,Female,Yes,Widowed,25.9,Father,Daughter,Father-Daughter
41,18,Female,Female,Yes,Widowed,28.8,Mother,Daughter,Mother-Daughter
59,24,Female,Female,Yes,Married,17.1,Mother,Daughter,Mother-Daughter
43,8,Female,Female,Yes,Married,6.4,Mother,Daughter,Mother-Daughter
55,65,Male,Female,Yes,Married,20.1,Husband,Wife,Husband-Wife
67,0,Female,Female,Yes,Widowed,17.2,Grandmother,Granddaughter,Grandmother-Granddaughter
50,14,Male,Female,Yes,Married,21.5,Grandfather,Granddaughter,Grandfather-Granddaughter
54,30,Male,Male,Yes,Married,6.4,Father,Son,Father-Son
77,37,Male,Female,Yes,Widowed,22.1,Grandfather,Granddaughter,Grandfather-Granddaughter
84,44,Male,Female,Yes,Widowed,29.7,Grandfather,Granddaughter,Grandfather-Granddaughter
43,18,Male,Male,Yes,Divorced,28.5,Father,Son,Father-Son
59,47,Male,Female,Yes,Married,20.9,Husband,Wife,Husband-Wife
56,12,Male,Female,Yes,Divorced,26.2,Grandfather,Granddaughter,Grandfather-Granddaughter
53,15,Male,Female,Yes,Married,27.6,Father,Daughter,Father-Daughter
32,37,Male,Male,Yes,Single,17.0,Brother,Brother,Brother-Brother
35,40,Male,Female,Yes,Single,8.5,Brother,Sister,Brother-Sister
77,30,Female,Female,Yes,Single,1.7,Grandmother,Granddaughter,Grandmother-Granddaughter
73,16,Female,Male,Yes,Married,5.8,Grandmother,Grandson,Grandmother-Grandson
60,37,Male,Male,Yes,Divorced,10.2,Father,Son,Father-Son
78,27,Male,Male,Yes,Married,29.8,Grandfather,Grandson,Grandfather-Grandson
55,17,Female,Female,Yes,Divorced,22.2,Grandmother,Granddaughter,Grandmother-Granddaughter
63,24,Female,Male,Yes,Single,14.2,Mother,Son,Mother-Son
67,28,Female,Female,Yes,Divorced,26.0,Grandmother,Granddaughter,Grandmother-Granddaughter
43,47,Male,Male,Yes,Single,20.0,Brother,Brother,Brother-Brother
50,38,Male,Female,Yes,Married,6.3,Husband,Wife,Husband-Wife
26,34,Male,Female,Yes,Single,2.0,Brother,Sister,Brother-Sister
43,53,Male,Female,Yes,Single,2.3,Brother,Sister,Brother-Sister
60,17,Female,Male,Yes,Widowed,22.6,Grandmother,Grandson,Grandmother-Grandson
65,40,Male,Female,Yes,Widowed,7.5,Father,Daughter,Father-Daughter
44,51,Male,Female,Yes,Single,29.4,Brother,Sister,Brother-Sister
40,38,Male,Female,Yes,Married,4.8,Husband,Wife,Husband-Wife
77,20,Female,Male,Yes,Widowed,3.3,Grandmother,Grandson,Grandmother-Grandson
50,49,Female,Female,Yes,Single,29.0,Sister,Sister,Sister-Sister
41,34,Male,Female,Yes,Married,19.8,Husband,Wife,Husband-Wife
31,2,Female,Female,Yes,Widowed,28.9,Mother,Daughter,Mother-Daughter
16,18,Female,Female,Yes,Single,6.0,Sister,Sister,Sister-Sister
11,4,Male,Female,Yes,Single,17.4,Brother,Sister,Brother-Sister
31,13,Female,Female,Yes,Single,28.7,Mother,Daughter,Mother-Daughter
77,24,Male,Male,Yes,Widowed,27.6,Grandfather,Grandson,Grandfather-Grandson
31,11,Female,Male,Yes,Married,14.9,Mother,Son,Mother-Son
28,8,Male,Female,Yes,Single,22.6,Father,Daughter,Father-Daughter
64,20,Male,Male,Yes,Married,23.4,Grandfather,Grandson,Grandfather-Grandson
59,5,Female,Female,Yes,Widowed,29.4,Grandmother,Granddaughter,Grandmother-Granddaughter
65,70,Male,Female,Yes,Married,13.7,Husband,Wife,Husband-Wife
50,4,Female,Female,Yes,Widowed,23.6,Grandmother,Granddaughter,Grandmother-Granddaughter
32,0,Female,Female,Yes,Widowed,11.5,Mother,Daughter,Mother-Daughter
14,12,Male,Female,Yes,Single,2.3,Brother,Sister,Brother-Sister
69,22,Female,Male,No,Single,6.0,Roommate,Roommate,Unrelated
87,40,Female,Female,Yes,Married,20.8,Grandmother,Granddaughter,Grandmother-Granddaughter
40,7,Female,Female,Yes,Married,11.6,Mother,Daughter,Mother-Daughter
63,26,Male,Male,Yes,Married,2.0,Grandfather,Grandson,Grandfather-Grandson
63,26,Male,Female,Yes,Divorced,19.7,Grandfather,Granddaughter,Grandfather-Granddaughter
53,5,Female,Female,Yes,Widowed,11.1,Mother,Daughter,Mother-Daughter
89,27,Male,Male,Yes,Divorced,22.8,Grandfather,Grandson,Grandfather-Grandson
39,40,Male,Female,Yes,Married,19.0,Husband,Wife,Husband-Wife
47,47,Male,Female,Yes,Single,25.1,Brother,Sister,Brother-Sister
68,3,Male,Female,Yes,Married,20.9,Grandfather,Granddaughter,Grandfather-Granddaughter
53,1,Male,Male,Yes,Widowed,6.2,Grandfather,Grandson,Grandfather-Grandson
57,3,Female,Female,Yes,Married,23.9,Mother,Daughter,Mother-Daughter
70,27,Male,Male,Yes,Married,11.5,Grandfather,Grandson,Grandfather-Grandson
63,9,Female,Male,Yes,Married,16.5,Mother,Son,Mother-Son
26,27,Female,Female,Yes,Single,28.2,Sister,Sister,Sister-Sister
19,38,Female,Female,No,Single,14.7,Roommate,Roommate,Unrelated
30,4,Female,Female,Yes,Married,18.9,Mother,Daughter,Mother-Daughter
56,7,Male,Female,Yes,Divorced,27.2,Grandfather,Granddaughter,Grandfather-Granddaughter
32,29,Male,Male,Yes,Single,29.2,Brother,Brother,Brother-Brother
36,17,Female,Male,Yes,Divorced,21.0,Mother,Son,Mother-Son
8,15,Male,Female,Yes,Single,29.1,Brother,Sister,Brother-Sister
34,33,Male,Male,Yes,Single,20.2,Brother,Brother,Brother-Brother
64,9,Female,Male,Yes,Divorced,23.5,Grandmother,Grandson,Grandmother-Grandson
76,31,Male,Female,Yes,Single,10.8,Grandfather,Granddaughter,Grandfather-Granddaughter
30,4,Male,Male,Yes,Widowed,14.0,Father,Son,Father-Son
9,7,Male,Female,Yes,Single,10.1,Brother,Sister,Brother-Sister
38,37,Male,Male,Yes,Single,5.1,Brother,Brother,Brother-Brother
62,8,Male,Female,Yes,Married,11.2,Grandfather,Granddaughter,Grandfather-Granddaughter
57,47,Male,Male,Yes,Single,21.9,Brother,Brother,Brother-Brother
47,3,Male,Male,Yes,Married,18.8,Father,Son,Father-Son
34,38,Female,Female,Yes,Single,20.0,Sister,Sister,Sister-Sister
76,31,Female,Male,Yes,Single,3.7,Grandmother,Grandson,Grandmother-Grandson
51,23,Male,Male,Yes,Married,28.0,Father,Son,Father-Son
51,10,Male,Female,Yes,Married,3.1,Father,Daughter,Father-Daughter
34,3,Female,Male,Yes,Divorced,29.8,Mother,Son,Mother-Son
75,12,Female,Female,Yes,Divorced,28.0,Grandmother,Granddaughter,Grandmother-Granddaughter
35,6,Female,Male,Yes,Married,17.1,Mother,Son,Mother-Son
32,19,Male,Male,No,Single,28.5,Roommate,Roommate,Unrelated
31,1,Male,Female,Yes,Widowed,21.4,Father,Daughter,Father-Daughter
45,8,Female,Female,Yes,Widowed,22.9,Mother,Daughter,Mother-Daughter
35,32,Male,Female,Yes,Married,24.9,Husband,Wife,Husband-Wife
66,20,Female,Male,Yes,Married,12.8,Grandmother,Grandson,Grandmother-Grandson
55,11,Female,Female,Yes,Married,5.6,Grandmother,Granddaughter,Grandmother-Granddaughter
66,65,Female,Female,No,Single,12.7,Roommate,Roommate,Unrelated
25,20,Female,Female,Yes,Single,3.1,Sister,Sister,Sister-Sister
34,15,Male,Female,Yes,Widowed,7.1,Father,Daughter,Father-Daughter
81,2,Female,Male,Yes,Widowed,8.5,Grandmother,Grandson,Grandmother-Grandson
6,8,Female,Female,Yes,Single,20.4,Sister,Sister,Sister-Sister
52,66,Male,Male,No,Single,22.6,Roommate,Roommate,Unrelated
36,13,Male,Male,Yes,Married,13.7,Father,Son,Father-Son
35,37,Male,Female,Yes,Single,12.2,Brother,Sister,Brother-Sister
72,11,Male,Male,Yes,Widowed,16.0,Grandfather,Grandson,Grandfather-Grandson
90,20,Female,Male,Yes,Married,13.9,Grandmother,Grandson,Grandmother-Grandson
86,38,Male,Female,Yes,Divorced,22.3,Grandfather,Granddaughter,Grandfather-Granddaughter
56,2,Male,Female,Yes,Married,25.4,Grandfather,Granddaughter,Grandfather-Granddaughter
11,20,Male,Female,Yes,Single,3.3,Brother,Sister,Brother-Sister
54,0,Male,Female,Yes,Single,29.5,Grandfather,Granddaughter,Grandfather-Granddaughter
70,17,Female,Female,Yes,Married,20.4,Grandmother,Granddaughter,Grandmother-Granddaughter
52,8,Male,Female,Yes,Divorced,21.6,Father,Daughter,Father-Daughter
14,19,Female,Female,Yes,Single,24.5,Sister,Sister,Sister-Sister
36,28,Female,Female,Yes,Single,13.9,Sister,Sister,Sister-Sister
57,58,Female,Female,Yes,Single,5.5,Sister,Sister,Sister-Sister
41,7,Male,Male,Yes,Single,5.1,Father,Son,Father-Son
50,11,Female,Female,Yes,Divorced,14.7,Mother,Daughter,Mother-Daughter
29,21,Male,Female,Yes,Married,5.1,Husband,Wife,Husband-Wife
47,44,Male,Male,Yes,Single,22.1,Brother,Brother,Brother-Brother
44,3,Female,Female,Yes,Single,6.5,Mother,Daughter,Mother-Daughter
30,36,Male,Female,Yes,Single,20.0,Brother,Sister,Brother-Sister
36,45,Female,Female,Yes,Single,9.6,Sister,Sister,Sister-Sister
83,20,Male,Female,Yes,Divorced,27.9,Grandfather,Granddaughter,Grandfather-Granddaughter
85,35,Male,Male,Yes,Married,12.5,Grandfather,Grandson,Grandfather-Grandson
76,1,Male,Male,Yes,Divorced,9.9,Grandfather,Grandson,Grandfather-Grandson
69,18,Male,Female,Yes,Married,25.6,Father,Daughter,Father-Daughter
43,23,Male,Male,Yes,Divorced,25.9,Father,Son,Father-Son
32,36,Male,Male,Yes,Single,3.9,Brother,Brother,Brother-Brother
53,63,Male,Female,Yes,Single,3.6,Brother,Sister,Brother-Sister
62,18,Male,Female,Yes,Divorced,27.0,Father,Daughter,Father-Daughter
66,74,Male,Female,Yes,Married,17.8,Husband,Wife,Husband-Wife
25,27,Male,Female,No,Single,25.7,Roommate,Roommate,Unrelated
81,18,Male,Male,Yes,Married,3.5,Grandfather,Grandson,Grandfather-Grandson
50,50,Male,Female,Yes,Married,26.2,Husband,Wife,Husband-Wife
75,23,Female,Female,Yes,Widowed,11.4,Grandmother,Granddaughter,Grandmother-Granddaughter
43,47,Male,Female,Yes,Single,18.5,Brother,Sister,Brother-Sister
80,26,Female,Male,Yes,Widowed,9.3,Grandmother,Grandson,Grandmother-Grandson
72,27,Male,Male,Yes,Single,12.8,Grandfather,Grandson,Grandfather-Grandson
29,9,Female,Female,Yes,Divorced,10.6,Mother,Daughter,Mother-Daughter
56,62,Female,Female,Yes,Single,2.5,Sister,Sister,Sister-Sister
77,26,Female,Male,Yes,Divorced,8.6,Grandmother,Grandson,Grandmother-Grandson
25,1,Female,Female,Yes,Divorced,24.9,Mother,Daughter,Mother-Daughter
56,64,Male,Female,Yes,Married,25.4,Husband,Wife,Husband-Wife
53,5,Male,Female,Yes,Widowed,18.2,Grandfather,Granddaughter,Grandfather-Granddaughter
68,18,Female,Female,Yes,Married,16.0,Grandmother,Granddaughter,Grandmother-Granddaughter
39,6,Female,Male,Yes,Divorced,13.2,Mother,Son,Mother-Son
47,57,Male,Female,Yes,Married,17.2,Husband,Wife,Husband-Wife
47,25,Male,Male,Yes,Married,7.8,Father,Son,Father-Son
55,36,Female,Female,Yes,Widowed,22.8,Mother,Daughter,Mother-Daughter
61,50,Male,Female,Yes,Married,3.5,Husband,Wife,Husband-Wife
48,55,Male,Female,Yes,Married,11.0,Husband,Wife,Husband-Wife
83,40,Male,Female,Yes,Widowed,8.0,Grandfather,Granddaughter,Grandfather-Granddaughter
58,19,Male,Female,Yes,Widowed,14.9,Grandfather,Granddaughter,Grandfather-Granddaughter
83,30,Male,Female,Yes,Single,22.2,Grandfather,Granddaughter,Grandfather-Granddaughter
61,25,Female,Male,Yes,Single,2.9,Grandmother,Grandson,Grandmother-Grandson
39,17,Male,Female,Yes,Single,5.9,Father,Daughter,Father-Daughter
53,26,Male,Female,Yes,Single,26.1,Father,Daughter,Father-Daughter
63,8,Male,Male,Yes,Divorced,29.6,Father,Son,Father-Son
66,0,Female,Male,Yes,Widowed,21.7,Grandmother,Grandson,Grandmother-Grandson
50,14,Female,Female,Yes,Married,2.0,Mother,Daughter,Mother-Daughter
61,8,Female,Male,Yes,Married,27.7,Mother,Son,Mother-Son
57,63,Male,Female,Yes,Single,19.4,Brother,Sister,Brother-Sister
59,3,Male,Female,Yes,Married,30.0,Grandfather,Granddaughter,Grandfather-Granddaughter
48,39,Male,Female,Yes,Single,8.0,Brother,Sister,Brother-Sister
32,1,Female,Female,Yes,Widowed,28.8,Mother,Daughter,Mother-Daughter
26,4,Female,Male,Yes,Single,22.1,Mother,Son,Mother-Son
21,18,Male,Female,Yes,Married,4.4,Husband,Wife,Husband-Wife
61,34,Male,Male,Yes,Single,10.8,Father,Son,Father-Son
70,21,Male,Male,Yes,Single,27.1,Grandfather,Grandson,Grandfather-Grandson
46,57,Male,Female,Yes,Married,12.5,Husband,Wife,Husband-Wife
30,7,Female,Male,Yes,Widowed,9.2,Mother,Son,Mother-Son
77,17,Female,Male,Yes,Divorced,15.1,Grandmother,Grandson,Grandmother-Grandson
5,0,Male,Male,Yes,Single,27.1,Brother,Brother,Brother-Brother
30,34,Male,Male,Yes,Single,15.8,Brother,Brother,Brother-Brother
44,26,Female,Male,No,Single,14.4,Roommate,Roommate,Unrelated
62,52,Male,Female,Yes,Married,9.9,Husband,Wife,Husband-Wife
38,2,Female,Female,Yes,Widowed,1.2,Mother,Daughter,Mother-Daughter
42,17,Male,Female,Yes,Divorced,10.4,Father,Daughter,Father-Daughter
58,0,Male,Male,Yes,Widowed,3.2,Father,Son,Father-Son
33,46,Male,Male,No,Single,23.1,Roommate,Roommate,Unrelated
23,29,Female,Female,Yes,Single,17.5,Sister,Sister,Sister-Sister
40,0,Male,Male,Yes,Single,14.7,Father,Son,Father-Son
22,31,Female,Male,No,Single,5.8,Roommate,Roommate,Unrelated
66,9,Male,Male,Yes,Single,6.6,Father,Son,Father-Son
33,10,Male,Male,Yes,Widowed,16.2,Father,Son,Father-Son
20,18,Male,Male,Yes,Single,23.0,Brother,Brother,Brother-Brother
42,29,Female,Female,No,Single,28.7,Roommate,Roommate,Unrelated
60,18,Male,Female,Yes,Widowed,26.3,Father,Daughter,Father-Daughter
12,5,Male,Male,Yes,Single,29.4,Brother,Brother,Brother-Brother
33,13,Male,Female,Yes,Married,9.0,Father,Daughter,Father-Daughter
56,34,Female,Male,Yes,Divorced,27.6,Mother,Son,Mother-Son
34,55,Male,Female,No,Single,9.2,Roommate,Roommate,Unrelated
76,16,Male,Female,Yes,Divorced,16.2,Grandfather,Granddaughter,Grandfather-Granddaughter
63,18,Female,Male,Yes,Single,9.5,Grandmother,Grandson,Grandmother-Grandson
83,46,Male,Female,Yes,Widowed,2.1,Grandfather,Granddaughter,Grandfather-Granddaughter
19,18,Female,Female,Yes,Single,25.8,Sister,Sister,Sister-Sister
66,18,Male,Female,Yes,Married,14.7,Grandfather,Granddaughter,Grandfather-Granddaughter
86,51,Female,Female,Yes,Widowed,17.6,Grandmother,Granddaughter,Grandmother-Granddaughter
55,5,Female,Male,Yes,Single,6.7,Grandmother,Grandson,Grandmother-Grandson
33,31,Male,Female,Yes,Married,8.4,Husband,Wife,Husband-Wife
69,19,Female,Female,Yes,Widowed,15.2,Grandmother,Granddaughter,Grandmother-Granddaughter
84,16,Male,Female,Yes,Widowed,28.8,Grandfather,Granddaughter,Grandfather-Granddaughter
60,58,Female,Female,Yes,Single,7.6,Sister,Sister,Sister-Sister
68,29,Male,Male,Yes,Divorced,7.7,Father,Son,Father-Son
8,18,Male,Male,Yes,Single,6.0,Brother,Brother,Brother-Brother
56,67,Male,Female,Yes,Married,7.8,Husband,Wife,Husband-Wife
73,29,Female,Female,Yes,Single,28.8,Grandmother,Granddaughter,Grandmother-Granddaughter
22,23,Male,Male,Yes,Single,7.3,Brother,Brother,Brother-Brother
44,8,Female,Male,Yes,Widowed,4.8,Mother,Son,Mother-Son
78,3,Male,Male,Yes,Single,11.8,Grandfather,Grandson,Grandfather-Grandson
43,17,Male,Female,Yes,Single,18.7,Father,Daughter,Father-Daughter
26,27,Male,Male,Yes,Single,24.2,Brother,Brother,Brother-Brother
84,1,Female,Male,Yes,Widowed,4.3,Grandmother,Grandson,Grandmother-Grandson
57,6,Female,Female,Yes,Widowed,11.0,Grandmother,Granddaughter,Grandmother-Granddaughter
56,22,Female,Female,No,Single,10.1,Roommate,Roommate,Unrelated
43,33,Female,Female,Yes,Single,4.0,Sister,Sister,Sister-Sister
54,59,Male,Female,Yes,Single,14.9,Brother,Sister,Brother-Sister
37,1,Male,Female,Yes,Widowed,19.8,Father,Daughter,Father-Daughter
32,32,Male,Female,Yes,Married,22.7,Husband,Wife,Husband-Wife
37,70,Male,Male,No,Single,21.7,Roommate,Roommate,Unrelated
27,33,Male,Female,Yes,Single,13.8,Brother,Sister,Brother-Sister
47,37,Female,Female,Yes,Single,16.8,Sister,Sister,Sister-Sister
31,45,Female,Female,No,Single,10.8,Roommate,Roommate,Unrelated
32,23,Male,Female,Yes,Single,24.0,Brother,Sister,Brother-Sister
78,16,Male,Female,Yes,Divorced,17.2,Grandfather,Granddaughter,Grandfather-Granddaughter
33,21,Male,Female,Yes,Married,9.1,Husband,Wife,Husband-Wife
65,11,Female,Male,Yes,Married,25.6,Grandmother,Grandson,Grandmother-Grandson
51,20,Male,Female,Yes,Married,15.8,Father,Daughter,Father-Daughter
51,31,Female,Female,Yes,Married,10.9,Mother,Daughter,Mother-Daughter
25,18,Male,Female,Yes,Single,27.7,Brother,Sister,Brother-Sister
51,49,Female,Female,Yes,Single,21.4,Sister,Sister,Sister-Sister
32,5,Female,Female,Yes,Widowed,10.7,Mother,Daughter,Mother-Daughter
56,5,Female,Male,Yes,Divorced,29.3,Mother,Son,Mother-Son
70,37,Male,Male,Yes,Widowed,1.2,Father,Son,Father-Son
62,35,Male,Male,No,Single,5.1,Roommate,Roommate,Unrelated
53,24,Female,Female,Yes,Married,9.3,Mother,Daughter,Mother-Daughter
71,13,Female,Male,Yes,Widowed,20.8,Grandmother,Grandson,Grandmother-Grandson
19,14,Male,Female,Yes,Single,18.7,Brother,Sister,Brother-Sister
61,58,Male,Male,No,Single,1.0,Roommate,Roommate,Unrelated
53,62,Male,Female,Yes,Married,14.3,Husband,Wife,Husband-Wife
53,24,Female,Male,Yes,Divorced,23.6,Mother,Son,Mother-Son
68,1,Male,Male,Yes,Single,25.3,Grandfather,Grandson,Grandfather-Grandson
51,15,Male,Male,Yes,Widowed,26.5,Grandfather,Grandson,Grandfather-Grandson
39,41,Male,Female,Yes,Single,12.9,Brother,Sister,Brother-Sister
52,22,Male,Female,Yes,Single,18.7,Father,Daughter,Father-Daughter
39,3,Female,Male,Yes,Divorced,17.4,Mother,Son,Mother-Son
50,58,Male,Male,Yes,Single,19.8,Brother,Brother,Brother-Brother
58,10,Male,Female,Yes,Single,2.4,Grandfather,Granddaughter,Grandfather-Granddaughter
82,5,Male,Female,Yes,Divorced,9.8,Grandfather,Granddaughter,Grandfather-Granddaughter
29,35,Male,Male,Yes,Single,17.9,Brother,Brother,Brother-Brother
26,26,Male,Female,Yes,Single,20.2,Brother,Sister,Brother-Sister
29,39,Male,Female,Yes,Married,12.6,Husband,Wife,Husband-Wife
64,21,Female,Male,Yes,Divorced,2.9,Mother,Son,Mother-Son
74,18,Female,Female,Yes,Married,23.9,Grandmother,Granddaughter,Grandmother-Granddaughter
90,54,Female,Female,Yes,Divorced,21.4,Grandmother,Granddaughter,Grandmother-Granddaughter
43,20,Female,Female,No,Single,18.9,Roommate,Roommate,Unrelated
32,6,Male,Male,Yes,Single,4.6,Father,Son,Father-Son
10,18,Male,Female,Yes,Single,6.7,Brother,Sister,Brother-Sister
36,44,Male,Female,Yes,Married,5.3,Husband,Wife,Husband-Wife
65,7,Male,Male,Yes,Divorced,6.4,Grandfather,Grandson,Grandfather-Grandson
84,18,Female,Male,Yes,Divorced,9.1,Grandmother,Grandson,Grandmother-Grandson
80,42,Female,Male,Yes,Married,5.8,Grandmother,Grandson,Grandmother-Grandson
45,23,Female,Male,Yes,Married,10.9,Mother,Son,Mother-Son
12,22,Female,Female,Yes,Single,15.6,Sister,Sister,Sister-Sister
61,27,Female,Female,Yes,Widowed,17.7,Mother,Daughter,Mother-Daughter
62,22,Male,Male,Yes,Single,17.1,Grandfather,Grandson,Grandfather-Grandson
62,60,Male,Female,Yes,Married,9.7,Husband,Wife,Husband-Wife
58,24,Female,Male,Yes,Single,23.7,Mother,Son,Mother-Son
64,4,Female,Female,Yes,Widowed,25.3,Mother,Daughter,Mother-Daughter
73,14,Female,Female,Yes,Single,0.8,Grandmother,Granddaughter,Grandmother-Granddaughter
31,0,Female,Male,Yes,Married,18.6,Mother,Son,Mother-Son
48,13,Female,Male,Yes,Divorced,4.4,Mother,Son,Mother-Son
62,7,Female,Female,Yes,Widowed,0.5,Mother,Daughter,Mother-Daughter
55,5,Female,Male,Yes,Single,14.1,Grandmother,Grandson,Grandmother-Grandson
29,6,Female,Male,Yes,Widowed,22.0,Mother,Son,Mother-Son
56,18,Female,Female,No,Single,2.6,Roommate,Roommate,Unrelated
71,20,Male,Male,Yes,Single,17.0,Grandfather,Grandson,Grandfather-Grandson
76,4,Male,Female,Yes,Single,7.5,Grandfather,Granddaughter,Grandfather-Granddaughter
30,12,Female,Female,Yes,Divorced,19.4,Mother,Daughter,Mother-Daughter
48,7,Male,Male,Yes,Single,17.3,Father,Son,Father-Son
57,19,Female,Female,Yes,Divorced,26.6,Mother,Daughter,Mother-Daughter
55,55,Male,Female,Yes,Single,6.7,Brother,Sister,Brother-Sister
26,27,Male,Female,No,Single,14.1,Roommate,Roommate,Unrelated
50,6,Female,Female,Yes,Widowed,23.0,Grandmother,Granddaughter,Grandmother-Granddaughter
86,34,Male,Male,Yes,Married,13.2,Grandfather,Grandson,Grandfather-Grandson
56,30,Female,Male,Yes,Widowed,17.6,Mother,Son,Mother-Son
58,23,Male,Female,Yes,Widowed,14.7,Grandfather,Granddaughter,Grandfather-Granddaughter
67,34,Male,Male,Yes,Married,27.0,Father,Son,Father-Son
74,24,Female,Male,Yes,Divorced,24.2,Grandmother,Grandson,Grandmother-Grandson
28,2,Female,Female,Yes,Single,20.0,Mother,Daughter,Mother-Daughter
52,9,Female,Male,Yes,Widowed,17.3,Grandmother,Grandson,Grandmother-Grandson
43,24,Female,Female,Yes,Divorced,0.5,Mother,Daughter,Mother-Daughter
59,55,Male,Female,Yes,Single,1.8,Brother,Sister,Brother-Sister
60,12,Female,Female,Yes,Widowed,18.5,Grandmother,Granddaughter,Grandmother-Granddaughter
32,25,Male,Female,Yes,Single,20.8,Brother,Sister,Brother-Sister
41,14,Male,Male,Yes,Divorced,5.3,Father,Son,Father-Son
29,31,Male,Male,Yes,Single,10.4,Brother,Brother,Brother-Brother
27,27,Female,Female,Yes,Single,10.6,Sister,Sister,Sister-Sister
37,34,Male,Female,Yes,Married,3.6,Husband,Wife,Husband-Wife
53,53,Male,Female,Yes,Married,20.1,Husband,Wife,Husband-Wife
65,39,Female,Male,Yes,Widowed,6.9,Mother,Son,Mother-Son
43,48,Female,Female,Yes,Single,1.1,Sister,Sister,Sister-Sister
26,22,Female,Female,Yes,Single,14.5,Sister,Sister,Sister-Sister
58,22,Male,Male,Yes,Divorced,11.3,Grandfather,Grandson,Grandfather-Grandson
38,48,Female,Female,No,Single,10.3,Roommate,Roommate,Unrelated
40,42,Male,Female,Yes,Married,23.0,Husband,Wife,Husband-Wife
66,25,Female,Male,Yes,Divorced,11.6,Grandmother,Grandson,Grandmother-Grandson
60,27,Male,Female,Yes,Single,6.6,Father,Daughter,Father-Daughter
32,34,Female,Female,Yes,Single,10.8,Sister,Sister,Sister-Sister
64,44,Male,Male,Yes,Single,5.1,Father,Son,Father-Son
49,58,Male,Male,Yes,Single,28.9,Brother,Brother,Brother-Brother
50,22,Female,Male,Yes,Divorced,12.3,Mother,Son,Mother-Son
59,9,Male,Female,Yes,Single,17.3,Grandfather,Granddaughter,Grandfather-Granddaughter
50,2,Male,Female,Yes,Single,19.1,Grandfather,Granddaughter,Grandfather-Granddaughter
41,47,Male,Male,Yes,Single,25.2,Brother,Brother,Brother-Brother
69,17,Male,Female,Yes,Divorced,4.4,Father,Daughter,Father-Daughter
85,0,Male,Male,Yes,Single,12.6,Grandfather,Grandson,Grandfather-Grandson
30,12,Female,Male,Yes,Widowed,25.5,Mother,Son,Mother-Son
28,33,Female,Female,Yes,Single,21.2,Sister,Sister,Sister-Sister
34,39,Male,Male,Yes,Single,9.0,Brother,Brother,Brother-Brother
53,49,Male,Male,Yes,Single,7.0,Brother,Brother,Brother-Brother
55,6,Male,Female,Yes,Married,20.2,Father,Daughter,Father-Daughter
85,15,Female,Male,Yes,Married,3.9,Grandmother,Grandson,Grandmother-Grandson
43,6,Female,Male,Yes,Married,2.2,Mother,Son,Mother-Son
67,26,Male,Male,Yes,Widowed,7.5,Father,Son,Father-Son
25,35,Male,Male,Yes,Single,12.4,Brother,Brother,Brother-Brother
41,41,Male,Female,Yes,Single,19.4,Brother,Sister,Brother-Sister
44,56,Male,Female,Yes,Married,16.6,Husband,Wife,Husband-Wife
29,18,Male,Female,Yes,Married,4.3,Husband,Wife,Husband-Wife
86,20,Female,Female,Yes,Single,27.4,Grandmother,Granddaughter,Grandmother-Granddaughter
60,16,Male,Female,Yes,Single,17.8,Grandfather,Granddaughter,Grandfather-Granddaughter
34,35,Male,Female,No,Single,27.6,Roommate,Roommate,Unrelated
64,60,Male,Female,Yes,Married,21.7,Husband,Wife,Husband-Wife
69,23,Male,Male,Yes,Divorced,22.2,Grandfather,Grandson,Grandfather-Grandson
46,8,Male,Female,Yes,Widowed,21.6,Father,Daughter,Father-Daughter
84,23,Male,Female,Yes,Married,24.4,Grandfather,Granddaughter,Grandfather-Granddaughter
33,42,Male,Female,Yes,Married,2.4,Husband,Wife,Husband-Wife
68,50,Female,Male,No,Single,14.1,Roommate,Roommate,Unrelated
37,7,Female,Male,Yes,Married,15.2,Mother,Son,Mother-Son
49,49,Male,Female,Yes,Married,9.0,Husband,Wife,Husband-Wife
34,35,Male,Male,No,Single,15.0,Roommate,Roommate,Unrelated
15,7,Male,Male,Yes,Single,26.2,Brother,Brother,Brother-Brother
26,1,Female,Female,Yes,Widowed,14.2,Mother,Daughter,Mother-Daughter
56,58,Male,Female,No,Single,1.1,Roommate,Roommate,Unrelated
61,55,Male,Female,Yes,Married,3.0,Husband,Wife,Husband-Wife
29,37,Male,Male,Yes,Single,2.4,Brother,Brother,Brother-Brother
50,4,Male,Male,Yes,Widowed,5.0,Grandfather,Grandson,Grandfather-Grandson
31,12,Male,Female,Yes,Single,19.0,Father,Daughter,Father-Daughter
42,48,Female,Female,Yes,Single,10.2,Sister,Sister,Sister-Sister
10,3,Male,Male,Yes,Single,16.5,Brother,Brother,Brother-Brother
48,19,Female,Male,Yes,Divorced,5.6,Mother,Son,Mother-Son
82,37,Male,Male,Yes,Divorced,27.9,Grandfather,Grandson,Grandfather-Grandson
52,2,Male,Male,Yes,Divorced,6.7,Grandfather,Grandson,Grandfather-Grandson
51,4,Male,Female,Yes,Married,0.7,Grandfather,Granddaughter,Grandfather-Granddaughter
25,3,Female,Male,Yes,Widowed,14.9,Mother,Son,Mother-Son
23,18,Male,Female,Yes,Married,3.1,Husband,Wife,Husband-Wife
7,11,Female,Female,Yes,Single,13.9,Sister,Sister,Sister-Sister
61,7,Female,Female,Yes,Single,25.7,Grandmother,Granddaughter,Grandmother-Granddaughter
78,27,Male,Female,Yes,Single,5.7,Grandfather,Granddaughter,Grandfather-Granddaughter
56,29,Female,Female,Yes,Married,21.5,Mother,Daughter,Mother-Daughter
52,30,Male,Female,Yes,Widowed,13.5,Father,Daughter,Father-Daughter
78,41,Female,Male,Yes,Widowed,4.5,Grandmother,Grandson,Grandmother-Grandson
30,10,Male,Female,Yes,Married,10.1,Father,Daughter,Father-Daughter
68,21,Male,Female,Yes,Single,25.2,Grandfather,Granddaughter,Grandfather-Granddaughter
89,48,Female,Male,Yes,Divorced,28.0,Grandmother,Grandson,Grandmother-Grandson
33,23,Male,Female,Yes,Married,4.9,Husband,Wife,Husband-Wife
47,49,Female,Female,Yes,Single,28.9,Sister,Sister,Sister-Sister
50,14,Male,Male,Yes,Single,3.5,Father,Son,Father-Son
48,41,Male,Female,Yes,Single,23.5,Brother,Sister,Brother-Sister
54,1,Male,Female,Yes,Married,15.2,Grandfather,Granddaughter,Grandfather-Granddaughter
89,47,Female,Female,Yes,Divorced,23.4,Grandmother,Granddaughter,Grandmother-Granddaughter
60,22,Male,Male,Yes,Married,12.8,Grandfather,Grandson,Grandfather-Grandson
32,10,Male,Male,Yes,Divorced,9.6,Father,Son,Father-Son
74,37,Male,Female,Yes,Divorced,10.1,Grandfather,Granddaughter,Grandfather-Granddaughter
65,14,Male,Female,Yes,Married,9.9,Father,Daughter,Father-Daughter
46,40,Male,Male,Yes,Single,16.2,Brother,Brother,Brother-Brother
65,18,Female,Male,Yes,Single,15.2,Grandmother,Grandson,Grandmother-Grandson
48,56,Female,Female,Yes,Single,13.4,Sister,Sister,Sister-Sister
29,68,Male,Female,Yes,Single,29.1,Roommate,Roommate,Unrelated
66,30,Female,Male,Yes,Widowed,24.0,Grandmother,Grandson,Grandmother-Grandson
57,38,Female,Female,Yes,Married,14.5,Mother,Daughter,Mother-Daughter
53,3,Female,Female,Yes,Widowed,5.4,Grandmother,Granddaughter,Grandmother-Granddaughter
56,17,Female,Female,Yes,Widowed,17.6,Mother,Daughter,Mother-Daughter
73,22,Male,Female,Yes,Married,18.5,Grandfather,Granddaughter,Grandfather-Granddaughter
45,47,Male,Male,Yes,Single,8.1,Brother,Brother,Brother-Brother
69,17,Female,Male,Yes,Widowed,28.8,Grandmother,Grandson,Grandmother-Grandson
63,21,Male,Male,Yes,Widowed,25.4,Grandfather,Grandson,Grandfather-Grandson
47,45,Male,Male,Yes,Single,13.3,Brother,Brother,Brother-Brother
53,3,Male,Male,Yes,Single,1.1,Grandfather,Grandson,Grandfather-Grandson
34,28,Male,Male,Yes,Single,24.8,Brother,Brother,Brother-Brother
33,44,Male,Female,Yes,Married,15.0,Husband,Wife,Husband-Wife
52,29,Male,Male,Yes,Married,12.7,Father,Son,Father-Son
70,14,Male,Male,Yes,Divorced,28.3,Grandfather,Grandson,Grandfather-Grandson
25,32,Male,Female,Yes,Married,16.7,Husband,Wife,Husband-Wife
14,11,Female,Female,Yes,Single,12.8,Sister,Sister,Sister-Sister
29,61,Female,Male,No,Single,9.3,Roommate,Roommate,Unrelated
55,1,Female,Female,Yes,Widowed,15.8,Mother,Daughter,Mother-Daughter
32,5,Female,Male,Yes,Married,29.4,Mother,Son,Mother-Son
31,33,Male,Female,Yes,Married,9.8,Husband,Wife,Husband-Wife
54,1,Female,Female,Yes,Divorced,24.2,Mother,Daughter,Mother-Daughter
64,27,Female,Male,Yes,Widowed,22.8,Grandmother,Grandson,Grandmother-Grandson
65,14,Male,Male,Yes,Married,8.8,Father,Son,Father-Son
34,8,Female,Male,Yes,Married,24.3,Mother,Son,Mother-Son
41,46,Female,Female,Yes,Single,5.4,Sister,Sister,Sister-Sister
62,3,Male,Female,Yes,Single,11.8,Grandfather,Granddaughter,Grandfather-Granddaughter
81,35,Female,Female,Yes,Divorced,10.4,Grandmother,Granddaughter,Grandmother-Granddaughter
69,14,Female,Female,Yes,Single,11.9,Grandmother,Granddaughter,Grandmother-Granddaughter
74,34,Male,Male,Yes,Widowed,21.7,Grandfather,Grandson,Grandfather-Grandson
48,43,Female,Female,Yes,Single,26.7,Sister,Sister,Sister-Sister
42,37,Female,Female,Yes,Single,20.7,Sister,Sister,Sister-Sister
42,18,Female,Male,No,Single,4.8,Roommate,Roommate,Unrelated
34,13,Male,Female,Yes,Single,1.3,Father,Daughter,Father-Daughter
58,22,Female,Female,Yes,Divorced,19.2,Grandmother,Granddaughter,Grandmother-Granddaughter
51,16,Female,Male,Yes,Divorced,20.6,Grandmother,Grandson,Grandmother-Grandson
77,26,Male,Male,Yes,Married,2.8,Grandfather,Grandson,Grandfather-Grandson
78,30,Female,Male,Yes,Divorced,24.1,Grandmother,Grandson,Grandmother-Grandson
70,16,Male,Male,Yes,Widowed,16.1,Grandfather,Grandson,Grandfather-Grandson
51,14,Female,Male,Yes,Single,0.7,Grandmother,Grandson,Grandmother-Grandson
68,50,Male,Female,Yes,Single,5.8,Father,Daughter,Father-Daughter
45,38,Female,Female,No,Single,27.3,Roommate,Roommate,Unrelated
51,3,Male,Female,Yes,Single,22.6,Grandfather,Granddaughter,Grandfather-Granddaughter
66,34,Male,Female,Yes,Divorced,3.2,Father,Daughter,Father-Daughter
14,24,Male,Female,Yes,Single,5.0,Brother,Sister,Brother-Sister
41,16,Male,Male,Yes,Widowed,19.2,Father,Son,Father-Son
39,43,Male,Female,Yes,Married,1.5,Husband,Wife,Husband-Wife
54,18,Male,Male,Yes,Widowed,10.5,Grandfather,Grandson,Grandfather-Grandson
68,34,Male,Male,No,Single,12.1,Roommate,Roommate,Unrelated
75,7,Female,Male,Yes,Divorced,25.2,Grandmother,Grandson,Grandmother-Grandson
54,56,Male,Male,Yes,Single,12.5,Brother,Brother,Brother-Brother
45,2,Male,Female,Yes,Married,9.3,Father,Daughter,Father-Daughter
26,1,Female,Female,Yes,Married,8.5,Mother,Daughter,Mother-Daughter
59,21,Male,Female,Yes,Married,13.8,Grandfather,Granddaughter,Grandfather-Granddaughter
54,57,Male,Female,Yes,Single,12.1,Brother,Sister,Brother-Sister
63,36,Female,Male,Yes,Widowed,4.5,Mother,Son,Mother-Son
5,11,Male,Male,Yes,Single,21.3,Brother,Brother,Brother-Brother
84,14,Female,Male,Yes,Single,11.1,Grandmother,Grandson,Grandmother-Grandson
30,6,Male,Female,Yes,Single,4.9,Father,Daughter,Father-Daughter
22,48,Male,Female,No,Single,13.9,Roommate,Roommate,Unrelated
69,24,Male,Female,Yes,Widowed,26.7,Grandfather,Granddaughter,Grandfather-Granddaughter
28,19,Male,Female,Yes,Married,7.1,Husband,Wife,Husband-Wife
89,21,Male,Male,Yes,Married,25.4,Grandfather,Grandson,Grandfather-Grandson
21,66,Female,Male,No,Single,24.9,Roommate,Roommate,Unrelated
76,11,Male,Female,Yes,Married,12.1,Grandfather,Granddaughter,Grandfather-Granddaughter
58,27,Female,Female,Yes,Divorced,7.8,Mother,Daughter,Mother-Daughter
63,9,Male,Female,Yes,Married,3.8,Grandfather,Granddaughter,Grandfather-Granddaughter
64,22,Female,Male,Yes,Single,25.9,Grandmother,Grandson,Grandmother-Grandson
61,24,Female,Female,Yes,Married,4.6,Grandmother,Granddaughter,Grandmother-Granddaughter
70,65,Male,Female,Yes,Married,17.7,Husband,Wife,Husband-Wife
62,26,Female,Female,Yes,Married,27.6,Grandmother,Granddaughter,Grandmother-Granddaughter
33,38,Male,Female,Yes,Single,22.7,Brother,Sister,Brother-Sister
28,18,Male,Male,Yes,Single,8.6,Brother,Brother,Brother-Brother
44,3,Male,Female,Yes,Single,24.2,Father,Daughter,Father-Daughter
40,14,Male,Female,Yes,Single,14.7,Father,Daughter,Father-Daughter
67,13,Female,Male,Yes,Single,3.1,Grandmother,Grandson,Grandmother-Grandson
60,1,Female,Male,Yes,Widowed,23.6,Mother,Son,Mother-Son
7,16,Female,Female,Yes,Single,6.1,Sister,Sister,Sister-Sister
59,16,Female,Female,Yes,Married,25.1,Mother,Daughter,Mother-Daughter
60,2,Female,Female,Yes,Single,28.3,Mother,Daughter,Mother-Daughter
52,1,Male,Male,Yes,Widowed,7.6,Father,Son,Father-Son
89,26,Female,Female,Yes,Single,5.6,Grandmother,Granddaughter,Grandmother-Granddaughter
39,4,Female,Female,Yes,Widowed,4.8,Mother,Daughter,Mother-Daughter
34,9,Female,Male,Yes,Divorced,21.4,Mother,Son,Mother-Son
59,5,Female,Male,Yes,Divorced,0.9,Grandmother,Grandson,Grandmother-Grandson
50,16,Female,Female,Yes,Single,2.8,Mother,Daughter,Mother-Daughter
30,50,Male,Male,No,Single,21.7,Roommate,Roommate,Unrelated
60,4,Female,Female,Yes,Widowed,21.4,Grandmother,Granddaughter,Grandmother-Granddaughter
87,32,Male,Male,Yes,Divorced,15.2,Grandfather,Grandson,Grandfather-Grandson
34,43,Male,Male,Yes,Single,26.4,Brother,Brother,Brother-Brother
10,6,Male,Female,Yes,Single,17.2,Brother,Sister,Brother-Sister
63,44,Male,Female,Yes,Married,3.5,Father,Daughter,Father-Daughter
59,15,Male,Male,Yes,Widowed,29.7,Grandfather,Grandson,Grandfather-Grandson
5,2,Female,Female,Yes,Single,24.3,Sister,Sister,Sister-Sister
30,25,Female,Female,Yes,Single,18.6,Sister,Sister,Sister-Sister
47,12,Female,Female,Yes,Married,9.0,Mother,Daughter,Mother-Daughter
87,35,Male,Female,Yes,Married,1.1,Grandfather,Granddaughter,Grandfather-Granddaughter
33,14,Male,Male,Yes,Widowed,24.7,Father,Son,Father-Son
42,14,Female,Male,Yes,Widowed,25.9,Mother,Son,Mother-Son
84,10,Female,Male,Yes,Married,6.6,Grandmother,Grandson,Grandmother-Grandson
30,20,Male,Female,Yes,Married,27.4,Husband,Wife,Husband-Wife
10,16,Male,Female,Yes,Single,7.5,Brother,Sister,Brother-Sister
30,3,Male,Male,Yes,Divorced,8.9,Father,Son,Father-Son
64,24,Male,Male,Yes,Single,15.3,Grandfather,Grandson,Grandfather-Grandson
26,18,Male,Female,Yes,Married,20.5,Husband,Wife,Husband-Wife
36,35,Female,Female,Yes,Single,21.2,Sister,Sister,Sister-Sister
35,45,Male,Female,Yes,Married,4.6,Husband,Wife,Husband-Wife
42,9,Male,Female,Yes,Married,23.4,Father,Daughter,Father-Daughter
71,27,Male,Female,Yes,Divorced,10.0,Grandfather,Granddaughter,Grandfather-Granddaughter
